[2026-05-23T07:01:39.751+0000] {processor.py:186} INFO - Started process (PID=159) to work on /opt/airflow/dags/spark_interval_ingestion.py
[2026-05-23T07:01:39.752+0000] {processor.py:914} INFO - Processing file /opt/airflow/dags/spark_interval_ingestion.py for tasks to queue
[2026-05-23T07:01:39.753+0000] {logging_mixin.py:190} INFO - [2026-05-23T07:01:39.753+0000] {dagbag.py:588} INFO - Filling up the DagBag from /opt/airflow/dags/spark_interval_ingestion.py
[2026-05-23T07:01:39.765+0000] {processor.py:925} INFO - DAG(s) 'fraud_pipeline_bronze_hourly' retrieved from /opt/airflow/dags/spark_interval_ingestion.py
[2026-05-23T07:01:39.848+0000] {logging_mixin.py:190} INFO - [2026-05-23T07:01:39.848+0000] {override.py:1932} INFO - Created Permission View: can delete on DAG:fraud_pipeline_bronze_hourly
[2026-05-23T07:01:39.851+0000] {logging_mixin.py:190} INFO - [2026-05-23T07:01:39.851+0000] {override.py:1932} INFO - Created Permission View: can read on DAG:fraud_pipeline_bronze_hourly
[2026-05-23T07:01:39.852+0000] {logging_mixin.py:190} INFO - [2026-05-23T07:01:39.852+0000] {override.py:1932} INFO - Created Permission View: can edit on DAG:fraud_pipeline_bronze_hourly
[2026-05-23T07:01:39.854+0000] {logging_mixin.py:190} INFO - [2026-05-23T07:01:39.854+0000] {override.py:1932} INFO - Created Permission View: can delete on DAG Run:fraud_pipeline_bronze_hourly
[2026-05-23T07:01:39.855+0000] {logging_mixin.py:190} INFO - [2026-05-23T07:01:39.855+0000] {override.py:1932} INFO - Created Permission View: can read on DAG Run:fraud_pipeline_bronze_hourly
[2026-05-23T07:01:39.856+0000] {logging_mixin.py:190} INFO - [2026-05-23T07:01:39.856+0000] {override.py:1932} INFO - Created Permission View: can create on DAG Run:fraud_pipeline_bronze_hourly
[2026-05-23T07:01:39.858+0000] {logging_mixin.py:190} INFO - [2026-05-23T07:01:39.858+0000] {override.py:1932} INFO - Created Permission View: menu access on DAG Run:fraud_pipeline_bronze_hourly
[2026-05-23T07:01:39.858+0000] {logging_mixin.py:190} INFO - [2026-05-23T07:01:39.858+0000] {dag.py:3239} INFO - Sync 1 DAGs
[2026-05-23T07:01:39.861+0000] {logging_mixin.py:190} INFO - [2026-05-23T07:01:39.861+0000] {dag.py:3262} INFO - Creating ORM DAG for fraud_pipeline_bronze_hourly
[2026-05-23T07:01:39.864+0000] {logging_mixin.py:190} INFO - [2026-05-23T07:01:39.864+0000] {dag.py:4180} INFO - Setting next_dagrun for fraud_pipeline_bronze_hourly to 2026-05-23 06:55:00+00:00, run_after=2026-05-23 07:00:00+00:00
[2026-05-23T07:01:39.872+0000] {processor.py:208} INFO - Processing /opt/airflow/dags/spark_interval_ingestion.py took 0.123 seconds
[2026-05-23T07:02:09.945+0000] {processor.py:186} INFO - Started process (PID=164) to work on /opt/airflow/dags/spark_interval_ingestion.py
[2026-05-23T07:02:09.946+0000] {processor.py:914} INFO - Processing file /opt/airflow/dags/spark_interval_ingestion.py for tasks to queue
[2026-05-23T07:02:09.947+0000] {logging_mixin.py:190} INFO - [2026-05-23T07:02:09.947+0000] {dagbag.py:588} INFO - Filling up the DagBag from /opt/airflow/dags/spark_interval_ingestion.py
[2026-05-23T07:02:09.956+0000] {processor.py:925} INFO - DAG(s) 'fraud_pipeline_bronze_hourly' retrieved from /opt/airflow/dags/spark_interval_ingestion.py
[2026-05-23T07:02:09.974+0000] {logging_mixin.py:190} INFO - [2026-05-23T07:02:09.974+0000] {dag.py:3239} INFO - Sync 1 DAGs
[2026-05-23T07:02:09.985+0000] {logging_mixin.py:190} INFO - [2026-05-23T07:02:09.985+0000] {dag.py:4180} INFO - Setting next_dagrun for fraud_pipeline_bronze_hourly to 2026-05-23 06:55:00+00:00, run_after=2026-05-23 07:00:00+00:00
[2026-05-23T07:02:09.991+0000] {processor.py:208} INFO - Processing /opt/airflow/dags/spark_interval_ingestion.py took 0.050 seconds
[2026-05-23T07:02:40.183+0000] {processor.py:186} INFO - Started process (PID=169) to work on /opt/airflow/dags/spark_interval_ingestion.py
[2026-05-23T07:02:40.184+0000] {processor.py:914} INFO - Processing file /opt/airflow/dags/spark_interval_ingestion.py for tasks to queue
[2026-05-23T07:02:40.185+0000] {logging_mixin.py:190} INFO - [2026-05-23T07:02:40.184+0000] {dagbag.py:588} INFO - Filling up the DagBag from /opt/airflow/dags/spark_interval_ingestion.py
[2026-05-23T07:02:40.196+0000] {processor.py:925} INFO - DAG(s) 'fraud_pipeline_bronze_hourly' retrieved from /opt/airflow/dags/spark_interval_ingestion.py
[2026-05-23T07:02:40.215+0000] {logging_mixin.py:190} INFO - [2026-05-23T07:02:40.214+0000] {dag.py:3239} INFO - Sync 1 DAGs
[2026-05-23T07:02:40.225+0000] {logging_mixin.py:190} INFO - [2026-05-23T07:02:40.225+0000] {dag.py:4180} INFO - Setting next_dagrun for fraud_pipeline_bronze_hourly to 2026-05-23 06:55:00+00:00, run_after=2026-05-23 07:00:00+00:00
[2026-05-23T07:02:40.230+0000] {processor.py:208} INFO - Processing /opt/airflow/dags/spark_interval_ingestion.py took 0.053 seconds
[2026-05-23T07:03:10.365+0000] {processor.py:186} INFO - Started process (PID=174) to work on /opt/airflow/dags/spark_interval_ingestion.py
[2026-05-23T07:03:10.366+0000] {processor.py:914} INFO - Processing file /opt/airflow/dags/spark_interval_ingestion.py for tasks to queue
[2026-05-23T07:03:10.367+0000] {logging_mixin.py:190} INFO - [2026-05-23T07:03:10.367+0000] {dagbag.py:588} INFO - Filling up the DagBag from /opt/airflow/dags/spark_interval_ingestion.py
[2026-05-23T07:03:10.378+0000] {processor.py:925} INFO - DAG(s) 'fraud_pipeline_bronze_hourly' retrieved from /opt/airflow/dags/spark_interval_ingestion.py
[2026-05-23T07:03:10.394+0000] {logging_mixin.py:190} INFO - [2026-05-23T07:03:10.394+0000] {dag.py:3239} INFO - Sync 1 DAGs
[2026-05-23T07:03:10.404+0000] {logging_mixin.py:190} INFO - [2026-05-23T07:03:10.404+0000] {dag.py:4180} INFO - Setting next_dagrun for fraud_pipeline_bronze_hourly to 2026-05-23 06:55:00+00:00, run_after=2026-05-23 07:00:00+00:00
[2026-05-23T07:03:10.410+0000] {processor.py:208} INFO - Processing /opt/airflow/dags/spark_interval_ingestion.py took 0.049 seconds
[2026-05-23T07:03:40.561+0000] {processor.py:186} INFO - Started process (PID=179) to work on /opt/airflow/dags/spark_interval_ingestion.py
[2026-05-23T07:03:40.562+0000] {processor.py:914} INFO - Processing file /opt/airflow/dags/spark_interval_ingestion.py for tasks to queue
[2026-05-23T07:03:40.562+0000] {logging_mixin.py:190} INFO - [2026-05-23T07:03:40.562+0000] {dagbag.py:588} INFO - Filling up the DagBag from /opt/airflow/dags/spark_interval_ingestion.py
[2026-05-23T07:03:40.568+0000] {processor.py:925} INFO - DAG(s) 'fraud_pipeline_bronze_hourly' retrieved from /opt/airflow/dags/spark_interval_ingestion.py
[2026-05-23T07:03:40.580+0000] {logging_mixin.py:190} INFO - [2026-05-23T07:03:40.580+0000] {dag.py:3239} INFO - Sync 1 DAGs
[2026-05-23T07:03:40.589+0000] {logging_mixin.py:190} INFO - [2026-05-23T07:03:40.588+0000] {dag.py:4180} INFO - Setting next_dagrun for fraud_pipeline_bronze_hourly to 2026-05-23 06:55:00+00:00, run_after=2026-05-23 07:00:00+00:00
[2026-05-23T07:03:40.594+0000] {processor.py:208} INFO - Processing /opt/airflow/dags/spark_interval_ingestion.py took 0.035 seconds
[2026-05-23T07:04:10.762+0000] {processor.py:186} INFO - Started process (PID=184) to work on /opt/airflow/dags/spark_interval_ingestion.py
[2026-05-23T07:04:10.763+0000] {processor.py:914} INFO - Processing file /opt/airflow/dags/spark_interval_ingestion.py for tasks to queue
[2026-05-23T07:04:10.764+0000] {logging_mixin.py:190} INFO - [2026-05-23T07:04:10.764+0000] {dagbag.py:588} INFO - Filling up the DagBag from /opt/airflow/dags/spark_interval_ingestion.py
[2026-05-23T07:04:10.772+0000] {processor.py:925} INFO - DAG(s) 'fraud_pipeline_bronze_hourly' retrieved from /opt/airflow/dags/spark_interval_ingestion.py
[2026-05-23T07:04:10.787+0000] {logging_mixin.py:190} INFO - [2026-05-23T07:04:10.787+0000] {dag.py:3239} INFO - Sync 1 DAGs
[2026-05-23T07:04:10.795+0000] {logging_mixin.py:190} INFO - [2026-05-23T07:04:10.795+0000] {dag.py:4180} INFO - Setting next_dagrun for fraud_pipeline_bronze_hourly to 2026-05-23 06:55:00+00:00, run_after=2026-05-23 07:00:00+00:00
[2026-05-23T07:04:10.802+0000] {processor.py:208} INFO - Processing /opt/airflow/dags/spark_interval_ingestion.py took 0.043 seconds
[2026-05-23T07:04:40.965+0000] {processor.py:186} INFO - Started process (PID=189) to work on /opt/airflow/dags/spark_interval_ingestion.py
[2026-05-23T07:04:40.966+0000] {processor.py:914} INFO - Processing file /opt/airflow/dags/spark_interval_ingestion.py for tasks to queue
[2026-05-23T07:04:40.967+0000] {logging_mixin.py:190} INFO - [2026-05-23T07:04:40.967+0000] {dagbag.py:588} INFO - Filling up the DagBag from /opt/airflow/dags/spark_interval_ingestion.py
[2026-05-23T07:04:40.977+0000] {processor.py:925} INFO - DAG(s) 'fraud_pipeline_bronze_hourly' retrieved from /opt/airflow/dags/spark_interval_ingestion.py
[2026-05-23T07:04:40.994+0000] {logging_mixin.py:190} INFO - [2026-05-23T07:04:40.994+0000] {dag.py:3239} INFO - Sync 1 DAGs
[2026-05-23T07:04:41.004+0000] {logging_mixin.py:190} INFO - [2026-05-23T07:04:41.004+0000] {dag.py:4180} INFO - Setting next_dagrun for fraud_pipeline_bronze_hourly to 2026-05-23 06:55:00+00:00, run_after=2026-05-23 07:00:00+00:00
[2026-05-23T07:04:41.010+0000] {processor.py:208} INFO - Processing /opt/airflow/dags/spark_interval_ingestion.py took 0.051 seconds
[2026-05-23T07:05:11.171+0000] {processor.py:186} INFO - Started process (PID=194) to work on /opt/airflow/dags/spark_interval_ingestion.py
[2026-05-23T07:05:11.172+0000] {processor.py:914} INFO - Processing file /opt/airflow/dags/spark_interval_ingestion.py for tasks to queue
[2026-05-23T07:05:11.173+0000] {logging_mixin.py:190} INFO - [2026-05-23T07:05:11.173+0000] {dagbag.py:588} INFO - Filling up the DagBag from /opt/airflow/dags/spark_interval_ingestion.py
[2026-05-23T07:05:11.183+0000] {processor.py:925} INFO - DAG(s) 'fraud_pipeline_bronze_hourly' retrieved from /opt/airflow/dags/spark_interval_ingestion.py
[2026-05-23T07:05:11.200+0000] {logging_mixin.py:190} INFO - [2026-05-23T07:05:11.199+0000] {dag.py:3239} INFO - Sync 1 DAGs
[2026-05-23T07:05:11.209+0000] {logging_mixin.py:190} INFO - [2026-05-23T07:05:11.209+0000] {dag.py:4180} INFO - Setting next_dagrun for fraud_pipeline_bronze_hourly to 2026-05-23 07:00:00+00:00, run_after=2026-05-23 07:05:00+00:00
[2026-05-23T07:05:11.215+0000] {processor.py:208} INFO - Processing /opt/airflow/dags/spark_interval_ingestion.py took 0.049 seconds
[2026-05-23T07:05:41.374+0000] {processor.py:186} INFO - Started process (PID=199) to work on /opt/airflow/dags/spark_interval_ingestion.py
[2026-05-23T07:05:41.374+0000] {processor.py:914} INFO - Processing file /opt/airflow/dags/spark_interval_ingestion.py for tasks to queue
[2026-05-23T07:05:41.375+0000] {logging_mixin.py:190} INFO - [2026-05-23T07:05:41.375+0000] {dagbag.py:588} INFO - Filling up the DagBag from /opt/airflow/dags/spark_interval_ingestion.py
[2026-05-23T07:05:41.385+0000] {processor.py:925} INFO - DAG(s) 'fraud_pipeline_bronze_hourly' retrieved from /opt/airflow/dags/spark_interval_ingestion.py
[2026-05-23T07:05:41.406+0000] {logging_mixin.py:190} INFO - [2026-05-23T07:05:41.405+0000] {dag.py:3239} INFO - Sync 1 DAGs
[2026-05-23T07:05:41.415+0000] {logging_mixin.py:190} INFO - [2026-05-23T07:05:41.415+0000] {dag.py:4180} INFO - Setting next_dagrun for fraud_pipeline_bronze_hourly to 2026-05-23 07:00:00+00:00, run_after=2026-05-23 07:05:00+00:00
[2026-05-23T07:05:41.420+0000] {processor.py:208} INFO - Processing /opt/airflow/dags/spark_interval_ingestion.py took 0.052 seconds
[2026-05-23T07:06:11.553+0000] {processor.py:186} INFO - Started process (PID=204) to work on /opt/airflow/dags/spark_interval_ingestion.py
[2026-05-23T07:06:11.554+0000] {processor.py:914} INFO - Processing file /opt/airflow/dags/spark_interval_ingestion.py for tasks to queue
[2026-05-23T07:06:11.554+0000] {logging_mixin.py:190} INFO - [2026-05-23T07:06:11.554+0000] {dagbag.py:588} INFO - Filling up the DagBag from /opt/airflow/dags/spark_interval_ingestion.py
[2026-05-23T07:06:11.561+0000] {processor.py:925} INFO - DAG(s) 'fraud_pipeline_bronze_hourly' retrieved from /opt/airflow/dags/spark_interval_ingestion.py
[2026-05-23T07:06:11.574+0000] {logging_mixin.py:190} INFO - [2026-05-23T07:06:11.574+0000] {dag.py:3239} INFO - Sync 1 DAGs
[2026-05-23T07:06:11.583+0000] {logging_mixin.py:190} INFO - [2026-05-23T07:06:11.583+0000] {dag.py:4180} INFO - Setting next_dagrun for fraud_pipeline_bronze_hourly to 2026-05-23 07:00:00+00:00, run_after=2026-05-23 07:05:00+00:00
[2026-05-23T07:06:11.589+0000] {processor.py:208} INFO - Processing /opt/airflow/dags/spark_interval_ingestion.py took 0.039 seconds
[2026-05-23T07:06:41.763+0000] {processor.py:186} INFO - Started process (PID=209) to work on /opt/airflow/dags/spark_interval_ingestion.py
[2026-05-23T07:06:41.763+0000] {processor.py:914} INFO - Processing file /opt/airflow/dags/spark_interval_ingestion.py for tasks to queue
[2026-05-23T07:06:41.764+0000] {logging_mixin.py:190} INFO - [2026-05-23T07:06:41.764+0000] {dagbag.py:588} INFO - Filling up the DagBag from /opt/airflow/dags/spark_interval_ingestion.py
[2026-05-23T07:06:41.774+0000] {processor.py:925} INFO - DAG(s) 'fraud_pipeline_bronze_hourly' retrieved from /opt/airflow/dags/spark_interval_ingestion.py
[2026-05-23T07:06:41.788+0000] {logging_mixin.py:190} INFO - [2026-05-23T07:06:41.788+0000] {dag.py:3239} INFO - Sync 1 DAGs
[2026-05-23T07:06:41.797+0000] {logging_mixin.py:190} INFO - [2026-05-23T07:06:41.797+0000] {dag.py:4180} INFO - Setting next_dagrun for fraud_pipeline_bronze_hourly to 2026-05-23 07:00:00+00:00, run_after=2026-05-23 07:05:00+00:00
[2026-05-23T07:06:41.803+0000] {processor.py:208} INFO - Processing /opt/airflow/dags/spark_interval_ingestion.py took 0.045 seconds
[2026-05-23T07:07:11.962+0000] {processor.py:186} INFO - Started process (PID=214) to work on /opt/airflow/dags/spark_interval_ingestion.py
[2026-05-23T07:07:11.962+0000] {processor.py:914} INFO - Processing file /opt/airflow/dags/spark_interval_ingestion.py for tasks to queue
[2026-05-23T07:07:11.964+0000] {logging_mixin.py:190} INFO - [2026-05-23T07:07:11.963+0000] {dagbag.py:588} INFO - Filling up the DagBag from /opt/airflow/dags/spark_interval_ingestion.py
[2026-05-23T07:07:11.977+0000] {processor.py:925} INFO - DAG(s) 'fraud_pipeline_bronze_hourly' retrieved from /opt/airflow/dags/spark_interval_ingestion.py
[2026-05-23T07:07:11.995+0000] {logging_mixin.py:190} INFO - [2026-05-23T07:07:11.995+0000] {dag.py:3239} INFO - Sync 1 DAGs
[2026-05-23T07:07:12.006+0000] {logging_mixin.py:190} INFO - [2026-05-23T07:07:12.006+0000] {dag.py:4180} INFO - Setting next_dagrun for fraud_pipeline_bronze_hourly to 2026-05-23 07:00:00+00:00, run_after=2026-05-23 07:05:00+00:00
[2026-05-23T07:07:12.012+0000] {processor.py:208} INFO - Processing /opt/airflow/dags/spark_interval_ingestion.py took 0.057 seconds
[2026-05-23T07:07:42.145+0000] {processor.py:186} INFO - Started process (PID=219) to work on /opt/airflow/dags/spark_interval_ingestion.py
[2026-05-23T07:07:42.146+0000] {processor.py:914} INFO - Processing file /opt/airflow/dags/spark_interval_ingestion.py for tasks to queue
[2026-05-23T07:07:42.147+0000] {logging_mixin.py:190} INFO - [2026-05-23T07:07:42.147+0000] {dagbag.py:588} INFO - Filling up the DagBag from /opt/airflow/dags/spark_interval_ingestion.py
[2026-05-23T07:07:42.157+0000] {processor.py:925} INFO - DAG(s) 'fraud_pipeline_bronze_hourly' retrieved from /opt/airflow/dags/spark_interval_ingestion.py
[2026-05-23T07:07:42.176+0000] {logging_mixin.py:190} INFO - [2026-05-23T07:07:42.176+0000] {dag.py:3239} INFO - Sync 1 DAGs
[2026-05-23T07:07:42.186+0000] {logging_mixin.py:190} INFO - [2026-05-23T07:07:42.186+0000] {dag.py:4180} INFO - Setting next_dagrun for fraud_pipeline_bronze_hourly to 2026-05-23 07:00:00+00:00, run_after=2026-05-23 07:05:00+00:00
[2026-05-23T07:07:42.192+0000] {processor.py:208} INFO - Processing /opt/airflow/dags/spark_interval_ingestion.py took 0.053 seconds
[2026-05-23T07:08:12.344+0000] {processor.py:186} INFO - Started process (PID=224) to work on /opt/airflow/dags/spark_interval_ingestion.py
[2026-05-23T07:08:12.345+0000] {processor.py:914} INFO - Processing file /opt/airflow/dags/spark_interval_ingestion.py for tasks to queue
[2026-05-23T07:08:12.345+0000] {logging_mixin.py:190} INFO - [2026-05-23T07:08:12.345+0000] {dagbag.py:588} INFO - Filling up the DagBag from /opt/airflow/dags/spark_interval_ingestion.py
[2026-05-23T07:08:12.353+0000] {processor.py:925} INFO - DAG(s) 'fraud_pipeline_bronze_hourly' retrieved from /opt/airflow/dags/spark_interval_ingestion.py
[2026-05-23T07:08:12.369+0000] {logging_mixin.py:190} INFO - [2026-05-23T07:08:12.369+0000] {dag.py:3239} INFO - Sync 1 DAGs
[2026-05-23T07:08:12.380+0000] {logging_mixin.py:190} INFO - [2026-05-23T07:08:12.380+0000] {dag.py:4180} INFO - Setting next_dagrun for fraud_pipeline_bronze_hourly to 2026-05-23 07:00:00+00:00, run_after=2026-05-23 07:05:00+00:00
[2026-05-23T07:08:12.386+0000] {processor.py:208} INFO - Processing /opt/airflow/dags/spark_interval_ingestion.py took 0.046 seconds
[2026-05-23T07:08:42.551+0000] {processor.py:186} INFO - Started process (PID=229) to work on /opt/airflow/dags/spark_interval_ingestion.py
[2026-05-23T07:08:42.552+0000] {processor.py:914} INFO - Processing file /opt/airflow/dags/spark_interval_ingestion.py for tasks to queue
[2026-05-23T07:08:42.553+0000] {logging_mixin.py:190} INFO - [2026-05-23T07:08:42.553+0000] {dagbag.py:588} INFO - Filling up the DagBag from /opt/airflow/dags/spark_interval_ingestion.py
[2026-05-23T07:08:42.562+0000] {processor.py:925} INFO - DAG(s) 'fraud_pipeline_bronze_hourly' retrieved from /opt/airflow/dags/spark_interval_ingestion.py
[2026-05-23T07:08:42.579+0000] {logging_mixin.py:190} INFO - [2026-05-23T07:08:42.579+0000] {dag.py:3239} INFO - Sync 1 DAGs
[2026-05-23T07:08:42.589+0000] {logging_mixin.py:190} INFO - [2026-05-23T07:08:42.589+0000] {dag.py:4180} INFO - Setting next_dagrun for fraud_pipeline_bronze_hourly to 2026-05-23 07:00:00+00:00, run_after=2026-05-23 07:05:00+00:00
[2026-05-23T07:08:42.595+0000] {processor.py:208} INFO - Processing /opt/airflow/dags/spark_interval_ingestion.py took 0.049 seconds
[2026-05-23T07:09:12.749+0000] {processor.py:186} INFO - Started process (PID=234) to work on /opt/airflow/dags/spark_interval_ingestion.py
[2026-05-23T07:09:12.749+0000] {processor.py:914} INFO - Processing file /opt/airflow/dags/spark_interval_ingestion.py for tasks to queue
[2026-05-23T07:09:12.750+0000] {logging_mixin.py:190} INFO - [2026-05-23T07:09:12.750+0000] {dagbag.py:588} INFO - Filling up the DagBag from /opt/airflow/dags/spark_interval_ingestion.py
[2026-05-23T07:09:12.755+0000] {processor.py:925} INFO - DAG(s) 'fraud_pipeline_bronze_hourly' retrieved from /opt/airflow/dags/spark_interval_ingestion.py
[2026-05-23T07:09:12.768+0000] {logging_mixin.py:190} INFO - [2026-05-23T07:09:12.768+0000] {dag.py:3239} INFO - Sync 1 DAGs
[2026-05-23T07:09:12.778+0000] {logging_mixin.py:190} INFO - [2026-05-23T07:09:12.778+0000] {dag.py:4180} INFO - Setting next_dagrun for fraud_pipeline_bronze_hourly to 2026-05-23 07:00:00+00:00, run_after=2026-05-23 07:05:00+00:00
[2026-05-23T07:09:12.784+0000] {processor.py:208} INFO - Processing /opt/airflow/dags/spark_interval_ingestion.py took 0.037 seconds
[2026-05-23T07:09:42.979+0000] {processor.py:186} INFO - Started process (PID=239) to work on /opt/airflow/dags/spark_interval_ingestion.py
[2026-05-23T07:09:42.980+0000] {processor.py:914} INFO - Processing file /opt/airflow/dags/spark_interval_ingestion.py for tasks to queue
[2026-05-23T07:09:42.981+0000] {logging_mixin.py:190} INFO - [2026-05-23T07:09:42.981+0000] {dagbag.py:588} INFO - Filling up the DagBag from /opt/airflow/dags/spark_interval_ingestion.py
[2026-05-23T07:09:42.994+0000] {processor.py:925} INFO - DAG(s) 'fraud_pipeline_bronze_hourly' retrieved from /opt/airflow/dags/spark_interval_ingestion.py
[2026-05-23T07:09:43.013+0000] {logging_mixin.py:190} INFO - [2026-05-23T07:09:43.013+0000] {dag.py:3239} INFO - Sync 1 DAGs
[2026-05-23T07:09:43.023+0000] {logging_mixin.py:190} INFO - [2026-05-23T07:09:43.023+0000] {dag.py:4180} INFO - Setting next_dagrun for fraud_pipeline_bronze_hourly to 2026-05-23 07:00:00+00:00, run_after=2026-05-23 07:05:00+00:00
[2026-05-23T07:09:43.029+0000] {processor.py:208} INFO - Processing /opt/airflow/dags/spark_interval_ingestion.py took 0.055 seconds
[2026-05-23T07:10:13.151+0000] {processor.py:186} INFO - Started process (PID=244) to work on /opt/airflow/dags/spark_interval_ingestion.py
[2026-05-23T07:10:13.152+0000] {processor.py:914} INFO - Processing file /opt/airflow/dags/spark_interval_ingestion.py for tasks to queue
[2026-05-23T07:10:13.153+0000] {logging_mixin.py:190} INFO - [2026-05-23T07:10:13.153+0000] {dagbag.py:588} INFO - Filling up the DagBag from /opt/airflow/dags/spark_interval_ingestion.py
[2026-05-23T07:10:13.162+0000] {processor.py:925} INFO - DAG(s) 'fraud_pipeline_bronze_hourly' retrieved from /opt/airflow/dags/spark_interval_ingestion.py
[2026-05-23T07:10:13.180+0000] {logging_mixin.py:190} INFO - [2026-05-23T07:10:13.180+0000] {dag.py:3239} INFO - Sync 1 DAGs
[2026-05-23T07:10:13.192+0000] {logging_mixin.py:190} INFO - [2026-05-23T07:10:13.192+0000] {dag.py:4180} INFO - Setting next_dagrun for fraud_pipeline_bronze_hourly to 2026-05-23 07:05:00+00:00, run_after=2026-05-23 07:10:00+00:00
[2026-05-23T07:10:13.199+0000] {processor.py:208} INFO - Processing /opt/airflow/dags/spark_interval_ingestion.py took 0.052 seconds
[2026-05-23T07:10:43.335+0000] {processor.py:186} INFO - Started process (PID=249) to work on /opt/airflow/dags/spark_interval_ingestion.py
[2026-05-23T07:10:43.335+0000] {processor.py:914} INFO - Processing file /opt/airflow/dags/spark_interval_ingestion.py for tasks to queue
[2026-05-23T07:10:43.336+0000] {logging_mixin.py:190} INFO - [2026-05-23T07:10:43.336+0000] {dagbag.py:588} INFO - Filling up the DagBag from /opt/airflow/dags/spark_interval_ingestion.py
[2026-05-23T07:10:43.342+0000] {processor.py:925} INFO - DAG(s) 'fraud_pipeline_bronze_hourly' retrieved from /opt/airflow/dags/spark_interval_ingestion.py
[2026-05-23T07:10:43.356+0000] {logging_mixin.py:190} INFO - [2026-05-23T07:10:43.356+0000] {dag.py:3239} INFO - Sync 1 DAGs
[2026-05-23T07:10:43.366+0000] {logging_mixin.py:190} INFO - [2026-05-23T07:10:43.366+0000] {dag.py:4180} INFO - Setting next_dagrun for fraud_pipeline_bronze_hourly to 2026-05-23 07:05:00+00:00, run_after=2026-05-23 07:10:00+00:00
[2026-05-23T07:10:43.372+0000] {processor.py:208} INFO - Processing /opt/airflow/dags/spark_interval_ingestion.py took 0.040 seconds
[2026-05-23T07:11:13.544+0000] {processor.py:186} INFO - Started process (PID=254) to work on /opt/airflow/dags/spark_interval_ingestion.py
[2026-05-23T07:11:13.545+0000] {processor.py:914} INFO - Processing file /opt/airflow/dags/spark_interval_ingestion.py for tasks to queue
[2026-05-23T07:11:13.545+0000] {logging_mixin.py:190} INFO - [2026-05-23T07:11:13.545+0000] {dagbag.py:588} INFO - Filling up the DagBag from /opt/airflow/dags/spark_interval_ingestion.py
[2026-05-23T07:11:13.555+0000] {processor.py:925} INFO - DAG(s) 'fraud_pipeline_bronze_hourly' retrieved from /opt/airflow/dags/spark_interval_ingestion.py
[2026-05-23T07:11:13.573+0000] {logging_mixin.py:190} INFO - [2026-05-23T07:11:13.573+0000] {dag.py:3239} INFO - Sync 1 DAGs
[2026-05-23T07:11:13.583+0000] {logging_mixin.py:190} INFO - [2026-05-23T07:11:13.583+0000] {dag.py:4180} INFO - Setting next_dagrun for fraud_pipeline_bronze_hourly to 2026-05-23 07:05:00+00:00, run_after=2026-05-23 07:10:00+00:00
[2026-05-23T07:11:13.589+0000] {processor.py:208} INFO - Processing /opt/airflow/dags/spark_interval_ingestion.py took 0.050 seconds
[2026-05-23T07:11:43.765+0000] {processor.py:186} INFO - Started process (PID=259) to work on /opt/airflow/dags/spark_interval_ingestion.py
[2026-05-23T07:11:43.765+0000] {processor.py:914} INFO - Processing file /opt/airflow/dags/spark_interval_ingestion.py for tasks to queue
[2026-05-23T07:11:43.767+0000] {logging_mixin.py:190} INFO - [2026-05-23T07:11:43.766+0000] {dagbag.py:588} INFO - Filling up the DagBag from /opt/airflow/dags/spark_interval_ingestion.py
[2026-05-23T07:11:43.781+0000] {processor.py:925} INFO - DAG(s) 'fraud_pipeline_bronze_hourly' retrieved from /opt/airflow/dags/spark_interval_ingestion.py
[2026-05-23T07:11:43.803+0000] {logging_mixin.py:190} INFO - [2026-05-23T07:11:43.802+0000] {dag.py:3239} INFO - Sync 1 DAGs
[2026-05-23T07:11:43.814+0000] {logging_mixin.py:190} INFO - [2026-05-23T07:11:43.814+0000] {dag.py:4180} INFO - Setting next_dagrun for fraud_pipeline_bronze_hourly to 2026-05-23 07:05:00+00:00, run_after=2026-05-23 07:10:00+00:00
[2026-05-23T07:11:43.821+0000] {processor.py:208} INFO - Processing /opt/airflow/dags/spark_interval_ingestion.py took 0.061 seconds
[2026-05-23T07:12:14.006+0000] {processor.py:186} INFO - Started process (PID=264) to work on /opt/airflow/dags/spark_interval_ingestion.py
[2026-05-23T07:12:14.007+0000] {processor.py:914} INFO - Processing file /opt/airflow/dags/spark_interval_ingestion.py for tasks to queue
[2026-05-23T07:12:14.008+0000] {logging_mixin.py:190} INFO - [2026-05-23T07:12:14.008+0000] {dagbag.py:588} INFO - Filling up the DagBag from /opt/airflow/dags/spark_interval_ingestion.py
[2026-05-23T07:12:14.018+0000] {processor.py:925} INFO - DAG(s) 'fraud_pipeline_bronze_hourly' retrieved from /opt/airflow/dags/spark_interval_ingestion.py
[2026-05-23T07:12:14.036+0000] {logging_mixin.py:190} INFO - [2026-05-23T07:12:14.036+0000] {dag.py:3239} INFO - Sync 1 DAGs
[2026-05-23T07:12:14.047+0000] {logging_mixin.py:190} INFO - [2026-05-23T07:12:14.047+0000] {dag.py:4180} INFO - Setting next_dagrun for fraud_pipeline_bronze_hourly to 2026-05-23 07:05:00+00:00, run_after=2026-05-23 07:10:00+00:00
[2026-05-23T07:12:14.053+0000] {processor.py:208} INFO - Processing /opt/airflow/dags/spark_interval_ingestion.py took 0.052 seconds
[2026-05-23T07:12:44.207+0000] {processor.py:186} INFO - Started process (PID=269) to work on /opt/airflow/dags/spark_interval_ingestion.py
[2026-05-23T07:12:44.208+0000] {processor.py:914} INFO - Processing file /opt/airflow/dags/spark_interval_ingestion.py for tasks to queue
[2026-05-23T07:12:44.208+0000] {logging_mixin.py:190} INFO - [2026-05-23T07:12:44.208+0000] {dagbag.py:588} INFO - Filling up the DagBag from /opt/airflow/dags/spark_interval_ingestion.py
[2026-05-23T07:12:44.214+0000] {processor.py:925} INFO - DAG(s) 'fraud_pipeline_bronze_hourly' retrieved from /opt/airflow/dags/spark_interval_ingestion.py
[2026-05-23T07:12:44.227+0000] {logging_mixin.py:190} INFO - [2026-05-23T07:12:44.226+0000] {dag.py:3239} INFO - Sync 1 DAGs
[2026-05-23T07:12:44.236+0000] {logging_mixin.py:190} INFO - [2026-05-23T07:12:44.236+0000] {dag.py:4180} INFO - Setting next_dagrun for fraud_pipeline_bronze_hourly to 2026-05-23 07:05:00+00:00, run_after=2026-05-23 07:10:00+00:00
[2026-05-23T07:12:44.242+0000] {processor.py:208} INFO - Processing /opt/airflow/dags/spark_interval_ingestion.py took 0.037 seconds
[2026-05-23T07:13:14.413+0000] {processor.py:186} INFO - Started process (PID=274) to work on /opt/airflow/dags/spark_interval_ingestion.py
[2026-05-23T07:13:14.413+0000] {processor.py:914} INFO - Processing file /opt/airflow/dags/spark_interval_ingestion.py for tasks to queue
[2026-05-23T07:13:14.414+0000] {logging_mixin.py:190} INFO - [2026-05-23T07:13:14.414+0000] {dagbag.py:588} INFO - Filling up the DagBag from /opt/airflow/dags/spark_interval_ingestion.py
[2026-05-23T07:13:14.422+0000] {processor.py:925} INFO - DAG(s) 'fraud_pipeline_bronze_hourly' retrieved from /opt/airflow/dags/spark_interval_ingestion.py
[2026-05-23T07:13:14.436+0000] {logging_mixin.py:190} INFO - [2026-05-23T07:13:14.436+0000] {dag.py:3239} INFO - Sync 1 DAGs
[2026-05-23T07:13:14.448+0000] {logging_mixin.py:190} INFO - [2026-05-23T07:13:14.448+0000] {dag.py:4180} INFO - Setting next_dagrun for fraud_pipeline_bronze_hourly to 2026-05-23 07:05:00+00:00, run_after=2026-05-23 07:10:00+00:00
[2026-05-23T07:13:14.454+0000] {processor.py:208} INFO - Processing /opt/airflow/dags/spark_interval_ingestion.py took 0.044 seconds
[2026-05-23T07:13:44.635+0000] {processor.py:186} INFO - Started process (PID=279) to work on /opt/airflow/dags/spark_interval_ingestion.py
[2026-05-23T07:13:44.635+0000] {processor.py:914} INFO - Processing file /opt/airflow/dags/spark_interval_ingestion.py for tasks to queue
[2026-05-23T07:13:44.635+0000] {logging_mixin.py:190} INFO - [2026-05-23T07:13:44.635+0000] {dagbag.py:588} INFO - Filling up the DagBag from /opt/airflow/dags/spark_interval_ingestion.py
[2026-05-23T07:13:44.641+0000] {processor.py:925} INFO - DAG(s) 'fraud_pipeline_bronze_hourly' retrieved from /opt/airflow/dags/spark_interval_ingestion.py
[2026-05-23T07:13:44.652+0000] {logging_mixin.py:190} INFO - [2026-05-23T07:13:44.652+0000] {dag.py:3239} INFO - Sync 1 DAGs
[2026-05-23T07:13:44.661+0000] {logging_mixin.py:190} INFO - [2026-05-23T07:13:44.661+0000] {dag.py:4180} INFO - Setting next_dagrun for fraud_pipeline_bronze_hourly to 2026-05-23 07:05:00+00:00, run_after=2026-05-23 07:10:00+00:00
[2026-05-23T07:13:44.667+0000] {processor.py:208} INFO - Processing /opt/airflow/dags/spark_interval_ingestion.py took 0.036 seconds
[2026-05-23T07:14:14.831+0000] {processor.py:186} INFO - Started process (PID=284) to work on /opt/airflow/dags/spark_interval_ingestion.py
[2026-05-23T07:14:14.832+0000] {processor.py:914} INFO - Processing file /opt/airflow/dags/spark_interval_ingestion.py for tasks to queue
[2026-05-23T07:14:14.833+0000] {logging_mixin.py:190} INFO - [2026-05-23T07:14:14.832+0000] {dagbag.py:588} INFO - Filling up the DagBag from /opt/airflow/dags/spark_interval_ingestion.py
[2026-05-23T07:14:14.843+0000] {processor.py:925} INFO - DAG(s) 'fraud_pipeline_bronze_hourly' retrieved from /opt/airflow/dags/spark_interval_ingestion.py
[2026-05-23T07:14:14.860+0000] {logging_mixin.py:190} INFO - [2026-05-23T07:14:14.860+0000] {dag.py:3239} INFO - Sync 1 DAGs
[2026-05-23T07:14:14.870+0000] {logging_mixin.py:190} INFO - [2026-05-23T07:14:14.870+0000] {dag.py:4180} INFO - Setting next_dagrun for fraud_pipeline_bronze_hourly to 2026-05-23 07:05:00+00:00, run_after=2026-05-23 07:10:00+00:00
[2026-05-23T07:14:14.876+0000] {processor.py:208} INFO - Processing /opt/airflow/dags/spark_interval_ingestion.py took 0.051 seconds
[2026-05-23T07:14:45.057+0000] {processor.py:186} INFO - Started process (PID=289) to work on /opt/airflow/dags/spark_interval_ingestion.py
[2026-05-23T07:14:45.057+0000] {processor.py:914} INFO - Processing file /opt/airflow/dags/spark_interval_ingestion.py for tasks to queue
[2026-05-23T07:14:45.058+0000] {logging_mixin.py:190} INFO - [2026-05-23T07:14:45.058+0000] {dagbag.py:588} INFO - Filling up the DagBag from /opt/airflow/dags/spark_interval_ingestion.py
[2026-05-23T07:14:45.066+0000] {processor.py:925} INFO - DAG(s) 'fraud_pipeline_bronze_hourly' retrieved from /opt/airflow/dags/spark_interval_ingestion.py
[2026-05-23T07:14:45.080+0000] {logging_mixin.py:190} INFO - [2026-05-23T07:14:45.080+0000] {dag.py:3239} INFO - Sync 1 DAGs
[2026-05-23T07:14:45.090+0000] {logging_mixin.py:190} INFO - [2026-05-23T07:14:45.090+0000] {dag.py:4180} INFO - Setting next_dagrun for fraud_pipeline_bronze_hourly to 2026-05-23 07:05:00+00:00, run_after=2026-05-23 07:10:00+00:00
[2026-05-23T07:14:45.096+0000] {processor.py:208} INFO - Processing /opt/airflow/dags/spark_interval_ingestion.py took 0.042 seconds
[2026-05-23T07:15:15.264+0000] {processor.py:186} INFO - Started process (PID=294) to work on /opt/airflow/dags/spark_interval_ingestion.py
[2026-05-23T07:15:15.265+0000] {processor.py:914} INFO - Processing file /opt/airflow/dags/spark_interval_ingestion.py for tasks to queue
[2026-05-23T07:15:15.266+0000] {logging_mixin.py:190} INFO - [2026-05-23T07:15:15.266+0000] {dagbag.py:588} INFO - Filling up the DagBag from /opt/airflow/dags/spark_interval_ingestion.py
[2026-05-23T07:15:15.276+0000] {processor.py:925} INFO - DAG(s) 'fraud_pipeline_bronze_hourly' retrieved from /opt/airflow/dags/spark_interval_ingestion.py
[2026-05-23T07:15:15.294+0000] {logging_mixin.py:190} INFO - [2026-05-23T07:15:15.294+0000] {dag.py:3239} INFO - Sync 1 DAGs
[2026-05-23T07:15:15.305+0000] {logging_mixin.py:190} INFO - [2026-05-23T07:15:15.305+0000] {dag.py:4180} INFO - Setting next_dagrun for fraud_pipeline_bronze_hourly to 2026-05-23 07:10:00+00:00, run_after=2026-05-23 07:15:00+00:00
[2026-05-23T07:15:15.311+0000] {processor.py:208} INFO - Processing /opt/airflow/dags/spark_interval_ingestion.py took 0.053 seconds
[2026-05-23T07:15:45.469+0000] {processor.py:186} INFO - Started process (PID=299) to work on /opt/airflow/dags/spark_interval_ingestion.py
[2026-05-23T07:15:45.469+0000] {processor.py:914} INFO - Processing file /opt/airflow/dags/spark_interval_ingestion.py for tasks to queue
[2026-05-23T07:15:45.470+0000] {logging_mixin.py:190} INFO - [2026-05-23T07:15:45.470+0000] {dagbag.py:588} INFO - Filling up the DagBag from /opt/airflow/dags/spark_interval_ingestion.py
[2026-05-23T07:15:45.475+0000] {processor.py:925} INFO - DAG(s) 'fraud_pipeline_bronze_hourly' retrieved from /opt/airflow/dags/spark_interval_ingestion.py
[2026-05-23T07:15:45.485+0000] {logging_mixin.py:190} INFO - [2026-05-23T07:15:45.485+0000] {dag.py:3239} INFO - Sync 1 DAGs
[2026-05-23T07:15:45.493+0000] {logging_mixin.py:190} INFO - [2026-05-23T07:15:45.493+0000] {dag.py:4180} INFO - Setting next_dagrun for fraud_pipeline_bronze_hourly to 2026-05-23 07:10:00+00:00, run_after=2026-05-23 07:15:00+00:00
[2026-05-23T07:15:45.499+0000] {processor.py:208} INFO - Processing /opt/airflow/dags/spark_interval_ingestion.py took 0.033 seconds
[2026-05-23T07:16:15.682+0000] {processor.py:186} INFO - Started process (PID=304) to work on /opt/airflow/dags/spark_interval_ingestion.py
[2026-05-23T07:16:15.683+0000] {processor.py:914} INFO - Processing file /opt/airflow/dags/spark_interval_ingestion.py for tasks to queue
[2026-05-23T07:16:15.685+0000] {logging_mixin.py:190} INFO - [2026-05-23T07:16:15.684+0000] {dagbag.py:588} INFO - Filling up the DagBag from /opt/airflow/dags/spark_interval_ingestion.py
[2026-05-23T07:16:15.695+0000] {processor.py:925} INFO - DAG(s) 'fraud_pipeline_bronze_hourly' retrieved from /opt/airflow/dags/spark_interval_ingestion.py
[2026-05-23T07:16:15.715+0000] {logging_mixin.py:190} INFO - [2026-05-23T07:16:15.715+0000] {dag.py:3239} INFO - Sync 1 DAGs
[2026-05-23T07:16:15.727+0000] {logging_mixin.py:190} INFO - [2026-05-23T07:16:15.727+0000] {dag.py:4180} INFO - Setting next_dagrun for fraud_pipeline_bronze_hourly to 2026-05-23 07:10:00+00:00, run_after=2026-05-23 07:15:00+00:00
[2026-05-23T07:16:15.738+0000] {processor.py:208} INFO - Processing /opt/airflow/dags/spark_interval_ingestion.py took 0.059 seconds
[2026-05-23T07:16:45.914+0000] {processor.py:186} INFO - Started process (PID=309) to work on /opt/airflow/dags/spark_interval_ingestion.py
[2026-05-23T07:16:45.914+0000] {processor.py:914} INFO - Processing file /opt/airflow/dags/spark_interval_ingestion.py for tasks to queue
[2026-05-23T07:16:45.915+0000] {logging_mixin.py:190} INFO - [2026-05-23T07:16:45.915+0000] {dagbag.py:588} INFO - Filling up the DagBag from /opt/airflow/dags/spark_interval_ingestion.py
[2026-05-23T07:16:45.924+0000] {processor.py:925} INFO - DAG(s) 'fraud_pipeline_bronze_hourly' retrieved from /opt/airflow/dags/spark_interval_ingestion.py
[2026-05-23T07:16:45.942+0000] {logging_mixin.py:190} INFO - [2026-05-23T07:16:45.942+0000] {dag.py:3239} INFO - Sync 1 DAGs
[2026-05-23T07:16:45.952+0000] {logging_mixin.py:190} INFO - [2026-05-23T07:16:45.952+0000] {dag.py:4180} INFO - Setting next_dagrun for fraud_pipeline_bronze_hourly to 2026-05-23 07:10:00+00:00, run_after=2026-05-23 07:15:00+00:00
[2026-05-23T07:16:45.958+0000] {processor.py:208} INFO - Processing /opt/airflow/dags/spark_interval_ingestion.py took 0.049 seconds
[2026-05-23T07:17:16.127+0000] {processor.py:186} INFO - Started process (PID=314) to work on /opt/airflow/dags/spark_interval_ingestion.py
[2026-05-23T07:17:16.128+0000] {processor.py:914} INFO - Processing file /opt/airflow/dags/spark_interval_ingestion.py for tasks to queue
[2026-05-23T07:17:16.128+0000] {logging_mixin.py:190} INFO - [2026-05-23T07:17:16.128+0000] {dagbag.py:588} INFO - Filling up the DagBag from /opt/airflow/dags/spark_interval_ingestion.py
[2026-05-23T07:17:16.134+0000] {processor.py:925} INFO - DAG(s) 'fraud_pipeline_bronze_hourly' retrieved from /opt/airflow/dags/spark_interval_ingestion.py
[2026-05-23T07:17:16.146+0000] {logging_mixin.py:190} INFO - [2026-05-23T07:17:16.146+0000] {dag.py:3239} INFO - Sync 1 DAGs
[2026-05-23T07:17:16.155+0000] {logging_mixin.py:190} INFO - [2026-05-23T07:17:16.155+0000] {dag.py:4180} INFO - Setting next_dagrun for fraud_pipeline_bronze_hourly to 2026-05-23 07:10:00+00:00, run_after=2026-05-23 07:15:00+00:00
[2026-05-23T07:17:16.162+0000] {processor.py:208} INFO - Processing /opt/airflow/dags/spark_interval_ingestion.py took 0.037 seconds
[2026-05-23T07:17:46.333+0000] {processor.py:186} INFO - Started process (PID=319) to work on /opt/airflow/dags/spark_interval_ingestion.py
[2026-05-23T07:17:46.334+0000] {processor.py:914} INFO - Processing file /opt/airflow/dags/spark_interval_ingestion.py for tasks to queue
[2026-05-23T07:17:46.335+0000] {logging_mixin.py:190} INFO - [2026-05-23T07:17:46.334+0000] {dagbag.py:588} INFO - Filling up the DagBag from /opt/airflow/dags/spark_interval_ingestion.py
[2026-05-23T07:17:46.344+0000] {processor.py:925} INFO - DAG(s) 'fraud_pipeline_bronze_hourly' retrieved from /opt/airflow/dags/spark_interval_ingestion.py
[2026-05-23T07:17:46.361+0000] {logging_mixin.py:190} INFO - [2026-05-23T07:17:46.361+0000] {dag.py:3239} INFO - Sync 1 DAGs
[2026-05-23T07:17:46.374+0000] {logging_mixin.py:190} INFO - [2026-05-23T07:17:46.374+0000] {dag.py:4180} INFO - Setting next_dagrun for fraud_pipeline_bronze_hourly to 2026-05-23 07:10:00+00:00, run_after=2026-05-23 07:15:00+00:00
[2026-05-23T07:17:46.380+0000] {processor.py:208} INFO - Processing /opt/airflow/dags/spark_interval_ingestion.py took 0.052 seconds
[2026-05-23T07:18:16.551+0000] {processor.py:186} INFO - Started process (PID=324) to work on /opt/airflow/dags/spark_interval_ingestion.py
[2026-05-23T07:18:16.552+0000] {processor.py:914} INFO - Processing file /opt/airflow/dags/spark_interval_ingestion.py for tasks to queue
[2026-05-23T07:18:16.553+0000] {logging_mixin.py:190} INFO - [2026-05-23T07:18:16.553+0000] {dagbag.py:588} INFO - Filling up the DagBag from /opt/airflow/dags/spark_interval_ingestion.py
[2026-05-23T07:18:16.564+0000] {processor.py:925} INFO - DAG(s) 'fraud_pipeline_bronze_hourly' retrieved from /opt/airflow/dags/spark_interval_ingestion.py
[2026-05-23T07:18:16.583+0000] {logging_mixin.py:190} INFO - [2026-05-23T07:18:16.583+0000] {dag.py:3239} INFO - Sync 1 DAGs
[2026-05-23T07:18:16.593+0000] {logging_mixin.py:190} INFO - [2026-05-23T07:18:16.593+0000] {dag.py:4180} INFO - Setting next_dagrun for fraud_pipeline_bronze_hourly to 2026-05-23 07:10:00+00:00, run_after=2026-05-23 07:15:00+00:00
[2026-05-23T07:18:16.600+0000] {processor.py:208} INFO - Processing /opt/airflow/dags/spark_interval_ingestion.py took 0.054 seconds
[2026-05-23T07:18:46.773+0000] {processor.py:186} INFO - Started process (PID=329) to work on /opt/airflow/dags/spark_interval_ingestion.py
[2026-05-23T07:18:46.774+0000] {processor.py:914} INFO - Processing file /opt/airflow/dags/spark_interval_ingestion.py for tasks to queue
[2026-05-23T07:18:46.775+0000] {logging_mixin.py:190} INFO - [2026-05-23T07:18:46.774+0000] {dagbag.py:588} INFO - Filling up the DagBag from /opt/airflow/dags/spark_interval_ingestion.py
[2026-05-23T07:18:46.785+0000] {processor.py:925} INFO - DAG(s) 'fraud_pipeline_bronze_hourly' retrieved from /opt/airflow/dags/spark_interval_ingestion.py
[2026-05-23T07:18:46.802+0000] {logging_mixin.py:190} INFO - [2026-05-23T07:18:46.802+0000] {dag.py:3239} INFO - Sync 1 DAGs
[2026-05-23T07:18:46.814+0000] {logging_mixin.py:190} INFO - [2026-05-23T07:18:46.814+0000] {dag.py:4180} INFO - Setting next_dagrun for fraud_pipeline_bronze_hourly to 2026-05-23 07:10:00+00:00, run_after=2026-05-23 07:15:00+00:00
[2026-05-23T07:18:46.820+0000] {processor.py:208} INFO - Processing /opt/airflow/dags/spark_interval_ingestion.py took 0.053 seconds
[2026-05-23T07:19:16.990+0000] {processor.py:186} INFO - Started process (PID=334) to work on /opt/airflow/dags/spark_interval_ingestion.py
[2026-05-23T07:19:16.991+0000] {processor.py:914} INFO - Processing file /opt/airflow/dags/spark_interval_ingestion.py for tasks to queue
[2026-05-23T07:19:16.992+0000] {logging_mixin.py:190} INFO - [2026-05-23T07:19:16.992+0000] {dagbag.py:588} INFO - Filling up the DagBag from /opt/airflow/dags/spark_interval_ingestion.py
[2026-05-23T07:19:17.008+0000] {processor.py:925} INFO - DAG(s) 'fraud_pipeline_bronze_hourly' retrieved from /opt/airflow/dags/spark_interval_ingestion.py
[2026-05-23T07:19:17.028+0000] {logging_mixin.py:190} INFO - [2026-05-23T07:19:17.028+0000] {dag.py:3239} INFO - Sync 1 DAGs
[2026-05-23T07:19:17.040+0000] {logging_mixin.py:190} INFO - [2026-05-23T07:19:17.040+0000] {dag.py:4180} INFO - Setting next_dagrun for fraud_pipeline_bronze_hourly to 2026-05-23 07:10:00+00:00, run_after=2026-05-23 07:15:00+00:00
[2026-05-23T07:19:17.046+0000] {processor.py:208} INFO - Processing /opt/airflow/dags/spark_interval_ingestion.py took 0.062 seconds
[2026-05-23T07:19:47.228+0000] {processor.py:186} INFO - Started process (PID=339) to work on /opt/airflow/dags/spark_interval_ingestion.py
[2026-05-23T07:19:47.229+0000] {processor.py:914} INFO - Processing file /opt/airflow/dags/spark_interval_ingestion.py for tasks to queue
[2026-05-23T07:19:47.230+0000] {logging_mixin.py:190} INFO - [2026-05-23T07:19:47.230+0000] {dagbag.py:588} INFO - Filling up the DagBag from /opt/airflow/dags/spark_interval_ingestion.py
[2026-05-23T07:19:47.240+0000] {processor.py:925} INFO - DAG(s) 'fraud_pipeline_bronze_hourly' retrieved from /opt/airflow/dags/spark_interval_ingestion.py
[2026-05-23T07:19:47.256+0000] {logging_mixin.py:190} INFO - [2026-05-23T07:19:47.256+0000] {dag.py:3239} INFO - Sync 1 DAGs
[2026-05-23T07:19:47.267+0000] {logging_mixin.py:190} INFO - [2026-05-23T07:19:47.267+0000] {dag.py:4180} INFO - Setting next_dagrun for fraud_pipeline_bronze_hourly to 2026-05-23 07:10:00+00:00, run_after=2026-05-23 07:15:00+00:00
[2026-05-23T07:19:47.272+0000] {processor.py:208} INFO - Processing /opt/airflow/dags/spark_interval_ingestion.py took 0.049 seconds
[2026-05-23T07:20:17.437+0000] {processor.py:186} INFO - Started process (PID=344) to work on /opt/airflow/dags/spark_interval_ingestion.py
[2026-05-23T07:20:17.438+0000] {processor.py:914} INFO - Processing file /opt/airflow/dags/spark_interval_ingestion.py for tasks to queue
[2026-05-23T07:20:17.439+0000] {logging_mixin.py:190} INFO - [2026-05-23T07:20:17.439+0000] {dagbag.py:588} INFO - Filling up the DagBag from /opt/airflow/dags/spark_interval_ingestion.py
[2026-05-23T07:20:17.445+0000] {processor.py:925} INFO - DAG(s) 'fraud_pipeline_bronze_hourly' retrieved from /opt/airflow/dags/spark_interval_ingestion.py
[2026-05-23T07:20:17.457+0000] {logging_mixin.py:190} INFO - [2026-05-23T07:20:17.457+0000] {dag.py:3239} INFO - Sync 1 DAGs
[2026-05-23T07:20:17.466+0000] {logging_mixin.py:190} INFO - [2026-05-23T07:20:17.466+0000] {dag.py:4180} INFO - Setting next_dagrun for fraud_pipeline_bronze_hourly to 2026-05-23 07:15:00+00:00, run_after=2026-05-23 07:20:00+00:00
[2026-05-23T07:20:17.472+0000] {processor.py:208} INFO - Processing /opt/airflow/dags/spark_interval_ingestion.py took 0.037 seconds
[2026-05-23T07:20:47.640+0000] {processor.py:186} INFO - Started process (PID=349) to work on /opt/airflow/dags/spark_interval_ingestion.py
[2026-05-23T07:20:47.641+0000] {processor.py:914} INFO - Processing file /opt/airflow/dags/spark_interval_ingestion.py for tasks to queue
[2026-05-23T07:20:47.642+0000] {logging_mixin.py:190} INFO - [2026-05-23T07:20:47.641+0000] {dagbag.py:588} INFO - Filling up the DagBag from /opt/airflow/dags/spark_interval_ingestion.py
[2026-05-23T07:20:47.652+0000] {processor.py:925} INFO - DAG(s) 'fraud_pipeline_bronze_hourly' retrieved from /opt/airflow/dags/spark_interval_ingestion.py
[2026-05-23T07:20:47.669+0000] {logging_mixin.py:190} INFO - [2026-05-23T07:20:47.669+0000] {dag.py:3239} INFO - Sync 1 DAGs
[2026-05-23T07:20:47.680+0000] {logging_mixin.py:190} INFO - [2026-05-23T07:20:47.680+0000] {dag.py:4180} INFO - Setting next_dagrun for fraud_pipeline_bronze_hourly to 2026-05-23 07:15:00+00:00, run_after=2026-05-23 07:20:00+00:00
[2026-05-23T07:20:47.686+0000] {processor.py:208} INFO - Processing /opt/airflow/dags/spark_interval_ingestion.py took 0.051 seconds
[2026-05-23T07:21:17.868+0000] {processor.py:186} INFO - Started process (PID=354) to work on /opt/airflow/dags/spark_interval_ingestion.py
[2026-05-23T07:21:17.869+0000] {processor.py:914} INFO - Processing file /opt/airflow/dags/spark_interval_ingestion.py for tasks to queue
[2026-05-23T07:21:17.870+0000] {logging_mixin.py:190} INFO - [2026-05-23T07:21:17.869+0000] {dagbag.py:588} INFO - Filling up the DagBag from /opt/airflow/dags/spark_interval_ingestion.py
[2026-05-23T07:21:17.880+0000] {processor.py:925} INFO - DAG(s) 'fraud_pipeline_bronze_hourly' retrieved from /opt/airflow/dags/spark_interval_ingestion.py
[2026-05-23T07:21:17.898+0000] {logging_mixin.py:190} INFO - [2026-05-23T07:21:17.897+0000] {dag.py:3239} INFO - Sync 1 DAGs
[2026-05-23T07:21:17.908+0000] {logging_mixin.py:190} INFO - [2026-05-23T07:21:17.908+0000] {dag.py:4180} INFO - Setting next_dagrun for fraud_pipeline_bronze_hourly to 2026-05-23 07:15:00+00:00, run_after=2026-05-23 07:20:00+00:00
[2026-05-23T07:21:17.918+0000] {processor.py:208} INFO - Processing /opt/airflow/dags/spark_interval_ingestion.py took 0.057 seconds
[2026-05-23T07:21:48.113+0000] {processor.py:186} INFO - Started process (PID=359) to work on /opt/airflow/dags/spark_interval_ingestion.py
[2026-05-23T07:21:48.114+0000] {processor.py:914} INFO - Processing file /opt/airflow/dags/spark_interval_ingestion.py for tasks to queue
[2026-05-23T07:21:48.115+0000] {logging_mixin.py:190} INFO - [2026-05-23T07:21:48.115+0000] {dagbag.py:588} INFO - Filling up the DagBag from /opt/airflow/dags/spark_interval_ingestion.py
[2026-05-23T07:21:48.126+0000] {processor.py:925} INFO - DAG(s) 'fraud_pipeline_bronze_hourly' retrieved from /opt/airflow/dags/spark_interval_ingestion.py
[2026-05-23T07:21:48.146+0000] {logging_mixin.py:190} INFO - [2026-05-23T07:21:48.146+0000] {dag.py:3239} INFO - Sync 1 DAGs
[2026-05-23T07:21:48.158+0000] {logging_mixin.py:190} INFO - [2026-05-23T07:21:48.158+0000] {dag.py:4180} INFO - Setting next_dagrun for fraud_pipeline_bronze_hourly to 2026-05-23 07:15:00+00:00, run_after=2026-05-23 07:20:00+00:00
[2026-05-23T07:21:48.164+0000] {processor.py:208} INFO - Processing /opt/airflow/dags/spark_interval_ingestion.py took 0.056 seconds
[2026-05-23T07:22:18.385+0000] {processor.py:186} INFO - Started process (PID=364) to work on /opt/airflow/dags/spark_interval_ingestion.py
[2026-05-23T07:22:18.386+0000] {processor.py:914} INFO - Processing file /opt/airflow/dags/spark_interval_ingestion.py for tasks to queue
[2026-05-23T07:22:18.387+0000] {logging_mixin.py:190} INFO - [2026-05-23T07:22:18.387+0000] {dagbag.py:588} INFO - Filling up the DagBag from /opt/airflow/dags/spark_interval_ingestion.py
[2026-05-23T07:22:18.400+0000] {processor.py:925} INFO - DAG(s) 'fraud_pipeline_bronze_hourly' retrieved from /opt/airflow/dags/spark_interval_ingestion.py
[2026-05-23T07:22:18.421+0000] {logging_mixin.py:190} INFO - [2026-05-23T07:22:18.421+0000] {dag.py:3239} INFO - Sync 1 DAGs
[2026-05-23T07:22:18.436+0000] {logging_mixin.py:190} INFO - [2026-05-23T07:22:18.436+0000] {dag.py:4180} INFO - Setting next_dagrun for fraud_pipeline_bronze_hourly to 2026-05-23 07:15:00+00:00, run_after=2026-05-23 07:20:00+00:00
[2026-05-23T07:22:18.446+0000] {processor.py:208} INFO - Processing /opt/airflow/dags/spark_interval_ingestion.py took 0.067 seconds
[2026-05-23T07:22:48.584+0000] {processor.py:186} INFO - Started process (PID=369) to work on /opt/airflow/dags/spark_interval_ingestion.py
[2026-05-23T07:22:48.584+0000] {processor.py:914} INFO - Processing file /opt/airflow/dags/spark_interval_ingestion.py for tasks to queue
[2026-05-23T07:22:48.586+0000] {logging_mixin.py:190} INFO - [2026-05-23T07:22:48.585+0000] {dagbag.py:588} INFO - Filling up the DagBag from /opt/airflow/dags/spark_interval_ingestion.py
[2026-05-23T07:22:48.600+0000] {processor.py:925} INFO - DAG(s) 'fraud_pipeline_bronze_hourly' retrieved from /opt/airflow/dags/spark_interval_ingestion.py
[2026-05-23T07:22:48.621+0000] {logging_mixin.py:190} INFO - [2026-05-23T07:22:48.621+0000] {dag.py:3239} INFO - Sync 1 DAGs
[2026-05-23T07:22:48.632+0000] {logging_mixin.py:190} INFO - [2026-05-23T07:22:48.632+0000] {dag.py:4180} INFO - Setting next_dagrun for fraud_pipeline_bronze_hourly to 2026-05-23 07:15:00+00:00, run_after=2026-05-23 07:20:00+00:00
[2026-05-23T07:22:48.638+0000] {processor.py:208} INFO - Processing /opt/airflow/dags/spark_interval_ingestion.py took 0.061 seconds
[2026-05-23T07:23:18.842+0000] {processor.py:186} INFO - Started process (PID=374) to work on /opt/airflow/dags/spark_interval_ingestion.py
[2026-05-23T07:23:18.843+0000] {processor.py:914} INFO - Processing file /opt/airflow/dags/spark_interval_ingestion.py for tasks to queue
[2026-05-23T07:23:18.845+0000] {logging_mixin.py:190} INFO - [2026-05-23T07:23:18.844+0000] {dagbag.py:588} INFO - Filling up the DagBag from /opt/airflow/dags/spark_interval_ingestion.py
[2026-05-23T07:23:18.862+0000] {processor.py:925} INFO - DAG(s) 'fraud_pipeline_bronze_hourly' retrieved from /opt/airflow/dags/spark_interval_ingestion.py
[2026-05-23T07:23:18.895+0000] {logging_mixin.py:190} INFO - [2026-05-23T07:23:18.895+0000] {dag.py:3239} INFO - Sync 1 DAGs
[2026-05-23T07:23:18.911+0000] {logging_mixin.py:190} INFO - [2026-05-23T07:23:18.910+0000] {dag.py:4180} INFO - Setting next_dagrun for fraud_pipeline_bronze_hourly to 2026-05-23 07:15:00+00:00, run_after=2026-05-23 07:20:00+00:00
[2026-05-23T07:23:18.917+0000] {processor.py:208} INFO - Processing /opt/airflow/dags/spark_interval_ingestion.py took 0.082 seconds
[2026-05-23T07:23:49.061+0000] {processor.py:186} INFO - Started process (PID=379) to work on /opt/airflow/dags/spark_interval_ingestion.py
[2026-05-23T07:23:49.062+0000] {processor.py:914} INFO - Processing file /opt/airflow/dags/spark_interval_ingestion.py for tasks to queue
[2026-05-23T07:23:49.063+0000] {logging_mixin.py:190} INFO - [2026-05-23T07:23:49.063+0000] {dagbag.py:588} INFO - Filling up the DagBag from /opt/airflow/dags/spark_interval_ingestion.py
[2026-05-23T07:23:49.070+0000] {processor.py:925} INFO - DAG(s) 'fraud_pipeline_bronze_hourly' retrieved from /opt/airflow/dags/spark_interval_ingestion.py
[2026-05-23T07:23:49.086+0000] {logging_mixin.py:190} INFO - [2026-05-23T07:23:49.086+0000] {dag.py:3239} INFO - Sync 1 DAGs
[2026-05-23T07:23:49.099+0000] {logging_mixin.py:190} INFO - [2026-05-23T07:23:49.098+0000] {dag.py:4180} INFO - Setting next_dagrun for fraud_pipeline_bronze_hourly to 2026-05-23 07:15:00+00:00, run_after=2026-05-23 07:20:00+00:00
[2026-05-23T07:23:49.105+0000] {processor.py:208} INFO - Processing /opt/airflow/dags/spark_interval_ingestion.py took 0.048 seconds
[2026-05-23T07:24:19.306+0000] {processor.py:186} INFO - Started process (PID=384) to work on /opt/airflow/dags/spark_interval_ingestion.py
[2026-05-23T07:24:19.307+0000] {processor.py:914} INFO - Processing file /opt/airflow/dags/spark_interval_ingestion.py for tasks to queue
[2026-05-23T07:24:19.307+0000] {logging_mixin.py:190} INFO - [2026-05-23T07:24:19.307+0000] {dagbag.py:588} INFO - Filling up the DagBag from /opt/airflow/dags/spark_interval_ingestion.py
[2026-05-23T07:24:19.315+0000] {processor.py:925} INFO - DAG(s) 'fraud_pipeline_bronze_hourly' retrieved from /opt/airflow/dags/spark_interval_ingestion.py
[2026-05-23T07:24:19.328+0000] {logging_mixin.py:190} INFO - [2026-05-23T07:24:19.328+0000] {dag.py:3239} INFO - Sync 1 DAGs
[2026-05-23T07:24:19.338+0000] {logging_mixin.py:190} INFO - [2026-05-23T07:24:19.338+0000] {dag.py:4180} INFO - Setting next_dagrun for fraud_pipeline_bronze_hourly to 2026-05-23 07:15:00+00:00, run_after=2026-05-23 07:20:00+00:00
[2026-05-23T07:24:19.344+0000] {processor.py:208} INFO - Processing /opt/airflow/dags/spark_interval_ingestion.py took 0.041 seconds
[2026-05-23T07:24:49.501+0000] {processor.py:186} INFO - Started process (PID=389) to work on /opt/airflow/dags/spark_interval_ingestion.py
[2026-05-23T07:24:49.502+0000] {processor.py:914} INFO - Processing file /opt/airflow/dags/spark_interval_ingestion.py for tasks to queue
[2026-05-23T07:24:49.503+0000] {logging_mixin.py:190} INFO - [2026-05-23T07:24:49.502+0000] {dagbag.py:588} INFO - Filling up the DagBag from /opt/airflow/dags/spark_interval_ingestion.py
[2026-05-23T07:24:49.514+0000] {processor.py:925} INFO - DAG(s) 'fraud_pipeline_bronze_hourly' retrieved from /opt/airflow/dags/spark_interval_ingestion.py
[2026-05-23T07:24:49.531+0000] {logging_mixin.py:190} INFO - [2026-05-23T07:24:49.531+0000] {dag.py:3239} INFO - Sync 1 DAGs
[2026-05-23T07:24:49.543+0000] {logging_mixin.py:190} INFO - [2026-05-23T07:24:49.543+0000] {dag.py:4180} INFO - Setting next_dagrun for fraud_pipeline_bronze_hourly to 2026-05-23 07:15:00+00:00, run_after=2026-05-23 07:20:00+00:00
[2026-05-23T07:24:49.550+0000] {processor.py:208} INFO - Processing /opt/airflow/dags/spark_interval_ingestion.py took 0.053 seconds
[2026-05-23T07:25:19.686+0000] {processor.py:186} INFO - Started process (PID=394) to work on /opt/airflow/dags/spark_interval_ingestion.py
[2026-05-23T07:25:19.687+0000] {processor.py:914} INFO - Processing file /opt/airflow/dags/spark_interval_ingestion.py for tasks to queue
[2026-05-23T07:25:19.688+0000] {logging_mixin.py:190} INFO - [2026-05-23T07:25:19.688+0000] {dagbag.py:588} INFO - Filling up the DagBag from /opt/airflow/dags/spark_interval_ingestion.py
[2026-05-23T07:25:19.696+0000] {processor.py:925} INFO - DAG(s) 'fraud_pipeline_bronze_hourly' retrieved from /opt/airflow/dags/spark_interval_ingestion.py
[2026-05-23T07:25:19.716+0000] {logging_mixin.py:190} INFO - [2026-05-23T07:25:19.716+0000] {dag.py:3239} INFO - Sync 1 DAGs
[2026-05-23T07:25:19.731+0000] {logging_mixin.py:190} INFO - [2026-05-23T07:25:19.731+0000] {dag.py:4180} INFO - Setting next_dagrun for fraud_pipeline_bronze_hourly to 2026-05-23 07:20:00+00:00, run_after=2026-05-23 07:25:00+00:00
[2026-05-23T07:25:19.738+0000] {processor.py:208} INFO - Processing /opt/airflow/dags/spark_interval_ingestion.py took 0.056 seconds
[2026-05-23T07:25:49.937+0000] {processor.py:186} INFO - Started process (PID=399) to work on /opt/airflow/dags/spark_interval_ingestion.py
[2026-05-23T07:25:49.937+0000] {processor.py:914} INFO - Processing file /opt/airflow/dags/spark_interval_ingestion.py for tasks to queue
[2026-05-23T07:25:49.938+0000] {logging_mixin.py:190} INFO - [2026-05-23T07:25:49.938+0000] {dagbag.py:588} INFO - Filling up the DagBag from /opt/airflow/dags/spark_interval_ingestion.py
[2026-05-23T07:25:49.946+0000] {processor.py:925} INFO - DAG(s) 'fraud_pipeline_bronze_hourly' retrieved from /opt/airflow/dags/spark_interval_ingestion.py
[2026-05-23T07:25:49.961+0000] {logging_mixin.py:190} INFO - [2026-05-23T07:25:49.961+0000] {dag.py:3239} INFO - Sync 1 DAGs
[2026-05-23T07:25:49.972+0000] {logging_mixin.py:190} INFO - [2026-05-23T07:25:49.972+0000] {dag.py:4180} INFO - Setting next_dagrun for fraud_pipeline_bronze_hourly to 2026-05-23 07:20:00+00:00, run_after=2026-05-23 07:25:00+00:00
[2026-05-23T07:25:49.978+0000] {processor.py:208} INFO - Processing /opt/airflow/dags/spark_interval_ingestion.py took 0.048 seconds
[2026-05-23T07:26:20.150+0000] {processor.py:186} INFO - Started process (PID=404) to work on /opt/airflow/dags/spark_interval_ingestion.py
[2026-05-23T07:26:20.150+0000] {processor.py:914} INFO - Processing file /opt/airflow/dags/spark_interval_ingestion.py for tasks to queue
[2026-05-23T07:26:20.151+0000] {logging_mixin.py:190} INFO - [2026-05-23T07:26:20.151+0000] {dagbag.py:588} INFO - Filling up the DagBag from /opt/airflow/dags/spark_interval_ingestion.py
[2026-05-23T07:26:20.164+0000] {processor.py:925} INFO - DAG(s) 'fraud_pipeline_bronze_hourly' retrieved from /opt/airflow/dags/spark_interval_ingestion.py
[2026-05-23T07:26:20.180+0000] {logging_mixin.py:190} INFO - [2026-05-23T07:26:20.180+0000] {dag.py:3239} INFO - Sync 1 DAGs
[2026-05-23T07:26:20.192+0000] {logging_mixin.py:190} INFO - [2026-05-23T07:26:20.192+0000] {dag.py:4180} INFO - Setting next_dagrun for fraud_pipeline_bronze_hourly to 2026-05-23 07:20:00+00:00, run_after=2026-05-23 07:25:00+00:00
[2026-05-23T07:26:20.198+0000] {processor.py:208} INFO - Processing /opt/airflow/dags/spark_interval_ingestion.py took 0.055 seconds
[2026-05-23T07:26:50.351+0000] {processor.py:186} INFO - Started process (PID=409) to work on /opt/airflow/dags/spark_interval_ingestion.py
[2026-05-23T07:26:50.352+0000] {processor.py:914} INFO - Processing file /opt/airflow/dags/spark_interval_ingestion.py for tasks to queue
[2026-05-23T07:26:50.353+0000] {logging_mixin.py:190} INFO - [2026-05-23T07:26:50.353+0000] {dagbag.py:588} INFO - Filling up the DagBag from /opt/airflow/dags/spark_interval_ingestion.py
[2026-05-23T07:26:50.363+0000] {processor.py:925} INFO - DAG(s) 'fraud_pipeline_bronze_hourly' retrieved from /opt/airflow/dags/spark_interval_ingestion.py
[2026-05-23T07:26:50.382+0000] {logging_mixin.py:190} INFO - [2026-05-23T07:26:50.381+0000] {dag.py:3239} INFO - Sync 1 DAGs
[2026-05-23T07:26:50.392+0000] {logging_mixin.py:190} INFO - [2026-05-23T07:26:50.392+0000] {dag.py:4180} INFO - Setting next_dagrun for fraud_pipeline_bronze_hourly to 2026-05-23 07:20:00+00:00, run_after=2026-05-23 07:25:00+00:00
[2026-05-23T07:26:50.398+0000] {processor.py:208} INFO - Processing /opt/airflow/dags/spark_interval_ingestion.py took 0.050 seconds
[2026-05-23T07:27:20.564+0000] {processor.py:186} INFO - Started process (PID=414) to work on /opt/airflow/dags/spark_interval_ingestion.py
[2026-05-23T07:27:20.565+0000] {processor.py:914} INFO - Processing file /opt/airflow/dags/spark_interval_ingestion.py for tasks to queue
[2026-05-23T07:27:20.566+0000] {logging_mixin.py:190} INFO - [2026-05-23T07:27:20.566+0000] {dagbag.py:588} INFO - Filling up the DagBag from /opt/airflow/dags/spark_interval_ingestion.py
[2026-05-23T07:27:20.574+0000] {processor.py:925} INFO - DAG(s) 'fraud_pipeline_bronze_hourly' retrieved from /opt/airflow/dags/spark_interval_ingestion.py
[2026-05-23T07:27:20.588+0000] {logging_mixin.py:190} INFO - [2026-05-23T07:27:20.588+0000] {dag.py:3239} INFO - Sync 1 DAGs
[2026-05-23T07:27:20.599+0000] {logging_mixin.py:190} INFO - [2026-05-23T07:27:20.599+0000] {dag.py:4180} INFO - Setting next_dagrun for fraud_pipeline_bronze_hourly to 2026-05-23 07:20:00+00:00, run_after=2026-05-23 07:25:00+00:00
[2026-05-23T07:27:20.605+0000] {processor.py:208} INFO - Processing /opt/airflow/dags/spark_interval_ingestion.py took 0.045 seconds
[2026-05-23T07:27:50.821+0000] {processor.py:186} INFO - Started process (PID=419) to work on /opt/airflow/dags/spark_interval_ingestion.py
[2026-05-23T07:27:50.822+0000] {processor.py:914} INFO - Processing file /opt/airflow/dags/spark_interval_ingestion.py for tasks to queue
[2026-05-23T07:27:50.823+0000] {logging_mixin.py:190} INFO - [2026-05-23T07:27:50.823+0000] {dagbag.py:588} INFO - Filling up the DagBag from /opt/airflow/dags/spark_interval_ingestion.py
[2026-05-23T07:27:50.836+0000] {processor.py:925} INFO - DAG(s) 'fraud_pipeline_bronze_hourly' retrieved from /opt/airflow/dags/spark_interval_ingestion.py
[2026-05-23T07:27:50.856+0000] {logging_mixin.py:190} INFO - [2026-05-23T07:27:50.856+0000] {dag.py:3239} INFO - Sync 1 DAGs
[2026-05-23T07:27:50.867+0000] {logging_mixin.py:190} INFO - [2026-05-23T07:27:50.867+0000] {dag.py:4180} INFO - Setting next_dagrun for fraud_pipeline_bronze_hourly to 2026-05-23 07:20:00+00:00, run_after=2026-05-23 07:25:00+00:00
[2026-05-23T07:27:50.873+0000] {processor.py:208} INFO - Processing /opt/airflow/dags/spark_interval_ingestion.py took 0.058 seconds
[2026-05-23T07:28:21.055+0000] {processor.py:186} INFO - Started process (PID=424) to work on /opt/airflow/dags/spark_interval_ingestion.py
[2026-05-23T07:28:21.056+0000] {processor.py:914} INFO - Processing file /opt/airflow/dags/spark_interval_ingestion.py for tasks to queue
[2026-05-23T07:28:21.057+0000] {logging_mixin.py:190} INFO - [2026-05-23T07:28:21.056+0000] {dagbag.py:588} INFO - Filling up the DagBag from /opt/airflow/dags/spark_interval_ingestion.py
[2026-05-23T07:28:21.067+0000] {processor.py:925} INFO - DAG(s) 'fraud_pipeline_bronze_hourly' retrieved from /opt/airflow/dags/spark_interval_ingestion.py
[2026-05-23T07:28:21.089+0000] {logging_mixin.py:190} INFO - [2026-05-23T07:28:21.089+0000] {dag.py:3239} INFO - Sync 1 DAGs
[2026-05-23T07:28:21.100+0000] {logging_mixin.py:190} INFO - [2026-05-23T07:28:21.100+0000] {dag.py:4180} INFO - Setting next_dagrun for fraud_pipeline_bronze_hourly to 2026-05-23 07:20:00+00:00, run_after=2026-05-23 07:25:00+00:00
[2026-05-23T07:28:21.108+0000] {processor.py:208} INFO - Processing /opt/airflow/dags/spark_interval_ingestion.py took 0.058 seconds
[2026-05-23T07:28:51.276+0000] {processor.py:186} INFO - Started process (PID=429) to work on /opt/airflow/dags/spark_interval_ingestion.py
[2026-05-23T07:28:51.277+0000] {processor.py:914} INFO - Processing file /opt/airflow/dags/spark_interval_ingestion.py for tasks to queue
[2026-05-23T07:28:51.278+0000] {logging_mixin.py:190} INFO - [2026-05-23T07:28:51.277+0000] {dagbag.py:588} INFO - Filling up the DagBag from /opt/airflow/dags/spark_interval_ingestion.py
[2026-05-23T07:28:51.287+0000] {processor.py:925} INFO - DAG(s) 'fraud_pipeline_bronze_hourly' retrieved from /opt/airflow/dags/spark_interval_ingestion.py
[2026-05-23T07:28:51.305+0000] {logging_mixin.py:190} INFO - [2026-05-23T07:28:51.305+0000] {dag.py:3239} INFO - Sync 1 DAGs
[2026-05-23T07:28:51.316+0000] {logging_mixin.py:190} INFO - [2026-05-23T07:28:51.316+0000] {dag.py:4180} INFO - Setting next_dagrun for fraud_pipeline_bronze_hourly to 2026-05-23 07:20:00+00:00, run_after=2026-05-23 07:25:00+00:00
[2026-05-23T07:28:51.322+0000] {processor.py:208} INFO - Processing /opt/airflow/dags/spark_interval_ingestion.py took 0.051 seconds
[2026-05-23T07:29:21.492+0000] {processor.py:186} INFO - Started process (PID=434) to work on /opt/airflow/dags/spark_interval_ingestion.py
[2026-05-23T07:29:21.493+0000] {processor.py:914} INFO - Processing file /opt/airflow/dags/spark_interval_ingestion.py for tasks to queue
[2026-05-23T07:29:21.493+0000] {logging_mixin.py:190} INFO - [2026-05-23T07:29:21.493+0000] {dagbag.py:588} INFO - Filling up the DagBag from /opt/airflow/dags/spark_interval_ingestion.py
[2026-05-23T07:29:21.500+0000] {processor.py:925} INFO - DAG(s) 'fraud_pipeline_bronze_hourly' retrieved from /opt/airflow/dags/spark_interval_ingestion.py
[2026-05-23T07:29:21.514+0000] {logging_mixin.py:190} INFO - [2026-05-23T07:29:21.514+0000] {dag.py:3239} INFO - Sync 1 DAGs
[2026-05-23T07:29:21.524+0000] {logging_mixin.py:190} INFO - [2026-05-23T07:29:21.524+0000] {dag.py:4180} INFO - Setting next_dagrun for fraud_pipeline_bronze_hourly to 2026-05-23 07:20:00+00:00, run_after=2026-05-23 07:25:00+00:00
[2026-05-23T07:29:21.530+0000] {processor.py:208} INFO - Processing /opt/airflow/dags/spark_interval_ingestion.py took 0.041 seconds
[2026-05-23T07:29:51.718+0000] {processor.py:186} INFO - Started process (PID=439) to work on /opt/airflow/dags/spark_interval_ingestion.py
[2026-05-23T07:29:51.718+0000] {processor.py:914} INFO - Processing file /opt/airflow/dags/spark_interval_ingestion.py for tasks to queue
[2026-05-23T07:29:51.719+0000] {logging_mixin.py:190} INFO - [2026-05-23T07:29:51.719+0000] {dagbag.py:588} INFO - Filling up the DagBag from /opt/airflow/dags/spark_interval_ingestion.py
[2026-05-23T07:29:51.728+0000] {processor.py:925} INFO - DAG(s) 'fraud_pipeline_bronze_hourly' retrieved from /opt/airflow/dags/spark_interval_ingestion.py
[2026-05-23T07:29:51.746+0000] {logging_mixin.py:190} INFO - [2026-05-23T07:29:51.746+0000] {dag.py:3239} INFO - Sync 1 DAGs
[2026-05-23T07:29:51.757+0000] {logging_mixin.py:190} INFO - [2026-05-23T07:29:51.757+0000] {dag.py:4180} INFO - Setting next_dagrun for fraud_pipeline_bronze_hourly to 2026-05-23 07:20:00+00:00, run_after=2026-05-23 07:25:00+00:00
[2026-05-23T07:29:51.763+0000] {processor.py:208} INFO - Processing /opt/airflow/dags/spark_interval_ingestion.py took 0.049 seconds
[2026-05-23T07:30:21.938+0000] {processor.py:186} INFO - Started process (PID=444) to work on /opt/airflow/dags/spark_interval_ingestion.py
[2026-05-23T07:30:21.939+0000] {processor.py:914} INFO - Processing file /opt/airflow/dags/spark_interval_ingestion.py for tasks to queue
[2026-05-23T07:30:21.940+0000] {logging_mixin.py:190} INFO - [2026-05-23T07:30:21.939+0000] {dagbag.py:588} INFO - Filling up the DagBag from /opt/airflow/dags/spark_interval_ingestion.py
[2026-05-23T07:30:21.949+0000] {processor.py:925} INFO - DAG(s) 'fraud_pipeline_bronze_hourly' retrieved from /opt/airflow/dags/spark_interval_ingestion.py
[2026-05-23T07:30:21.966+0000] {logging_mixin.py:190} INFO - [2026-05-23T07:30:21.966+0000] {dag.py:3239} INFO - Sync 1 DAGs
[2026-05-23T07:30:21.977+0000] {logging_mixin.py:190} INFO - [2026-05-23T07:30:21.977+0000] {dag.py:4180} INFO - Setting next_dagrun for fraud_pipeline_bronze_hourly to 2026-05-23 07:25:00+00:00, run_after=2026-05-23 07:30:00+00:00
[2026-05-23T07:30:21.983+0000] {processor.py:208} INFO - Processing /opt/airflow/dags/spark_interval_ingestion.py took 0.050 seconds
[2026-05-23T07:30:52.167+0000] {processor.py:186} INFO - Started process (PID=449) to work on /opt/airflow/dags/spark_interval_ingestion.py
[2026-05-23T07:30:52.168+0000] {processor.py:914} INFO - Processing file /opt/airflow/dags/spark_interval_ingestion.py for tasks to queue
[2026-05-23T07:30:52.169+0000] {logging_mixin.py:190} INFO - [2026-05-23T07:30:52.169+0000] {dagbag.py:588} INFO - Filling up the DagBag from /opt/airflow/dags/spark_interval_ingestion.py
[2026-05-23T07:30:52.178+0000] {processor.py:925} INFO - DAG(s) 'fraud_pipeline_bronze_hourly' retrieved from /opt/airflow/dags/spark_interval_ingestion.py
[2026-05-23T07:30:52.195+0000] {logging_mixin.py:190} INFO - [2026-05-23T07:30:52.195+0000] {dag.py:3239} INFO - Sync 1 DAGs
[2026-05-23T07:30:52.205+0000] {logging_mixin.py:190} INFO - [2026-05-23T07:30:52.205+0000] {dag.py:4180} INFO - Setting next_dagrun for fraud_pipeline_bronze_hourly to 2026-05-23 07:25:00+00:00, run_after=2026-05-23 07:30:00+00:00
[2026-05-23T07:30:52.211+0000] {processor.py:208} INFO - Processing /opt/airflow/dags/spark_interval_ingestion.py took 0.048 seconds
[2026-05-23T07:31:22.388+0000] {processor.py:186} INFO - Started process (PID=454) to work on /opt/airflow/dags/spark_interval_ingestion.py
[2026-05-23T07:31:22.389+0000] {processor.py:914} INFO - Processing file /opt/airflow/dags/spark_interval_ingestion.py for tasks to queue
[2026-05-23T07:31:22.390+0000] {logging_mixin.py:190} INFO - [2026-05-23T07:31:22.389+0000] {dagbag.py:588} INFO - Filling up the DagBag from /opt/airflow/dags/spark_interval_ingestion.py
[2026-05-23T07:31:22.399+0000] {processor.py:925} INFO - DAG(s) 'fraud_pipeline_bronze_hourly' retrieved from /opt/airflow/dags/spark_interval_ingestion.py
[2026-05-23T07:31:22.419+0000] {logging_mixin.py:190} INFO - [2026-05-23T07:31:22.419+0000] {dag.py:3239} INFO - Sync 1 DAGs
[2026-05-23T07:31:22.432+0000] {logging_mixin.py:190} INFO - [2026-05-23T07:31:22.432+0000] {dag.py:4180} INFO - Setting next_dagrun for fraud_pipeline_bronze_hourly to 2026-05-23 07:25:00+00:00, run_after=2026-05-23 07:30:00+00:00
[2026-05-23T07:31:22.439+0000] {processor.py:208} INFO - Processing /opt/airflow/dags/spark_interval_ingestion.py took 0.055 seconds
[2026-05-23T07:31:52.642+0000] {processor.py:186} INFO - Started process (PID=459) to work on /opt/airflow/dags/spark_interval_ingestion.py
[2026-05-23T07:31:52.643+0000] {processor.py:914} INFO - Processing file /opt/airflow/dags/spark_interval_ingestion.py for tasks to queue
[2026-05-23T07:31:52.645+0000] {logging_mixin.py:190} INFO - [2026-05-23T07:31:52.644+0000] {dagbag.py:588} INFO - Filling up the DagBag from /opt/airflow/dags/spark_interval_ingestion.py
[2026-05-23T07:31:52.659+0000] {processor.py:925} INFO - DAG(s) 'fraud_pipeline_bronze_hourly' retrieved from /opt/airflow/dags/spark_interval_ingestion.py
[2026-05-23T07:31:52.678+0000] {logging_mixin.py:190} INFO - [2026-05-23T07:31:52.678+0000] {dag.py:3239} INFO - Sync 1 DAGs
[2026-05-23T07:31:52.689+0000] {logging_mixin.py:190} INFO - [2026-05-23T07:31:52.689+0000] {dag.py:4180} INFO - Setting next_dagrun for fraud_pipeline_bronze_hourly to 2026-05-23 07:25:00+00:00, run_after=2026-05-23 07:30:00+00:00
[2026-05-23T07:31:52.695+0000] {processor.py:208} INFO - Processing /opt/airflow/dags/spark_interval_ingestion.py took 0.060 seconds
[2026-05-23T07:32:22.855+0000] {processor.py:186} INFO - Started process (PID=464) to work on /opt/airflow/dags/spark_interval_ingestion.py
[2026-05-23T07:32:22.856+0000] {processor.py:914} INFO - Processing file /opt/airflow/dags/spark_interval_ingestion.py for tasks to queue
[2026-05-23T07:32:22.857+0000] {logging_mixin.py:190} INFO - [2026-05-23T07:32:22.857+0000] {dagbag.py:588} INFO - Filling up the DagBag from /opt/airflow/dags/spark_interval_ingestion.py
[2026-05-23T07:32:22.867+0000] {processor.py:925} INFO - DAG(s) 'fraud_pipeline_bronze_hourly' retrieved from /opt/airflow/dags/spark_interval_ingestion.py
[2026-05-23T07:32:22.887+0000] {logging_mixin.py:190} INFO - [2026-05-23T07:32:22.887+0000] {dag.py:3239} INFO - Sync 1 DAGs
[2026-05-23T07:32:22.897+0000] {logging_mixin.py:190} INFO - [2026-05-23T07:32:22.897+0000] {dag.py:4180} INFO - Setting next_dagrun for fraud_pipeline_bronze_hourly to 2026-05-23 07:25:00+00:00, run_after=2026-05-23 07:30:00+00:00
[2026-05-23T07:32:22.904+0000] {processor.py:208} INFO - Processing /opt/airflow/dags/spark_interval_ingestion.py took 0.055 seconds
[2026-05-23T07:32:53.111+0000] {processor.py:186} INFO - Started process (PID=469) to work on /opt/airflow/dags/spark_interval_ingestion.py
[2026-05-23T07:32:53.111+0000] {processor.py:914} INFO - Processing file /opt/airflow/dags/spark_interval_ingestion.py for tasks to queue
[2026-05-23T07:32:53.112+0000] {logging_mixin.py:190} INFO - [2026-05-23T07:32:53.112+0000] {dagbag.py:588} INFO - Filling up the DagBag from /opt/airflow/dags/spark_interval_ingestion.py
[2026-05-23T07:32:53.123+0000] {processor.py:925} INFO - DAG(s) 'fraud_pipeline_bronze_hourly' retrieved from /opt/airflow/dags/spark_interval_ingestion.py
[2026-05-23T07:32:53.141+0000] {logging_mixin.py:190} INFO - [2026-05-23T07:32:53.141+0000] {dag.py:3239} INFO - Sync 1 DAGs
[2026-05-23T07:32:53.159+0000] {logging_mixin.py:190} INFO - [2026-05-23T07:32:53.159+0000] {dag.py:4180} INFO - Setting next_dagrun for fraud_pipeline_bronze_hourly to 2026-05-23 07:25:00+00:00, run_after=2026-05-23 07:30:00+00:00
[2026-05-23T07:32:53.165+0000] {processor.py:208} INFO - Processing /opt/airflow/dags/spark_interval_ingestion.py took 0.059 seconds
[2026-05-23T07:33:23.321+0000] {processor.py:186} INFO - Started process (PID=474) to work on /opt/airflow/dags/spark_interval_ingestion.py
[2026-05-23T07:33:23.322+0000] {processor.py:914} INFO - Processing file /opt/airflow/dags/spark_interval_ingestion.py for tasks to queue
[2026-05-23T07:33:23.323+0000] {logging_mixin.py:190} INFO - [2026-05-23T07:33:23.322+0000] {dagbag.py:588} INFO - Filling up the DagBag from /opt/airflow/dags/spark_interval_ingestion.py
[2026-05-23T07:33:23.333+0000] {processor.py:925} INFO - DAG(s) 'fraud_pipeline_bronze_hourly' retrieved from /opt/airflow/dags/spark_interval_ingestion.py
[2026-05-23T07:33:23.351+0000] {logging_mixin.py:190} INFO - [2026-05-23T07:33:23.350+0000] {dag.py:3239} INFO - Sync 1 DAGs
[2026-05-23T07:33:23.362+0000] {logging_mixin.py:190} INFO - [2026-05-23T07:33:23.362+0000] {dag.py:4180} INFO - Setting next_dagrun for fraud_pipeline_bronze_hourly to 2026-05-23 07:25:00+00:00, run_after=2026-05-23 07:30:00+00:00
[2026-05-23T07:33:23.368+0000] {processor.py:208} INFO - Processing /opt/airflow/dags/spark_interval_ingestion.py took 0.051 seconds
[2026-05-23T07:33:53.539+0000] {processor.py:186} INFO - Started process (PID=479) to work on /opt/airflow/dags/spark_interval_ingestion.py
[2026-05-23T07:33:53.540+0000] {processor.py:914} INFO - Processing file /opt/airflow/dags/spark_interval_ingestion.py for tasks to queue
[2026-05-23T07:33:53.541+0000] {logging_mixin.py:190} INFO - [2026-05-23T07:33:53.540+0000] {dagbag.py:588} INFO - Filling up the DagBag from /opt/airflow/dags/spark_interval_ingestion.py
[2026-05-23T07:33:53.557+0000] {processor.py:925} INFO - DAG(s) 'fraud_pipeline_bronze_hourly' retrieved from /opt/airflow/dags/spark_interval_ingestion.py
[2026-05-23T07:33:53.579+0000] {logging_mixin.py:190} INFO - [2026-05-23T07:33:53.579+0000] {dag.py:3239} INFO - Sync 1 DAGs
[2026-05-23T07:33:53.592+0000] {logging_mixin.py:190} INFO - [2026-05-23T07:33:53.592+0000] {dag.py:4180} INFO - Setting next_dagrun for fraud_pipeline_bronze_hourly to 2026-05-23 07:25:00+00:00, run_after=2026-05-23 07:30:00+00:00
[2026-05-23T07:33:53.599+0000] {processor.py:208} INFO - Processing /opt/airflow/dags/spark_interval_ingestion.py took 0.065 seconds
[2026-05-23T07:34:23.738+0000] {processor.py:186} INFO - Started process (PID=484) to work on /opt/airflow/dags/spark_interval_ingestion.py
[2026-05-23T07:34:23.738+0000] {processor.py:914} INFO - Processing file /opt/airflow/dags/spark_interval_ingestion.py for tasks to queue
[2026-05-23T07:34:23.739+0000] {logging_mixin.py:190} INFO - [2026-05-23T07:34:23.739+0000] {dagbag.py:588} INFO - Filling up the DagBag from /opt/airflow/dags/spark_interval_ingestion.py
[2026-05-23T07:34:23.750+0000] {processor.py:925} INFO - DAG(s) 'fraud_pipeline_bronze_hourly' retrieved from /opt/airflow/dags/spark_interval_ingestion.py
[2026-05-23T07:34:23.770+0000] {logging_mixin.py:190} INFO - [2026-05-23T07:34:23.770+0000] {dag.py:3239} INFO - Sync 1 DAGs
[2026-05-23T07:34:23.780+0000] {logging_mixin.py:190} INFO - [2026-05-23T07:34:23.780+0000] {dag.py:4180} INFO - Setting next_dagrun for fraud_pipeline_bronze_hourly to 2026-05-23 07:25:00+00:00, run_after=2026-05-23 07:30:00+00:00
[2026-05-23T07:34:23.786+0000] {processor.py:208} INFO - Processing /opt/airflow/dags/spark_interval_ingestion.py took 0.053 seconds
[2026-05-23T07:34:53.979+0000] {processor.py:186} INFO - Started process (PID=489) to work on /opt/airflow/dags/spark_interval_ingestion.py
[2026-05-23T07:34:53.980+0000] {processor.py:914} INFO - Processing file /opt/airflow/dags/spark_interval_ingestion.py for tasks to queue
[2026-05-23T07:34:53.981+0000] {logging_mixin.py:190} INFO - [2026-05-23T07:34:53.980+0000] {dagbag.py:588} INFO - Filling up the DagBag from /opt/airflow/dags/spark_interval_ingestion.py
[2026-05-23T07:34:53.991+0000] {processor.py:925} INFO - DAG(s) 'fraud_pipeline_bronze_hourly' retrieved from /opt/airflow/dags/spark_interval_ingestion.py
[2026-05-23T07:34:54.008+0000] {logging_mixin.py:190} INFO - [2026-05-23T07:34:54.008+0000] {dag.py:3239} INFO - Sync 1 DAGs
[2026-05-23T07:34:54.019+0000] {logging_mixin.py:190} INFO - [2026-05-23T07:34:54.019+0000] {dag.py:4180} INFO - Setting next_dagrun for fraud_pipeline_bronze_hourly to 2026-05-23 07:25:00+00:00, run_after=2026-05-23 07:30:00+00:00
[2026-05-23T07:34:54.024+0000] {processor.py:208} INFO - Processing /opt/airflow/dags/spark_interval_ingestion.py took 0.051 seconds
[2026-05-23T07:35:24.205+0000] {processor.py:186} INFO - Started process (PID=494) to work on /opt/airflow/dags/spark_interval_ingestion.py
[2026-05-23T07:35:24.206+0000] {processor.py:914} INFO - Processing file /opt/airflow/dags/spark_interval_ingestion.py for tasks to queue
[2026-05-23T07:35:24.207+0000] {logging_mixin.py:190} INFO - [2026-05-23T07:35:24.207+0000] {dagbag.py:588} INFO - Filling up the DagBag from /opt/airflow/dags/spark_interval_ingestion.py
[2026-05-23T07:35:24.218+0000] {processor.py:925} INFO - DAG(s) 'fraud_pipeline_bronze_hourly' retrieved from /opt/airflow/dags/spark_interval_ingestion.py
[2026-05-23T07:35:24.237+0000] {logging_mixin.py:190} INFO - [2026-05-23T07:35:24.237+0000] {dag.py:3239} INFO - Sync 1 DAGs
[2026-05-23T07:35:24.248+0000] {logging_mixin.py:190} INFO - [2026-05-23T07:35:24.248+0000] {dag.py:4180} INFO - Setting next_dagrun for fraud_pipeline_bronze_hourly to 2026-05-23 07:30:00+00:00, run_after=2026-05-23 07:35:00+00:00
[2026-05-23T07:35:24.255+0000] {processor.py:208} INFO - Processing /opt/airflow/dags/spark_interval_ingestion.py took 0.055 seconds
[2026-05-23T07:35:54.435+0000] {processor.py:186} INFO - Started process (PID=499) to work on /opt/airflow/dags/spark_interval_ingestion.py
[2026-05-23T07:35:54.436+0000] {processor.py:914} INFO - Processing file /opt/airflow/dags/spark_interval_ingestion.py for tasks to queue
[2026-05-23T07:35:54.437+0000] {logging_mixin.py:190} INFO - [2026-05-23T07:35:54.437+0000] {dagbag.py:588} INFO - Filling up the DagBag from /opt/airflow/dags/spark_interval_ingestion.py
[2026-05-23T07:35:54.447+0000] {processor.py:925} INFO - DAG(s) 'fraud_pipeline_bronze_hourly' retrieved from /opt/airflow/dags/spark_interval_ingestion.py
[2026-05-23T07:35:54.465+0000] {logging_mixin.py:190} INFO - [2026-05-23T07:35:54.465+0000] {dag.py:3239} INFO - Sync 1 DAGs
[2026-05-23T07:35:54.476+0000] {logging_mixin.py:190} INFO - [2026-05-23T07:35:54.475+0000] {dag.py:4180} INFO - Setting next_dagrun for fraud_pipeline_bronze_hourly to 2026-05-23 07:30:00+00:00, run_after=2026-05-23 07:35:00+00:00
[2026-05-23T07:35:54.481+0000] {processor.py:208} INFO - Processing /opt/airflow/dags/spark_interval_ingestion.py took 0.052 seconds
[2026-05-23T07:36:24.660+0000] {processor.py:186} INFO - Started process (PID=504) to work on /opt/airflow/dags/spark_interval_ingestion.py
[2026-05-23T07:36:24.661+0000] {processor.py:914} INFO - Processing file /opt/airflow/dags/spark_interval_ingestion.py for tasks to queue
[2026-05-23T07:36:24.662+0000] {logging_mixin.py:190} INFO - [2026-05-23T07:36:24.661+0000] {dagbag.py:588} INFO - Filling up the DagBag from /opt/airflow/dags/spark_interval_ingestion.py
[2026-05-23T07:36:24.675+0000] {processor.py:925} INFO - DAG(s) 'fraud_pipeline_bronze_hourly' retrieved from /opt/airflow/dags/spark_interval_ingestion.py
[2026-05-23T07:36:24.701+0000] {logging_mixin.py:190} INFO - [2026-05-23T07:36:24.701+0000] {dag.py:3239} INFO - Sync 1 DAGs
[2026-05-23T07:36:24.720+0000] {logging_mixin.py:190} INFO - [2026-05-23T07:36:24.720+0000] {dag.py:4180} INFO - Setting next_dagrun for fraud_pipeline_bronze_hourly to 2026-05-23 07:30:00+00:00, run_after=2026-05-23 07:35:00+00:00
[2026-05-23T07:36:24.730+0000] {processor.py:208} INFO - Processing /opt/airflow/dags/spark_interval_ingestion.py took 0.073 seconds
[2026-05-23T07:36:54.863+0000] {processor.py:186} INFO - Started process (PID=509) to work on /opt/airflow/dags/spark_interval_ingestion.py
[2026-05-23T07:36:54.864+0000] {processor.py:914} INFO - Processing file /opt/airflow/dags/spark_interval_ingestion.py for tasks to queue
[2026-05-23T07:36:54.864+0000] {logging_mixin.py:190} INFO - [2026-05-23T07:36:54.864+0000] {dagbag.py:588} INFO - Filling up the DagBag from /opt/airflow/dags/spark_interval_ingestion.py
[2026-05-23T07:36:54.870+0000] {processor.py:925} INFO - DAG(s) 'fraud_pipeline_bronze_hourly' retrieved from /opt/airflow/dags/spark_interval_ingestion.py
[2026-05-23T07:36:54.882+0000] {logging_mixin.py:190} INFO - [2026-05-23T07:36:54.882+0000] {dag.py:3239} INFO - Sync 1 DAGs
[2026-05-23T07:36:54.891+0000] {logging_mixin.py:190} INFO - [2026-05-23T07:36:54.891+0000] {dag.py:4180} INFO - Setting next_dagrun for fraud_pipeline_bronze_hourly to 2026-05-23 07:30:00+00:00, run_after=2026-05-23 07:35:00+00:00
[2026-05-23T07:36:54.896+0000] {processor.py:208} INFO - Processing /opt/airflow/dags/spark_interval_ingestion.py took 0.036 seconds
[2026-05-23T07:37:25.092+0000] {processor.py:186} INFO - Started process (PID=514) to work on /opt/airflow/dags/spark_interval_ingestion.py
[2026-05-23T07:37:25.093+0000] {processor.py:914} INFO - Processing file /opt/airflow/dags/spark_interval_ingestion.py for tasks to queue
[2026-05-23T07:37:25.095+0000] {logging_mixin.py:190} INFO - [2026-05-23T07:37:25.094+0000] {dagbag.py:588} INFO - Filling up the DagBag from /opt/airflow/dags/spark_interval_ingestion.py
[2026-05-23T07:37:25.108+0000] {processor.py:925} INFO - DAG(s) 'fraud_pipeline_bronze_hourly' retrieved from /opt/airflow/dags/spark_interval_ingestion.py
[2026-05-23T07:37:25.142+0000] {logging_mixin.py:190} INFO - [2026-05-23T07:37:25.142+0000] {dag.py:3239} INFO - Sync 1 DAGs
[2026-05-23T07:37:25.155+0000] {logging_mixin.py:190} INFO - [2026-05-23T07:37:25.155+0000] {dag.py:4180} INFO - Setting next_dagrun for fraud_pipeline_bronze_hourly to 2026-05-23 07:30:00+00:00, run_after=2026-05-23 07:35:00+00:00
[2026-05-23T07:37:25.161+0000] {processor.py:208} INFO - Processing /opt/airflow/dags/spark_interval_ingestion.py took 0.079 seconds
[2026-05-23T07:37:55.320+0000] {processor.py:186} INFO - Started process (PID=519) to work on /opt/airflow/dags/spark_interval_ingestion.py
[2026-05-23T07:37:55.321+0000] {processor.py:914} INFO - Processing file /opt/airflow/dags/spark_interval_ingestion.py for tasks to queue
[2026-05-23T07:37:55.321+0000] {logging_mixin.py:190} INFO - [2026-05-23T07:37:55.321+0000] {dagbag.py:588} INFO - Filling up the DagBag from /opt/airflow/dags/spark_interval_ingestion.py
[2026-05-23T07:37:55.338+0000] {processor.py:925} INFO - DAG(s) 'fraud_pipeline_bronze_hourly' retrieved from /opt/airflow/dags/spark_interval_ingestion.py
[2026-05-23T07:37:55.356+0000] {logging_mixin.py:190} INFO - [2026-05-23T07:37:55.356+0000] {dag.py:3239} INFO - Sync 1 DAGs
[2026-05-23T07:37:55.367+0000] {logging_mixin.py:190} INFO - [2026-05-23T07:37:55.367+0000] {dag.py:4180} INFO - Setting next_dagrun for fraud_pipeline_bronze_hourly to 2026-05-23 07:30:00+00:00, run_after=2026-05-23 07:35:00+00:00
[2026-05-23T07:37:55.374+0000] {processor.py:208} INFO - Processing /opt/airflow/dags/spark_interval_ingestion.py took 0.061 seconds
[2026-05-23T07:38:25.622+0000] {processor.py:186} INFO - Started process (PID=524) to work on /opt/airflow/dags/spark_interval_ingestion.py
[2026-05-23T07:38:25.624+0000] {processor.py:914} INFO - Processing file /opt/airflow/dags/spark_interval_ingestion.py for tasks to queue
[2026-05-23T07:38:25.625+0000] {logging_mixin.py:190} INFO - [2026-05-23T07:38:25.625+0000] {dagbag.py:588} INFO - Filling up the DagBag from /opt/airflow/dags/spark_interval_ingestion.py
[2026-05-23T07:38:25.643+0000] {processor.py:925} INFO - DAG(s) 'fraud_pipeline_bronze_hourly' retrieved from /opt/airflow/dags/spark_interval_ingestion.py
[2026-05-23T07:38:25.667+0000] {logging_mixin.py:190} INFO - [2026-05-23T07:38:25.667+0000] {dag.py:3239} INFO - Sync 1 DAGs
[2026-05-23T07:38:25.685+0000] {logging_mixin.py:190} INFO - [2026-05-23T07:38:25.685+0000] {dag.py:4180} INFO - Setting next_dagrun for fraud_pipeline_bronze_hourly to 2026-05-23 07:30:00+00:00, run_after=2026-05-23 07:35:00+00:00
[2026-05-23T07:38:25.696+0000] {processor.py:208} INFO - Processing /opt/airflow/dags/spark_interval_ingestion.py took 0.081 seconds
[2026-05-23T07:38:55.813+0000] {processor.py:186} INFO - Started process (PID=529) to work on /opt/airflow/dags/spark_interval_ingestion.py
[2026-05-23T07:38:55.814+0000] {processor.py:914} INFO - Processing file /opt/airflow/dags/spark_interval_ingestion.py for tasks to queue
[2026-05-23T07:38:55.815+0000] {logging_mixin.py:190} INFO - [2026-05-23T07:38:55.815+0000] {dagbag.py:588} INFO - Filling up the DagBag from /opt/airflow/dags/spark_interval_ingestion.py
[2026-05-23T07:38:55.827+0000] {processor.py:925} INFO - DAG(s) 'fraud_pipeline_bronze_hourly' retrieved from /opt/airflow/dags/spark_interval_ingestion.py
[2026-05-23T07:38:55.844+0000] {logging_mixin.py:190} INFO - [2026-05-23T07:38:55.844+0000] {dag.py:3239} INFO - Sync 1 DAGs
[2026-05-23T07:38:55.855+0000] {logging_mixin.py:190} INFO - [2026-05-23T07:38:55.855+0000] {dag.py:4180} INFO - Setting next_dagrun for fraud_pipeline_bronze_hourly to 2026-05-23 07:30:00+00:00, run_after=2026-05-23 07:35:00+00:00
[2026-05-23T07:38:55.862+0000] {processor.py:208} INFO - Processing /opt/airflow/dags/spark_interval_ingestion.py took 0.057 seconds
[2026-05-23T07:39:26.043+0000] {processor.py:186} INFO - Started process (PID=534) to work on /opt/airflow/dags/spark_interval_ingestion.py
[2026-05-23T07:39:26.043+0000] {processor.py:914} INFO - Processing file /opt/airflow/dags/spark_interval_ingestion.py for tasks to queue
[2026-05-23T07:39:26.044+0000] {logging_mixin.py:190} INFO - [2026-05-23T07:39:26.044+0000] {dagbag.py:588} INFO - Filling up the DagBag from /opt/airflow/dags/spark_interval_ingestion.py
[2026-05-23T07:39:26.053+0000] {processor.py:925} INFO - DAG(s) 'fraud_pipeline_bronze_hourly' retrieved from /opt/airflow/dags/spark_interval_ingestion.py
[2026-05-23T07:39:26.068+0000] {logging_mixin.py:190} INFO - [2026-05-23T07:39:26.068+0000] {dag.py:3239} INFO - Sync 1 DAGs
[2026-05-23T07:39:26.077+0000] {logging_mixin.py:190} INFO - [2026-05-23T07:39:26.077+0000] {dag.py:4180} INFO - Setting next_dagrun for fraud_pipeline_bronze_hourly to 2026-05-23 07:30:00+00:00, run_after=2026-05-23 07:35:00+00:00
[2026-05-23T07:39:26.083+0000] {processor.py:208} INFO - Processing /opt/airflow/dags/spark_interval_ingestion.py took 0.045 seconds
[2026-05-23T07:39:56.251+0000] {processor.py:186} INFO - Started process (PID=539) to work on /opt/airflow/dags/spark_interval_ingestion.py
[2026-05-23T07:39:56.251+0000] {processor.py:914} INFO - Processing file /opt/airflow/dags/spark_interval_ingestion.py for tasks to queue
[2026-05-23T07:39:56.252+0000] {logging_mixin.py:190} INFO - [2026-05-23T07:39:56.252+0000] {dagbag.py:588} INFO - Filling up the DagBag from /opt/airflow/dags/spark_interval_ingestion.py
[2026-05-23T07:39:56.262+0000] {processor.py:925} INFO - DAG(s) 'fraud_pipeline_bronze_hourly' retrieved from /opt/airflow/dags/spark_interval_ingestion.py
[2026-05-23T07:39:56.279+0000] {logging_mixin.py:190} INFO - [2026-05-23T07:39:56.279+0000] {dag.py:3239} INFO - Sync 1 DAGs
[2026-05-23T07:39:56.288+0000] {logging_mixin.py:190} INFO - [2026-05-23T07:39:56.288+0000] {dag.py:4180} INFO - Setting next_dagrun for fraud_pipeline_bronze_hourly to 2026-05-23 07:30:00+00:00, run_after=2026-05-23 07:35:00+00:00
[2026-05-23T07:39:56.294+0000] {processor.py:208} INFO - Processing /opt/airflow/dags/spark_interval_ingestion.py took 0.048 seconds
[2026-05-23T07:40:26.441+0000] {processor.py:186} INFO - Started process (PID=544) to work on /opt/airflow/dags/spark_interval_ingestion.py
[2026-05-23T07:40:26.442+0000] {processor.py:914} INFO - Processing file /opt/airflow/dags/spark_interval_ingestion.py for tasks to queue
[2026-05-23T07:40:26.443+0000] {logging_mixin.py:190} INFO - [2026-05-23T07:40:26.443+0000] {dagbag.py:588} INFO - Filling up the DagBag from /opt/airflow/dags/spark_interval_ingestion.py
[2026-05-23T07:40:26.454+0000] {processor.py:925} INFO - DAG(s) 'fraud_pipeline_bronze_hourly' retrieved from /opt/airflow/dags/spark_interval_ingestion.py
[2026-05-23T07:40:26.470+0000] {logging_mixin.py:190} INFO - [2026-05-23T07:40:26.470+0000] {dag.py:3239} INFO - Sync 1 DAGs
[2026-05-23T07:40:26.478+0000] {logging_mixin.py:190} INFO - [2026-05-23T07:40:26.478+0000] {dag.py:4180} INFO - Setting next_dagrun for fraud_pipeline_bronze_hourly to 2026-05-23 07:35:00+00:00, run_after=2026-05-23 07:40:00+00:00
[2026-05-23T07:40:26.484+0000] {processor.py:208} INFO - Processing /opt/airflow/dags/spark_interval_ingestion.py took 0.048 seconds
[2026-05-23T07:40:56.663+0000] {processor.py:186} INFO - Started process (PID=549) to work on /opt/airflow/dags/spark_interval_ingestion.py
[2026-05-23T07:40:56.663+0000] {processor.py:914} INFO - Processing file /opt/airflow/dags/spark_interval_ingestion.py for tasks to queue
[2026-05-23T07:40:56.664+0000] {logging_mixin.py:190} INFO - [2026-05-23T07:40:56.664+0000] {dagbag.py:588} INFO - Filling up the DagBag from /opt/airflow/dags/spark_interval_ingestion.py
[2026-05-23T07:40:56.673+0000] {processor.py:925} INFO - DAG(s) 'fraud_pipeline_bronze_hourly' retrieved from /opt/airflow/dags/spark_interval_ingestion.py
[2026-05-23T07:40:56.689+0000] {logging_mixin.py:190} INFO - [2026-05-23T07:40:56.689+0000] {dag.py:3239} INFO - Sync 1 DAGs
[2026-05-23T07:40:56.698+0000] {logging_mixin.py:190} INFO - [2026-05-23T07:40:56.698+0000] {dag.py:4180} INFO - Setting next_dagrun for fraud_pipeline_bronze_hourly to 2026-05-23 07:35:00+00:00, run_after=2026-05-23 07:40:00+00:00
[2026-05-23T07:40:56.704+0000] {processor.py:208} INFO - Processing /opt/airflow/dags/spark_interval_ingestion.py took 0.045 seconds
[2026-05-23T07:41:26.851+0000] {processor.py:186} INFO - Started process (PID=554) to work on /opt/airflow/dags/spark_interval_ingestion.py
[2026-05-23T07:41:26.851+0000] {processor.py:914} INFO - Processing file /opt/airflow/dags/spark_interval_ingestion.py for tasks to queue
[2026-05-23T07:41:26.853+0000] {logging_mixin.py:190} INFO - [2026-05-23T07:41:26.853+0000] {dagbag.py:588} INFO - Filling up the DagBag from /opt/airflow/dags/spark_interval_ingestion.py
[2026-05-23T07:41:26.862+0000] {processor.py:925} INFO - DAG(s) 'fraud_pipeline_bronze_hourly' retrieved from /opt/airflow/dags/spark_interval_ingestion.py
[2026-05-23T07:41:26.880+0000] {logging_mixin.py:190} INFO - [2026-05-23T07:41:26.880+0000] {dag.py:3239} INFO - Sync 1 DAGs
[2026-05-23T07:41:26.890+0000] {logging_mixin.py:190} INFO - [2026-05-23T07:41:26.890+0000] {dag.py:4180} INFO - Setting next_dagrun for fraud_pipeline_bronze_hourly to 2026-05-23 07:35:00+00:00, run_after=2026-05-23 07:40:00+00:00
[2026-05-23T07:41:26.898+0000] {processor.py:208} INFO - Processing /opt/airflow/dags/spark_interval_ingestion.py took 0.052 seconds
[2026-05-23T07:41:57.056+0000] {processor.py:186} INFO - Started process (PID=559) to work on /opt/airflow/dags/spark_interval_ingestion.py
[2026-05-23T07:41:57.057+0000] {processor.py:914} INFO - Processing file /opt/airflow/dags/spark_interval_ingestion.py for tasks to queue
[2026-05-23T07:41:57.058+0000] {logging_mixin.py:190} INFO - [2026-05-23T07:41:57.057+0000] {dagbag.py:588} INFO - Filling up the DagBag from /opt/airflow/dags/spark_interval_ingestion.py
[2026-05-23T07:41:57.067+0000] {processor.py:925} INFO - DAG(s) 'fraud_pipeline_bronze_hourly' retrieved from /opt/airflow/dags/spark_interval_ingestion.py
[2026-05-23T07:41:57.086+0000] {logging_mixin.py:190} INFO - [2026-05-23T07:41:57.086+0000] {dag.py:3239} INFO - Sync 1 DAGs
[2026-05-23T07:41:57.098+0000] {logging_mixin.py:190} INFO - [2026-05-23T07:41:57.098+0000] {dag.py:4180} INFO - Setting next_dagrun for fraud_pipeline_bronze_hourly to 2026-05-23 07:35:00+00:00, run_after=2026-05-23 07:40:00+00:00
[2026-05-23T07:41:57.104+0000] {processor.py:208} INFO - Processing /opt/airflow/dags/spark_interval_ingestion.py took 0.053 seconds
[2026-05-23T07:42:27.284+0000] {processor.py:186} INFO - Started process (PID=564) to work on /opt/airflow/dags/spark_interval_ingestion.py
[2026-05-23T07:42:27.285+0000] {processor.py:914} INFO - Processing file /opt/airflow/dags/spark_interval_ingestion.py for tasks to queue
[2026-05-23T07:42:27.286+0000] {logging_mixin.py:190} INFO - [2026-05-23T07:42:27.286+0000] {dagbag.py:588} INFO - Filling up the DagBag from /opt/airflow/dags/spark_interval_ingestion.py
[2026-05-23T07:42:27.296+0000] {processor.py:925} INFO - DAG(s) 'fraud_pipeline_bronze_hourly' retrieved from /opt/airflow/dags/spark_interval_ingestion.py
[2026-05-23T07:42:27.316+0000] {logging_mixin.py:190} INFO - [2026-05-23T07:42:27.316+0000] {dag.py:3239} INFO - Sync 1 DAGs
[2026-05-23T07:42:27.328+0000] {logging_mixin.py:190} INFO - [2026-05-23T07:42:27.328+0000] {dag.py:4180} INFO - Setting next_dagrun for fraud_pipeline_bronze_hourly to 2026-05-23 07:35:00+00:00, run_after=2026-05-23 07:40:00+00:00
[2026-05-23T07:42:27.333+0000] {processor.py:208} INFO - Processing /opt/airflow/dags/spark_interval_ingestion.py took 0.054 seconds
[2026-05-23T07:42:57.505+0000] {processor.py:186} INFO - Started process (PID=569) to work on /opt/airflow/dags/spark_interval_ingestion.py
[2026-05-23T07:42:57.505+0000] {processor.py:914} INFO - Processing file /opt/airflow/dags/spark_interval_ingestion.py for tasks to queue
[2026-05-23T07:42:57.506+0000] {logging_mixin.py:190} INFO - [2026-05-23T07:42:57.506+0000] {dagbag.py:588} INFO - Filling up the DagBag from /opt/airflow/dags/spark_interval_ingestion.py
[2026-05-23T07:42:57.516+0000] {processor.py:925} INFO - DAG(s) 'fraud_pipeline_bronze_hourly' retrieved from /opt/airflow/dags/spark_interval_ingestion.py
[2026-05-23T07:42:57.534+0000] {logging_mixin.py:190} INFO - [2026-05-23T07:42:57.534+0000] {dag.py:3239} INFO - Sync 1 DAGs
[2026-05-23T07:42:57.545+0000] {logging_mixin.py:190} INFO - [2026-05-23T07:42:57.545+0000] {dag.py:4180} INFO - Setting next_dagrun for fraud_pipeline_bronze_hourly to 2026-05-23 07:35:00+00:00, run_after=2026-05-23 07:40:00+00:00
[2026-05-23T07:42:57.551+0000] {processor.py:208} INFO - Processing /opt/airflow/dags/spark_interval_ingestion.py took 0.051 seconds
[2026-05-23T07:43:27.729+0000] {processor.py:186} INFO - Started process (PID=574) to work on /opt/airflow/dags/spark_interval_ingestion.py
[2026-05-23T07:43:27.729+0000] {processor.py:914} INFO - Processing file /opt/airflow/dags/spark_interval_ingestion.py for tasks to queue
[2026-05-23T07:43:27.730+0000] {logging_mixin.py:190} INFO - [2026-05-23T07:43:27.730+0000] {dagbag.py:588} INFO - Filling up the DagBag from /opt/airflow/dags/spark_interval_ingestion.py
[2026-05-23T07:43:27.735+0000] {processor.py:925} INFO - DAG(s) 'fraud_pipeline_bronze_hourly' retrieved from /opt/airflow/dags/spark_interval_ingestion.py
[2026-05-23T07:43:27.744+0000] {logging_mixin.py:190} INFO - [2026-05-23T07:43:27.744+0000] {dag.py:3239} INFO - Sync 1 DAGs
[2026-05-23T07:43:27.752+0000] {logging_mixin.py:190} INFO - [2026-05-23T07:43:27.752+0000] {dag.py:4180} INFO - Setting next_dagrun for fraud_pipeline_bronze_hourly to 2026-05-23 07:35:00+00:00, run_after=2026-05-23 07:40:00+00:00
[2026-05-23T07:43:27.757+0000] {processor.py:208} INFO - Processing /opt/airflow/dags/spark_interval_ingestion.py took 0.031 seconds
[2026-05-23T07:43:57.937+0000] {processor.py:186} INFO - Started process (PID=579) to work on /opt/airflow/dags/spark_interval_ingestion.py
[2026-05-23T07:43:57.937+0000] {processor.py:914} INFO - Processing file /opt/airflow/dags/spark_interval_ingestion.py for tasks to queue
[2026-05-23T07:43:57.938+0000] {logging_mixin.py:190} INFO - [2026-05-23T07:43:57.938+0000] {dagbag.py:588} INFO - Filling up the DagBag from /opt/airflow/dags/spark_interval_ingestion.py
[2026-05-23T07:43:57.948+0000] {processor.py:925} INFO - DAG(s) 'fraud_pipeline_bronze_hourly' retrieved from /opt/airflow/dags/spark_interval_ingestion.py
[2026-05-23T07:43:57.968+0000] {logging_mixin.py:190} INFO - [2026-05-23T07:43:57.967+0000] {dag.py:3239} INFO - Sync 1 DAGs
[2026-05-23T07:43:57.980+0000] {logging_mixin.py:190} INFO - [2026-05-23T07:43:57.980+0000] {dag.py:4180} INFO - Setting next_dagrun for fraud_pipeline_bronze_hourly to 2026-05-23 07:35:00+00:00, run_after=2026-05-23 07:40:00+00:00
[2026-05-23T07:43:57.986+0000] {processor.py:208} INFO - Processing /opt/airflow/dags/spark_interval_ingestion.py took 0.054 seconds
[2026-05-23T07:44:28.162+0000] {processor.py:186} INFO - Started process (PID=584) to work on /opt/airflow/dags/spark_interval_ingestion.py
[2026-05-23T07:44:28.163+0000] {processor.py:914} INFO - Processing file /opt/airflow/dags/spark_interval_ingestion.py for tasks to queue
[2026-05-23T07:44:28.164+0000] {logging_mixin.py:190} INFO - [2026-05-23T07:44:28.164+0000] {dagbag.py:588} INFO - Filling up the DagBag from /opt/airflow/dags/spark_interval_ingestion.py
[2026-05-23T07:44:28.177+0000] {processor.py:925} INFO - DAG(s) 'fraud_pipeline_bronze_hourly' retrieved from /opt/airflow/dags/spark_interval_ingestion.py
[2026-05-23T07:44:28.195+0000] {logging_mixin.py:190} INFO - [2026-05-23T07:44:28.195+0000] {dag.py:3239} INFO - Sync 1 DAGs
[2026-05-23T07:44:28.206+0000] {logging_mixin.py:190} INFO - [2026-05-23T07:44:28.206+0000] {dag.py:4180} INFO - Setting next_dagrun for fraud_pipeline_bronze_hourly to 2026-05-23 07:35:00+00:00, run_after=2026-05-23 07:40:00+00:00
[2026-05-23T07:44:28.212+0000] {processor.py:208} INFO - Processing /opt/airflow/dags/spark_interval_ingestion.py took 0.057 seconds
[2026-05-23T07:44:58.367+0000] {processor.py:186} INFO - Started process (PID=589) to work on /opt/airflow/dags/spark_interval_ingestion.py
[2026-05-23T07:44:58.368+0000] {processor.py:914} INFO - Processing file /opt/airflow/dags/spark_interval_ingestion.py for tasks to queue
[2026-05-23T07:44:58.370+0000] {logging_mixin.py:190} INFO - [2026-05-23T07:44:58.370+0000] {dagbag.py:588} INFO - Filling up the DagBag from /opt/airflow/dags/spark_interval_ingestion.py
[2026-05-23T07:44:58.381+0000] {processor.py:925} INFO - DAG(s) 'fraud_pipeline_bronze_hourly' retrieved from /opt/airflow/dags/spark_interval_ingestion.py
[2026-05-23T07:44:58.398+0000] {logging_mixin.py:190} INFO - [2026-05-23T07:44:58.398+0000] {dag.py:3239} INFO - Sync 1 DAGs
[2026-05-23T07:44:58.407+0000] {logging_mixin.py:190} INFO - [2026-05-23T07:44:58.407+0000] {dag.py:4180} INFO - Setting next_dagrun for fraud_pipeline_bronze_hourly to 2026-05-23 07:35:00+00:00, run_after=2026-05-23 07:40:00+00:00
[2026-05-23T07:44:58.412+0000] {processor.py:208} INFO - Processing /opt/airflow/dags/spark_interval_ingestion.py took 0.050 seconds
[2026-05-23T07:45:28.590+0000] {processor.py:186} INFO - Started process (PID=594) to work on /opt/airflow/dags/spark_interval_ingestion.py
[2026-05-23T07:45:28.591+0000] {processor.py:914} INFO - Processing file /opt/airflow/dags/spark_interval_ingestion.py for tasks to queue
[2026-05-23T07:45:28.592+0000] {logging_mixin.py:190} INFO - [2026-05-23T07:45:28.592+0000] {dagbag.py:588} INFO - Filling up the DagBag from /opt/airflow/dags/spark_interval_ingestion.py
[2026-05-23T07:45:28.601+0000] {processor.py:925} INFO - DAG(s) 'fraud_pipeline_bronze_hourly' retrieved from /opt/airflow/dags/spark_interval_ingestion.py
[2026-05-23T07:45:28.617+0000] {logging_mixin.py:190} INFO - [2026-05-23T07:45:28.617+0000] {dag.py:3239} INFO - Sync 1 DAGs
[2026-05-23T07:45:28.629+0000] {logging_mixin.py:190} INFO - [2026-05-23T07:45:28.629+0000] {dag.py:4180} INFO - Setting next_dagrun for fraud_pipeline_bronze_hourly to 2026-05-23 07:40:00+00:00, run_after=2026-05-23 07:45:00+00:00
[2026-05-23T07:45:28.635+0000] {processor.py:208} INFO - Processing /opt/airflow/dags/spark_interval_ingestion.py took 0.050 seconds
[2026-05-23T07:45:58.804+0000] {processor.py:186} INFO - Started process (PID=599) to work on /opt/airflow/dags/spark_interval_ingestion.py
[2026-05-23T07:45:58.804+0000] {processor.py:914} INFO - Processing file /opt/airflow/dags/spark_interval_ingestion.py for tasks to queue
[2026-05-23T07:45:58.805+0000] {logging_mixin.py:190} INFO - [2026-05-23T07:45:58.805+0000] {dagbag.py:588} INFO - Filling up the DagBag from /opt/airflow/dags/spark_interval_ingestion.py
[2026-05-23T07:45:58.815+0000] {processor.py:925} INFO - DAG(s) 'fraud_pipeline_bronze_hourly' retrieved from /opt/airflow/dags/spark_interval_ingestion.py
[2026-05-23T07:45:58.833+0000] {logging_mixin.py:190} INFO - [2026-05-23T07:45:58.833+0000] {dag.py:3239} INFO - Sync 1 DAGs
[2026-05-23T07:45:58.843+0000] {logging_mixin.py:190} INFO - [2026-05-23T07:45:58.843+0000] {dag.py:4180} INFO - Setting next_dagrun for fraud_pipeline_bronze_hourly to 2026-05-23 07:40:00+00:00, run_after=2026-05-23 07:45:00+00:00
[2026-05-23T07:45:58.849+0000] {processor.py:208} INFO - Processing /opt/airflow/dags/spark_interval_ingestion.py took 0.050 seconds
[2026-05-23T07:46:28.987+0000] {processor.py:186} INFO - Started process (PID=604) to work on /opt/airflow/dags/spark_interval_ingestion.py
[2026-05-23T07:46:28.988+0000] {processor.py:914} INFO - Processing file /opt/airflow/dags/spark_interval_ingestion.py for tasks to queue
[2026-05-23T07:46:28.989+0000] {logging_mixin.py:190} INFO - [2026-05-23T07:46:28.989+0000] {dagbag.py:588} INFO - Filling up the DagBag from /opt/airflow/dags/spark_interval_ingestion.py
[2026-05-23T07:46:29.000+0000] {processor.py:925} INFO - DAG(s) 'fraud_pipeline_bronze_hourly' retrieved from /opt/airflow/dags/spark_interval_ingestion.py
[2026-05-23T07:46:29.017+0000] {logging_mixin.py:190} INFO - [2026-05-23T07:46:29.017+0000] {dag.py:3239} INFO - Sync 1 DAGs
[2026-05-23T07:46:29.026+0000] {logging_mixin.py:190} INFO - [2026-05-23T07:46:29.026+0000] {dag.py:4180} INFO - Setting next_dagrun for fraud_pipeline_bronze_hourly to 2026-05-23 07:40:00+00:00, run_after=2026-05-23 07:45:00+00:00
[2026-05-23T07:46:29.033+0000] {processor.py:208} INFO - Processing /opt/airflow/dags/spark_interval_ingestion.py took 0.050 seconds
[2026-05-23T07:46:59.213+0000] {processor.py:186} INFO - Started process (PID=609) to work on /opt/airflow/dags/spark_interval_ingestion.py
[2026-05-23T07:46:59.214+0000] {processor.py:914} INFO - Processing file /opt/airflow/dags/spark_interval_ingestion.py for tasks to queue
[2026-05-23T07:46:59.215+0000] {logging_mixin.py:190} INFO - [2026-05-23T07:46:59.215+0000] {dagbag.py:588} INFO - Filling up the DagBag from /opt/airflow/dags/spark_interval_ingestion.py
[2026-05-23T07:46:59.225+0000] {processor.py:925} INFO - DAG(s) 'fraud_pipeline_bronze_hourly' retrieved from /opt/airflow/dags/spark_interval_ingestion.py
[2026-05-23T07:46:59.243+0000] {logging_mixin.py:190} INFO - [2026-05-23T07:46:59.243+0000] {dag.py:3239} INFO - Sync 1 DAGs
[2026-05-23T07:46:59.255+0000] {logging_mixin.py:190} INFO - [2026-05-23T07:46:59.255+0000] {dag.py:4180} INFO - Setting next_dagrun for fraud_pipeline_bronze_hourly to 2026-05-23 07:40:00+00:00, run_after=2026-05-23 07:45:00+00:00
[2026-05-23T07:46:59.261+0000] {processor.py:208} INFO - Processing /opt/airflow/dags/spark_interval_ingestion.py took 0.052 seconds
[2026-05-23T07:47:29.427+0000] {processor.py:186} INFO - Started process (PID=614) to work on /opt/airflow/dags/spark_interval_ingestion.py
[2026-05-23T07:47:29.428+0000] {processor.py:914} INFO - Processing file /opt/airflow/dags/spark_interval_ingestion.py for tasks to queue
[2026-05-23T07:47:29.430+0000] {logging_mixin.py:190} INFO - [2026-05-23T07:47:29.429+0000] {dagbag.py:588} INFO - Filling up the DagBag from /opt/airflow/dags/spark_interval_ingestion.py
[2026-05-23T07:47:29.440+0000] {processor.py:925} INFO - DAG(s) 'fraud_pipeline_bronze_hourly' retrieved from /opt/airflow/dags/spark_interval_ingestion.py
[2026-05-23T07:47:29.458+0000] {logging_mixin.py:190} INFO - [2026-05-23T07:47:29.457+0000] {dag.py:3239} INFO - Sync 1 DAGs
[2026-05-23T07:47:29.469+0000] {logging_mixin.py:190} INFO - [2026-05-23T07:47:29.469+0000] {dag.py:4180} INFO - Setting next_dagrun for fraud_pipeline_bronze_hourly to 2026-05-23 07:40:00+00:00, run_after=2026-05-23 07:45:00+00:00
[2026-05-23T07:47:29.474+0000] {processor.py:208} INFO - Processing /opt/airflow/dags/spark_interval_ingestion.py took 0.052 seconds
[2026-05-23T07:47:59.668+0000] {processor.py:186} INFO - Started process (PID=619) to work on /opt/airflow/dags/spark_interval_ingestion.py
[2026-05-23T07:47:59.668+0000] {processor.py:914} INFO - Processing file /opt/airflow/dags/spark_interval_ingestion.py for tasks to queue
[2026-05-23T07:47:59.669+0000] {logging_mixin.py:190} INFO - [2026-05-23T07:47:59.669+0000] {dagbag.py:588} INFO - Filling up the DagBag from /opt/airflow/dags/spark_interval_ingestion.py
[2026-05-23T07:47:59.681+0000] {processor.py:925} INFO - DAG(s) 'fraud_pipeline_bronze_hourly' retrieved from /opt/airflow/dags/spark_interval_ingestion.py
[2026-05-23T07:47:59.701+0000] {logging_mixin.py:190} INFO - [2026-05-23T07:47:59.700+0000] {dag.py:3239} INFO - Sync 1 DAGs
[2026-05-23T07:47:59.713+0000] {logging_mixin.py:190} INFO - [2026-05-23T07:47:59.713+0000] {dag.py:4180} INFO - Setting next_dagrun for fraud_pipeline_bronze_hourly to 2026-05-23 07:40:00+00:00, run_after=2026-05-23 07:45:00+00:00
[2026-05-23T07:47:59.719+0000] {processor.py:208} INFO - Processing /opt/airflow/dags/spark_interval_ingestion.py took 0.056 seconds
[2026-05-23T07:48:29.882+0000] {processor.py:186} INFO - Started process (PID=624) to work on /opt/airflow/dags/spark_interval_ingestion.py
[2026-05-23T07:48:29.883+0000] {processor.py:914} INFO - Processing file /opt/airflow/dags/spark_interval_ingestion.py for tasks to queue
[2026-05-23T07:48:29.886+0000] {logging_mixin.py:190} INFO - [2026-05-23T07:48:29.886+0000] {dagbag.py:588} INFO - Filling up the DagBag from /opt/airflow/dags/spark_interval_ingestion.py
[2026-05-23T07:48:29.890+0000] {processor.py:925} INFO - DAG(s) 'fraud_pipeline_bronze_hourly' retrieved from /opt/airflow/dags/spark_interval_ingestion.py
[2026-05-23T07:48:29.899+0000] {logging_mixin.py:190} INFO - [2026-05-23T07:48:29.899+0000] {dag.py:3239} INFO - Sync 1 DAGs
[2026-05-23T07:48:29.906+0000] {logging_mixin.py:190} INFO - [2026-05-23T07:48:29.906+0000] {dag.py:4180} INFO - Setting next_dagrun for fraud_pipeline_bronze_hourly to 2026-05-23 07:40:00+00:00, run_after=2026-05-23 07:45:00+00:00
[2026-05-23T07:48:29.911+0000] {processor.py:208} INFO - Processing /opt/airflow/dags/spark_interval_ingestion.py took 0.031 seconds
[2026-05-23T07:49:00.089+0000] {processor.py:186} INFO - Started process (PID=629) to work on /opt/airflow/dags/spark_interval_ingestion.py
[2026-05-23T07:49:00.090+0000] {processor.py:914} INFO - Processing file /opt/airflow/dags/spark_interval_ingestion.py for tasks to queue
[2026-05-23T07:49:00.090+0000] {logging_mixin.py:190} INFO - [2026-05-23T07:49:00.090+0000] {dagbag.py:588} INFO - Filling up the DagBag from /opt/airflow/dags/spark_interval_ingestion.py
[2026-05-23T07:49:00.096+0000] {processor.py:925} INFO - DAG(s) 'fraud_pipeline_bronze_hourly' retrieved from /opt/airflow/dags/spark_interval_ingestion.py
[2026-05-23T07:49:00.109+0000] {logging_mixin.py:190} INFO - [2026-05-23T07:49:00.109+0000] {dag.py:3239} INFO - Sync 1 DAGs
[2026-05-23T07:49:00.117+0000] {logging_mixin.py:190} INFO - [2026-05-23T07:49:00.117+0000] {dag.py:4180} INFO - Setting next_dagrun for fraud_pipeline_bronze_hourly to 2026-05-23 07:40:00+00:00, run_after=2026-05-23 07:45:00+00:00
[2026-05-23T07:49:00.124+0000] {processor.py:208} INFO - Processing /opt/airflow/dags/spark_interval_ingestion.py took 0.038 seconds
[2026-05-23T07:49:30.280+0000] {processor.py:186} INFO - Started process (PID=634) to work on /opt/airflow/dags/spark_interval_ingestion.py
[2026-05-23T07:49:30.280+0000] {processor.py:914} INFO - Processing file /opt/airflow/dags/spark_interval_ingestion.py for tasks to queue
[2026-05-23T07:49:30.282+0000] {logging_mixin.py:190} INFO - [2026-05-23T07:49:30.281+0000] {dagbag.py:588} INFO - Filling up the DagBag from /opt/airflow/dags/spark_interval_ingestion.py
[2026-05-23T07:49:30.292+0000] {processor.py:925} INFO - DAG(s) 'fraud_pipeline_bronze_hourly' retrieved from /opt/airflow/dags/spark_interval_ingestion.py
[2026-05-23T07:49:30.311+0000] {logging_mixin.py:190} INFO - [2026-05-23T07:49:30.311+0000] {dag.py:3239} INFO - Sync 1 DAGs
[2026-05-23T07:49:30.323+0000] {logging_mixin.py:190} INFO - [2026-05-23T07:49:30.323+0000] {dag.py:4180} INFO - Setting next_dagrun for fraud_pipeline_bronze_hourly to 2026-05-23 07:40:00+00:00, run_after=2026-05-23 07:45:00+00:00
[2026-05-23T07:49:30.329+0000] {processor.py:208} INFO - Processing /opt/airflow/dags/spark_interval_ingestion.py took 0.052 seconds
[2026-05-23T07:50:00.511+0000] {processor.py:186} INFO - Started process (PID=639) to work on /opt/airflow/dags/spark_interval_ingestion.py
[2026-05-23T07:50:00.511+0000] {processor.py:914} INFO - Processing file /opt/airflow/dags/spark_interval_ingestion.py for tasks to queue
[2026-05-23T07:50:00.513+0000] {logging_mixin.py:190} INFO - [2026-05-23T07:50:00.513+0000] {dagbag.py:588} INFO - Filling up the DagBag from /opt/airflow/dags/spark_interval_ingestion.py
[2026-05-23T07:50:00.522+0000] {processor.py:925} INFO - DAG(s) 'fraud_pipeline_bronze_hourly' retrieved from /opt/airflow/dags/spark_interval_ingestion.py
[2026-05-23T07:50:00.540+0000] {logging_mixin.py:190} INFO - [2026-05-23T07:50:00.540+0000] {dag.py:3239} INFO - Sync 1 DAGs
[2026-05-23T07:50:00.552+0000] {logging_mixin.py:190} INFO - [2026-05-23T07:50:00.551+0000] {dag.py:4180} INFO - Setting next_dagrun for fraud_pipeline_bronze_hourly to 2026-05-23 07:45:00+00:00, run_after=2026-05-23 07:50:00+00:00
[2026-05-23T07:50:00.558+0000] {processor.py:208} INFO - Processing /opt/airflow/dags/spark_interval_ingestion.py took 0.052 seconds
[2026-05-23T07:50:30.737+0000] {processor.py:186} INFO - Started process (PID=644) to work on /opt/airflow/dags/spark_interval_ingestion.py
[2026-05-23T07:50:30.738+0000] {processor.py:914} INFO - Processing file /opt/airflow/dags/spark_interval_ingestion.py for tasks to queue
[2026-05-23T07:50:30.739+0000] {logging_mixin.py:190} INFO - [2026-05-23T07:50:30.739+0000] {dagbag.py:588} INFO - Filling up the DagBag from /opt/airflow/dags/spark_interval_ingestion.py
[2026-05-23T07:50:30.749+0000] {processor.py:925} INFO - DAG(s) 'fraud_pipeline_bronze_hourly' retrieved from /opt/airflow/dags/spark_interval_ingestion.py
[2026-05-23T07:50:30.766+0000] {logging_mixin.py:190} INFO - [2026-05-23T07:50:30.766+0000] {dag.py:3239} INFO - Sync 1 DAGs
[2026-05-23T07:50:30.777+0000] {logging_mixin.py:190} INFO - [2026-05-23T07:50:30.777+0000] {dag.py:4180} INFO - Setting next_dagrun for fraud_pipeline_bronze_hourly to 2026-05-23 07:45:00+00:00, run_after=2026-05-23 07:50:00+00:00
[2026-05-23T07:50:30.784+0000] {processor.py:208} INFO - Processing /opt/airflow/dags/spark_interval_ingestion.py took 0.051 seconds
[2026-05-23T07:51:00.972+0000] {processor.py:186} INFO - Started process (PID=649) to work on /opt/airflow/dags/spark_interval_ingestion.py
[2026-05-23T07:51:00.973+0000] {processor.py:914} INFO - Processing file /opt/airflow/dags/spark_interval_ingestion.py for tasks to queue
[2026-05-23T07:51:00.973+0000] {logging_mixin.py:190} INFO - [2026-05-23T07:51:00.973+0000] {dagbag.py:588} INFO - Filling up the DagBag from /opt/airflow/dags/spark_interval_ingestion.py
[2026-05-23T07:51:00.984+0000] {processor.py:925} INFO - DAG(s) 'fraud_pipeline_bronze_hourly' retrieved from /opt/airflow/dags/spark_interval_ingestion.py
[2026-05-23T07:51:01.000+0000] {logging_mixin.py:190} INFO - [2026-05-23T07:51:01.000+0000] {dag.py:3239} INFO - Sync 1 DAGs
[2026-05-23T07:51:01.024+0000] {logging_mixin.py:190} INFO - [2026-05-23T07:51:01.024+0000] {dag.py:4180} INFO - Setting next_dagrun for fraud_pipeline_bronze_hourly to 2026-05-23 07:45:00+00:00, run_after=2026-05-23 07:50:00+00:00
[2026-05-23T07:51:01.037+0000] {processor.py:208} INFO - Processing /opt/airflow/dags/spark_interval_ingestion.py took 0.070 seconds
[2026-05-23T07:51:31.191+0000] {processor.py:186} INFO - Started process (PID=654) to work on /opt/airflow/dags/spark_interval_ingestion.py
[2026-05-23T07:51:31.192+0000] {processor.py:914} INFO - Processing file /opt/airflow/dags/spark_interval_ingestion.py for tasks to queue
[2026-05-23T07:51:31.196+0000] {logging_mixin.py:190} INFO - [2026-05-23T07:51:31.196+0000] {dagbag.py:588} INFO - Filling up the DagBag from /opt/airflow/dags/spark_interval_ingestion.py
[2026-05-23T07:51:31.217+0000] {processor.py:925} INFO - DAG(s) 'fraud_pipeline_bronze_hourly' retrieved from /opt/airflow/dags/spark_interval_ingestion.py
[2026-05-23T07:51:31.239+0000] {logging_mixin.py:190} INFO - [2026-05-23T07:51:31.239+0000] {dag.py:3239} INFO - Sync 1 DAGs
[2026-05-23T07:51:31.256+0000] {logging_mixin.py:190} INFO - [2026-05-23T07:51:31.256+0000] {dag.py:4180} INFO - Setting next_dagrun for fraud_pipeline_bronze_hourly to 2026-05-23 07:45:00+00:00, run_after=2026-05-23 07:50:00+00:00
[2026-05-23T07:51:31.266+0000] {processor.py:208} INFO - Processing /opt/airflow/dags/spark_interval_ingestion.py took 0.080 seconds
[2026-05-23T07:52:01.458+0000] {processor.py:186} INFO - Started process (PID=659) to work on /opt/airflow/dags/spark_interval_ingestion.py
[2026-05-23T07:52:01.459+0000] {processor.py:914} INFO - Processing file /opt/airflow/dags/spark_interval_ingestion.py for tasks to queue
[2026-05-23T07:52:01.460+0000] {logging_mixin.py:190} INFO - [2026-05-23T07:52:01.460+0000] {dagbag.py:588} INFO - Filling up the DagBag from /opt/airflow/dags/spark_interval_ingestion.py
[2026-05-23T07:52:01.470+0000] {processor.py:925} INFO - DAG(s) 'fraud_pipeline_bronze_hourly' retrieved from /opt/airflow/dags/spark_interval_ingestion.py
[2026-05-23T07:52:01.486+0000] {logging_mixin.py:190} INFO - [2026-05-23T07:52:01.486+0000] {dag.py:3239} INFO - Sync 1 DAGs
[2026-05-23T07:52:01.499+0000] {logging_mixin.py:190} INFO - [2026-05-23T07:52:01.499+0000] {dag.py:4180} INFO - Setting next_dagrun for fraud_pipeline_bronze_hourly to 2026-05-23 07:45:00+00:00, run_after=2026-05-23 07:50:00+00:00
[2026-05-23T07:52:01.506+0000] {processor.py:208} INFO - Processing /opt/airflow/dags/spark_interval_ingestion.py took 0.053 seconds
[2026-05-23T07:52:31.675+0000] {processor.py:186} INFO - Started process (PID=664) to work on /opt/airflow/dags/spark_interval_ingestion.py
[2026-05-23T07:52:31.675+0000] {processor.py:914} INFO - Processing file /opt/airflow/dags/spark_interval_ingestion.py for tasks to queue
[2026-05-23T07:52:31.676+0000] {logging_mixin.py:190} INFO - [2026-05-23T07:52:31.676+0000] {dagbag.py:588} INFO - Filling up the DagBag from /opt/airflow/dags/spark_interval_ingestion.py
[2026-05-23T07:52:31.689+0000] {processor.py:925} INFO - DAG(s) 'fraud_pipeline_bronze_hourly' retrieved from /opt/airflow/dags/spark_interval_ingestion.py
[2026-05-23T07:52:31.705+0000] {logging_mixin.py:190} INFO - [2026-05-23T07:52:31.705+0000] {dag.py:3239} INFO - Sync 1 DAGs
[2026-05-23T07:52:31.715+0000] {logging_mixin.py:190} INFO - [2026-05-23T07:52:31.715+0000] {dag.py:4180} INFO - Setting next_dagrun for fraud_pipeline_bronze_hourly to 2026-05-23 07:45:00+00:00, run_after=2026-05-23 07:50:00+00:00
[2026-05-23T07:52:31.721+0000] {processor.py:208} INFO - Processing /opt/airflow/dags/spark_interval_ingestion.py took 0.052 seconds
[2026-05-23T07:53:01.898+0000] {processor.py:186} INFO - Started process (PID=669) to work on /opt/airflow/dags/spark_interval_ingestion.py
[2026-05-23T07:53:01.899+0000] {processor.py:914} INFO - Processing file /opt/airflow/dags/spark_interval_ingestion.py for tasks to queue
[2026-05-23T07:53:01.900+0000] {logging_mixin.py:190} INFO - [2026-05-23T07:53:01.900+0000] {dagbag.py:588} INFO - Filling up the DagBag from /opt/airflow/dags/spark_interval_ingestion.py
[2026-05-23T07:53:01.910+0000] {processor.py:925} INFO - DAG(s) 'fraud_pipeline_bronze_hourly' retrieved from /opt/airflow/dags/spark_interval_ingestion.py
[2026-05-23T07:53:01.927+0000] {logging_mixin.py:190} INFO - [2026-05-23T07:53:01.927+0000] {dag.py:3239} INFO - Sync 1 DAGs
[2026-05-23T07:53:01.942+0000] {logging_mixin.py:190} INFO - [2026-05-23T07:53:01.942+0000] {dag.py:4180} INFO - Setting next_dagrun for fraud_pipeline_bronze_hourly to 2026-05-23 07:45:00+00:00, run_after=2026-05-23 07:50:00+00:00
[2026-05-23T07:53:01.950+0000] {processor.py:208} INFO - Processing /opt/airflow/dags/spark_interval_ingestion.py took 0.059 seconds
[2026-05-23T07:53:32.123+0000] {processor.py:186} INFO - Started process (PID=674) to work on /opt/airflow/dags/spark_interval_ingestion.py
[2026-05-23T07:53:32.125+0000] {processor.py:914} INFO - Processing file /opt/airflow/dags/spark_interval_ingestion.py for tasks to queue
[2026-05-23T07:53:32.126+0000] {logging_mixin.py:190} INFO - [2026-05-23T07:53:32.126+0000] {dagbag.py:588} INFO - Filling up the DagBag from /opt/airflow/dags/spark_interval_ingestion.py
[2026-05-23T07:53:32.137+0000] {processor.py:925} INFO - DAG(s) 'fraud_pipeline_bronze_hourly' retrieved from /opt/airflow/dags/spark_interval_ingestion.py
[2026-05-23T07:53:32.154+0000] {logging_mixin.py:190} INFO - [2026-05-23T07:53:32.154+0000] {dag.py:3239} INFO - Sync 1 DAGs
[2026-05-23T07:53:32.165+0000] {logging_mixin.py:190} INFO - [2026-05-23T07:53:32.165+0000] {dag.py:4180} INFO - Setting next_dagrun for fraud_pipeline_bronze_hourly to 2026-05-23 07:45:00+00:00, run_after=2026-05-23 07:50:00+00:00
[2026-05-23T07:53:32.171+0000] {processor.py:208} INFO - Processing /opt/airflow/dags/spark_interval_ingestion.py took 0.054 seconds
[2026-05-23T07:54:02.349+0000] {processor.py:186} INFO - Started process (PID=679) to work on /opt/airflow/dags/spark_interval_ingestion.py
[2026-05-23T07:54:02.349+0000] {processor.py:914} INFO - Processing file /opt/airflow/dags/spark_interval_ingestion.py for tasks to queue
[2026-05-23T07:54:02.351+0000] {logging_mixin.py:190} INFO - [2026-05-23T07:54:02.350+0000] {dagbag.py:588} INFO - Filling up the DagBag from /opt/airflow/dags/spark_interval_ingestion.py
[2026-05-23T07:54:02.361+0000] {processor.py:925} INFO - DAG(s) 'fraud_pipeline_bronze_hourly' retrieved from /opt/airflow/dags/spark_interval_ingestion.py
[2026-05-23T07:54:02.379+0000] {logging_mixin.py:190} INFO - [2026-05-23T07:54:02.379+0000] {dag.py:3239} INFO - Sync 1 DAGs
[2026-05-23T07:54:02.390+0000] {logging_mixin.py:190} INFO - [2026-05-23T07:54:02.390+0000] {dag.py:4180} INFO - Setting next_dagrun for fraud_pipeline_bronze_hourly to 2026-05-23 07:45:00+00:00, run_after=2026-05-23 07:50:00+00:00
[2026-05-23T07:54:02.396+0000] {processor.py:208} INFO - Processing /opt/airflow/dags/spark_interval_ingestion.py took 0.053 seconds
[2026-05-23T07:54:32.571+0000] {processor.py:186} INFO - Started process (PID=684) to work on /opt/airflow/dags/spark_interval_ingestion.py
[2026-05-23T07:54:32.572+0000] {processor.py:914} INFO - Processing file /opt/airflow/dags/spark_interval_ingestion.py for tasks to queue
[2026-05-23T07:54:32.573+0000] {logging_mixin.py:190} INFO - [2026-05-23T07:54:32.573+0000] {dagbag.py:588} INFO - Filling up the DagBag from /opt/airflow/dags/spark_interval_ingestion.py
[2026-05-23T07:54:32.583+0000] {processor.py:925} INFO - DAG(s) 'fraud_pipeline_bronze_hourly' retrieved from /opt/airflow/dags/spark_interval_ingestion.py
[2026-05-23T07:54:32.601+0000] {logging_mixin.py:190} INFO - [2026-05-23T07:54:32.601+0000] {dag.py:3239} INFO - Sync 1 DAGs
[2026-05-23T07:54:32.612+0000] {logging_mixin.py:190} INFO - [2026-05-23T07:54:32.612+0000] {dag.py:4180} INFO - Setting next_dagrun for fraud_pipeline_bronze_hourly to 2026-05-23 07:45:00+00:00, run_after=2026-05-23 07:50:00+00:00
[2026-05-23T07:54:32.617+0000] {processor.py:208} INFO - Processing /opt/airflow/dags/spark_interval_ingestion.py took 0.051 seconds
[2026-05-23T07:55:02.816+0000] {processor.py:186} INFO - Started process (PID=689) to work on /opt/airflow/dags/spark_interval_ingestion.py
[2026-05-23T07:55:02.817+0000] {processor.py:914} INFO - Processing file /opt/airflow/dags/spark_interval_ingestion.py for tasks to queue
[2026-05-23T07:55:02.818+0000] {logging_mixin.py:190} INFO - [2026-05-23T07:55:02.818+0000] {dagbag.py:588} INFO - Filling up the DagBag from /opt/airflow/dags/spark_interval_ingestion.py
[2026-05-23T07:55:02.827+0000] {processor.py:925} INFO - DAG(s) 'fraud_pipeline_bronze_hourly' retrieved from /opt/airflow/dags/spark_interval_ingestion.py
[2026-05-23T07:55:02.846+0000] {logging_mixin.py:190} INFO - [2026-05-23T07:55:02.846+0000] {dag.py:3239} INFO - Sync 1 DAGs
[2026-05-23T07:55:02.859+0000] {logging_mixin.py:190} INFO - [2026-05-23T07:55:02.859+0000] {dag.py:4180} INFO - Setting next_dagrun for fraud_pipeline_bronze_hourly to 2026-05-23 07:50:00+00:00, run_after=2026-05-23 07:55:00+00:00
[2026-05-23T07:55:02.866+0000] {processor.py:208} INFO - Processing /opt/airflow/dags/spark_interval_ingestion.py took 0.055 seconds
[2026-05-23T07:55:33.042+0000] {processor.py:186} INFO - Started process (PID=694) to work on /opt/airflow/dags/spark_interval_ingestion.py
[2026-05-23T07:55:33.043+0000] {processor.py:914} INFO - Processing file /opt/airflow/dags/spark_interval_ingestion.py for tasks to queue
[2026-05-23T07:55:33.044+0000] {logging_mixin.py:190} INFO - [2026-05-23T07:55:33.043+0000] {dagbag.py:588} INFO - Filling up the DagBag from /opt/airflow/dags/spark_interval_ingestion.py
[2026-05-23T07:55:33.053+0000] {processor.py:925} INFO - DAG(s) 'fraud_pipeline_bronze_hourly' retrieved from /opt/airflow/dags/spark_interval_ingestion.py
[2026-05-23T07:55:33.070+0000] {logging_mixin.py:190} INFO - [2026-05-23T07:55:33.070+0000] {dag.py:3239} INFO - Sync 1 DAGs
[2026-05-23T07:55:33.081+0000] {logging_mixin.py:190} INFO - [2026-05-23T07:55:33.081+0000] {dag.py:4180} INFO - Setting next_dagrun for fraud_pipeline_bronze_hourly to 2026-05-23 07:50:00+00:00, run_after=2026-05-23 07:55:00+00:00
[2026-05-23T07:55:33.088+0000] {processor.py:208} INFO - Processing /opt/airflow/dags/spark_interval_ingestion.py took 0.050 seconds
[2026-05-23T07:56:03.248+0000] {processor.py:186} INFO - Started process (PID=699) to work on /opt/airflow/dags/spark_interval_ingestion.py
[2026-05-23T07:56:03.249+0000] {processor.py:914} INFO - Processing file /opt/airflow/dags/spark_interval_ingestion.py for tasks to queue
[2026-05-23T07:56:03.250+0000] {logging_mixin.py:190} INFO - [2026-05-23T07:56:03.250+0000] {dagbag.py:588} INFO - Filling up the DagBag from /opt/airflow/dags/spark_interval_ingestion.py
[2026-05-23T07:56:03.263+0000] {processor.py:925} INFO - DAG(s) 'fraud_pipeline_bronze_hourly' retrieved from /opt/airflow/dags/spark_interval_ingestion.py
[2026-05-23T07:56:03.291+0000] {logging_mixin.py:190} INFO - [2026-05-23T07:56:03.291+0000] {dag.py:3239} INFO - Sync 1 DAGs
[2026-05-23T07:56:03.302+0000] {logging_mixin.py:190} INFO - [2026-05-23T07:56:03.302+0000] {dag.py:4180} INFO - Setting next_dagrun for fraud_pipeline_bronze_hourly to 2026-05-23 07:50:00+00:00, run_after=2026-05-23 07:55:00+00:00
[2026-05-23T07:56:03.308+0000] {processor.py:208} INFO - Processing /opt/airflow/dags/spark_interval_ingestion.py took 0.066 seconds
[2026-05-23T07:56:33.417+0000] {processor.py:186} INFO - Started process (PID=704) to work on /opt/airflow/dags/spark_interval_ingestion.py
[2026-05-23T07:56:33.417+0000] {processor.py:914} INFO - Processing file /opt/airflow/dags/spark_interval_ingestion.py for tasks to queue
[2026-05-23T07:56:33.418+0000] {logging_mixin.py:190} INFO - [2026-05-23T07:56:33.418+0000] {dagbag.py:588} INFO - Filling up the DagBag from /opt/airflow/dags/spark_interval_ingestion.py
[2026-05-23T07:56:33.431+0000] {processor.py:925} INFO - DAG(s) 'fraud_pipeline_bronze_hourly' retrieved from /opt/airflow/dags/spark_interval_ingestion.py
[2026-05-23T07:56:33.453+0000] {logging_mixin.py:190} INFO - [2026-05-23T07:56:33.453+0000] {dag.py:3239} INFO - Sync 1 DAGs
[2026-05-23T07:56:33.464+0000] {logging_mixin.py:190} INFO - [2026-05-23T07:56:33.464+0000] {dag.py:4180} INFO - Setting next_dagrun for fraud_pipeline_bronze_hourly to 2026-05-23 07:50:00+00:00, run_after=2026-05-23 07:55:00+00:00
[2026-05-23T07:56:33.470+0000] {processor.py:208} INFO - Processing /opt/airflow/dags/spark_interval_ingestion.py took 0.058 seconds
[2026-05-23T07:57:03.712+0000] {processor.py:186} INFO - Started process (PID=709) to work on /opt/airflow/dags/spark_interval_ingestion.py
[2026-05-23T07:57:03.713+0000] {processor.py:914} INFO - Processing file /opt/airflow/dags/spark_interval_ingestion.py for tasks to queue
[2026-05-23T07:57:03.714+0000] {logging_mixin.py:190} INFO - [2026-05-23T07:57:03.714+0000] {dagbag.py:588} INFO - Filling up the DagBag from /opt/airflow/dags/spark_interval_ingestion.py
[2026-05-23T07:57:03.723+0000] {processor.py:925} INFO - DAG(s) 'fraud_pipeline_bronze_hourly' retrieved from /opt/airflow/dags/spark_interval_ingestion.py
[2026-05-23T07:57:03.745+0000] {logging_mixin.py:190} INFO - [2026-05-23T07:57:03.745+0000] {dag.py:3239} INFO - Sync 1 DAGs
[2026-05-23T07:57:03.757+0000] {logging_mixin.py:190} INFO - [2026-05-23T07:57:03.757+0000] {dag.py:4180} INFO - Setting next_dagrun for fraud_pipeline_bronze_hourly to 2026-05-23 07:50:00+00:00, run_after=2026-05-23 07:55:00+00:00
[2026-05-23T07:57:03.763+0000] {processor.py:208} INFO - Processing /opt/airflow/dags/spark_interval_ingestion.py took 0.055 seconds
[2026-05-23T07:57:33.950+0000] {processor.py:186} INFO - Started process (PID=714) to work on /opt/airflow/dags/spark_interval_ingestion.py
[2026-05-23T07:57:33.951+0000] {processor.py:914} INFO - Processing file /opt/airflow/dags/spark_interval_ingestion.py for tasks to queue
[2026-05-23T07:57:33.951+0000] {logging_mixin.py:190} INFO - [2026-05-23T07:57:33.951+0000] {dagbag.py:588} INFO - Filling up the DagBag from /opt/airflow/dags/spark_interval_ingestion.py
[2026-05-23T07:57:33.962+0000] {processor.py:925} INFO - DAG(s) 'fraud_pipeline_bronze_hourly' retrieved from /opt/airflow/dags/spark_interval_ingestion.py
[2026-05-23T07:57:33.984+0000] {logging_mixin.py:190} INFO - [2026-05-23T07:57:33.984+0000] {dag.py:3239} INFO - Sync 1 DAGs
[2026-05-23T07:57:33.994+0000] {logging_mixin.py:190} INFO - [2026-05-23T07:57:33.994+0000] {dag.py:4180} INFO - Setting next_dagrun for fraud_pipeline_bronze_hourly to 2026-05-23 07:50:00+00:00, run_after=2026-05-23 07:55:00+00:00
[2026-05-23T07:57:33.999+0000] {processor.py:208} INFO - Processing /opt/airflow/dags/spark_interval_ingestion.py took 0.054 seconds
[2026-05-23T07:58:04.176+0000] {processor.py:186} INFO - Started process (PID=719) to work on /opt/airflow/dags/spark_interval_ingestion.py
[2026-05-23T07:58:04.177+0000] {processor.py:914} INFO - Processing file /opt/airflow/dags/spark_interval_ingestion.py for tasks to queue
[2026-05-23T07:58:04.178+0000] {logging_mixin.py:190} INFO - [2026-05-23T07:58:04.177+0000] {dagbag.py:588} INFO - Filling up the DagBag from /opt/airflow/dags/spark_interval_ingestion.py
[2026-05-23T07:58:04.187+0000] {processor.py:925} INFO - DAG(s) 'fraud_pipeline_bronze_hourly' retrieved from /opt/airflow/dags/spark_interval_ingestion.py
[2026-05-23T07:58:04.209+0000] {logging_mixin.py:190} INFO - [2026-05-23T07:58:04.209+0000] {dag.py:3239} INFO - Sync 1 DAGs
[2026-05-23T07:58:04.220+0000] {logging_mixin.py:190} INFO - [2026-05-23T07:58:04.220+0000] {dag.py:4180} INFO - Setting next_dagrun for fraud_pipeline_bronze_hourly to 2026-05-23 07:50:00+00:00, run_after=2026-05-23 07:55:00+00:00
[2026-05-23T07:58:04.225+0000] {processor.py:208} INFO - Processing /opt/airflow/dags/spark_interval_ingestion.py took 0.055 seconds
[2026-05-23T07:58:34.383+0000] {processor.py:186} INFO - Started process (PID=724) to work on /opt/airflow/dags/spark_interval_ingestion.py
[2026-05-23T07:58:34.384+0000] {processor.py:914} INFO - Processing file /opt/airflow/dags/spark_interval_ingestion.py for tasks to queue
[2026-05-23T07:58:34.386+0000] {logging_mixin.py:190} INFO - [2026-05-23T07:58:34.386+0000] {dagbag.py:588} INFO - Filling up the DagBag from /opt/airflow/dags/spark_interval_ingestion.py
[2026-05-23T07:58:34.396+0000] {processor.py:925} INFO - DAG(s) 'fraud_pipeline_bronze_hourly' retrieved from /opt/airflow/dags/spark_interval_ingestion.py
[2026-05-23T07:58:34.415+0000] {logging_mixin.py:190} INFO - [2026-05-23T07:58:34.415+0000] {dag.py:3239} INFO - Sync 1 DAGs
[2026-05-23T07:58:34.424+0000] {logging_mixin.py:190} INFO - [2026-05-23T07:58:34.424+0000] {dag.py:4180} INFO - Setting next_dagrun for fraud_pipeline_bronze_hourly to 2026-05-23 07:50:00+00:00, run_after=2026-05-23 07:55:00+00:00
[2026-05-23T07:58:34.430+0000] {processor.py:208} INFO - Processing /opt/airflow/dags/spark_interval_ingestion.py took 0.050 seconds
[2026-05-23T07:59:04.618+0000] {processor.py:186} INFO - Started process (PID=729) to work on /opt/airflow/dags/spark_interval_ingestion.py
[2026-05-23T07:59:04.619+0000] {processor.py:914} INFO - Processing file /opt/airflow/dags/spark_interval_ingestion.py for tasks to queue
[2026-05-23T07:59:04.620+0000] {logging_mixin.py:190} INFO - [2026-05-23T07:59:04.620+0000] {dagbag.py:588} INFO - Filling up the DagBag from /opt/airflow/dags/spark_interval_ingestion.py
[2026-05-23T07:59:04.629+0000] {processor.py:925} INFO - DAG(s) 'fraud_pipeline_bronze_hourly' retrieved from /opt/airflow/dags/spark_interval_ingestion.py
[2026-05-23T07:59:04.651+0000] {logging_mixin.py:190} INFO - [2026-05-23T07:59:04.651+0000] {dag.py:3239} INFO - Sync 1 DAGs
[2026-05-23T07:59:04.662+0000] {logging_mixin.py:190} INFO - [2026-05-23T07:59:04.662+0000] {dag.py:4180} INFO - Setting next_dagrun for fraud_pipeline_bronze_hourly to 2026-05-23 07:50:00+00:00, run_after=2026-05-23 07:55:00+00:00
[2026-05-23T07:59:04.667+0000] {processor.py:208} INFO - Processing /opt/airflow/dags/spark_interval_ingestion.py took 0.054 seconds
[2026-05-23T07:59:34.852+0000] {processor.py:186} INFO - Started process (PID=734) to work on /opt/airflow/dags/spark_interval_ingestion.py
[2026-05-23T07:59:34.853+0000] {processor.py:914} INFO - Processing file /opt/airflow/dags/spark_interval_ingestion.py for tasks to queue
[2026-05-23T07:59:34.854+0000] {logging_mixin.py:190} INFO - [2026-05-23T07:59:34.853+0000] {dagbag.py:588} INFO - Filling up the DagBag from /opt/airflow/dags/spark_interval_ingestion.py
[2026-05-23T07:59:34.863+0000] {processor.py:925} INFO - DAG(s) 'fraud_pipeline_bronze_hourly' retrieved from /opt/airflow/dags/spark_interval_ingestion.py
[2026-05-23T07:59:34.883+0000] {logging_mixin.py:190} INFO - [2026-05-23T07:59:34.883+0000] {dag.py:3239} INFO - Sync 1 DAGs
[2026-05-23T07:59:34.893+0000] {logging_mixin.py:190} INFO - [2026-05-23T07:59:34.893+0000] {dag.py:4180} INFO - Setting next_dagrun for fraud_pipeline_bronze_hourly to 2026-05-23 07:50:00+00:00, run_after=2026-05-23 07:55:00+00:00
[2026-05-23T07:59:34.898+0000] {processor.py:208} INFO - Processing /opt/airflow/dags/spark_interval_ingestion.py took 0.051 seconds
[2026-05-23T08:00:05.078+0000] {processor.py:186} INFO - Started process (PID=739) to work on /opt/airflow/dags/spark_interval_ingestion.py
[2026-05-23T08:00:05.078+0000] {processor.py:914} INFO - Processing file /opt/airflow/dags/spark_interval_ingestion.py for tasks to queue
[2026-05-23T08:00:05.079+0000] {logging_mixin.py:190} INFO - [2026-05-23T08:00:05.079+0000] {dagbag.py:588} INFO - Filling up the DagBag from /opt/airflow/dags/spark_interval_ingestion.py
[2026-05-23T08:00:05.088+0000] {processor.py:925} INFO - DAG(s) 'fraud_pipeline_bronze_hourly' retrieved from /opt/airflow/dags/spark_interval_ingestion.py
[2026-05-23T08:00:05.109+0000] {logging_mixin.py:190} INFO - [2026-05-23T08:00:05.109+0000] {dag.py:3239} INFO - Sync 1 DAGs
[2026-05-23T08:00:05.119+0000] {logging_mixin.py:190} INFO - [2026-05-23T08:00:05.119+0000] {dag.py:4180} INFO - Setting next_dagrun for fraud_pipeline_bronze_hourly to 2026-05-23 07:55:00+00:00, run_after=2026-05-23 08:00:00+00:00
[2026-05-23T08:00:05.125+0000] {processor.py:208} INFO - Processing /opt/airflow/dags/spark_interval_ingestion.py took 0.052 seconds
[2026-05-23T08:00:35.271+0000] {processor.py:186} INFO - Started process (PID=744) to work on /opt/airflow/dags/spark_interval_ingestion.py
[2026-05-23T08:00:35.272+0000] {processor.py:914} INFO - Processing file /opt/airflow/dags/spark_interval_ingestion.py for tasks to queue
[2026-05-23T08:00:35.272+0000] {logging_mixin.py:190} INFO - [2026-05-23T08:00:35.272+0000] {dagbag.py:588} INFO - Filling up the DagBag from /opt/airflow/dags/spark_interval_ingestion.py
[2026-05-23T08:00:35.281+0000] {processor.py:925} INFO - DAG(s) 'fraud_pipeline_bronze_hourly' retrieved from /opt/airflow/dags/spark_interval_ingestion.py
[2026-05-23T08:00:35.293+0000] {logging_mixin.py:190} INFO - [2026-05-23T08:00:35.293+0000] {dag.py:3239} INFO - Sync 1 DAGs
[2026-05-23T08:00:35.300+0000] {logging_mixin.py:190} INFO - [2026-05-23T08:00:35.300+0000] {dag.py:4180} INFO - Setting next_dagrun for fraud_pipeline_bronze_hourly to 2026-05-23 07:55:00+00:00, run_after=2026-05-23 08:00:00+00:00
[2026-05-23T08:00:35.305+0000] {processor.py:208} INFO - Processing /opt/airflow/dags/spark_interval_ingestion.py took 0.036 seconds
[2026-05-23T08:01:05.499+0000] {processor.py:186} INFO - Started process (PID=749) to work on /opt/airflow/dags/spark_interval_ingestion.py
[2026-05-23T08:01:05.500+0000] {processor.py:914} INFO - Processing file /opt/airflow/dags/spark_interval_ingestion.py for tasks to queue
[2026-05-23T08:01:05.501+0000] {logging_mixin.py:190} INFO - [2026-05-23T08:01:05.501+0000] {dagbag.py:588} INFO - Filling up the DagBag from /opt/airflow/dags/spark_interval_ingestion.py
[2026-05-23T08:01:05.510+0000] {processor.py:925} INFO - DAG(s) 'fraud_pipeline_bronze_hourly' retrieved from /opt/airflow/dags/spark_interval_ingestion.py
[2026-05-23T08:01:05.531+0000] {logging_mixin.py:190} INFO - [2026-05-23T08:01:05.531+0000] {dag.py:3239} INFO - Sync 1 DAGs
[2026-05-23T08:01:05.540+0000] {logging_mixin.py:190} INFO - [2026-05-23T08:01:05.540+0000] {dag.py:4180} INFO - Setting next_dagrun for fraud_pipeline_bronze_hourly to 2026-05-23 07:55:00+00:00, run_after=2026-05-23 08:00:00+00:00
[2026-05-23T08:01:05.546+0000] {processor.py:208} INFO - Processing /opt/airflow/dags/spark_interval_ingestion.py took 0.051 seconds
[2026-05-23T08:01:35.765+0000] {processor.py:186} INFO - Started process (PID=754) to work on /opt/airflow/dags/spark_interval_ingestion.py
[2026-05-23T08:01:35.765+0000] {processor.py:914} INFO - Processing file /opt/airflow/dags/spark_interval_ingestion.py for tasks to queue
[2026-05-23T08:01:35.767+0000] {logging_mixin.py:190} INFO - [2026-05-23T08:01:35.766+0000] {dagbag.py:588} INFO - Filling up the DagBag from /opt/airflow/dags/spark_interval_ingestion.py
[2026-05-23T08:01:35.780+0000] {processor.py:925} INFO - DAG(s) 'fraud_pipeline_bronze_hourly' retrieved from /opt/airflow/dags/spark_interval_ingestion.py
[2026-05-23T08:01:35.812+0000] {logging_mixin.py:190} INFO - [2026-05-23T08:01:35.812+0000] {dag.py:3239} INFO - Sync 1 DAGs
[2026-05-23T08:01:35.825+0000] {logging_mixin.py:190} INFO - [2026-05-23T08:01:35.825+0000] {dag.py:4180} INFO - Setting next_dagrun for fraud_pipeline_bronze_hourly to 2026-05-23 07:55:00+00:00, run_after=2026-05-23 08:00:00+00:00
[2026-05-23T08:01:35.831+0000] {processor.py:208} INFO - Processing /opt/airflow/dags/spark_interval_ingestion.py took 0.074 seconds
[2026-05-23T08:02:06.014+0000] {processor.py:186} INFO - Started process (PID=759) to work on /opt/airflow/dags/spark_interval_ingestion.py
[2026-05-23T08:02:06.015+0000] {processor.py:914} INFO - Processing file /opt/airflow/dags/spark_interval_ingestion.py for tasks to queue
[2026-05-23T08:02:06.016+0000] {logging_mixin.py:190} INFO - [2026-05-23T08:02:06.015+0000] {dagbag.py:588} INFO - Filling up the DagBag from /opt/airflow/dags/spark_interval_ingestion.py
[2026-05-23T08:02:06.029+0000] {processor.py:925} INFO - DAG(s) 'fraud_pipeline_bronze_hourly' retrieved from /opt/airflow/dags/spark_interval_ingestion.py
[2026-05-23T08:02:06.056+0000] {logging_mixin.py:190} INFO - [2026-05-23T08:02:06.056+0000] {dag.py:3239} INFO - Sync 1 DAGs
[2026-05-23T08:02:06.067+0000] {logging_mixin.py:190} INFO - [2026-05-23T08:02:06.066+0000] {dag.py:4180} INFO - Setting next_dagrun for fraud_pipeline_bronze_hourly to 2026-05-23 07:55:00+00:00, run_after=2026-05-23 08:00:00+00:00
[2026-05-23T08:02:06.073+0000] {processor.py:208} INFO - Processing /opt/airflow/dags/spark_interval_ingestion.py took 0.065 seconds
[2026-05-23T08:02:36.251+0000] {processor.py:186} INFO - Started process (PID=764) to work on /opt/airflow/dags/spark_interval_ingestion.py
[2026-05-23T08:02:36.252+0000] {processor.py:914} INFO - Processing file /opt/airflow/dags/spark_interval_ingestion.py for tasks to queue
[2026-05-23T08:02:36.253+0000] {logging_mixin.py:190} INFO - [2026-05-23T08:02:36.253+0000] {dagbag.py:588} INFO - Filling up the DagBag from /opt/airflow/dags/spark_interval_ingestion.py
[2026-05-23T08:02:36.266+0000] {processor.py:925} INFO - DAG(s) 'fraud_pipeline_bronze_hourly' retrieved from /opt/airflow/dags/spark_interval_ingestion.py
[2026-05-23T08:02:36.294+0000] {logging_mixin.py:190} INFO - [2026-05-23T08:02:36.294+0000] {dag.py:3239} INFO - Sync 1 DAGs
[2026-05-23T08:02:36.306+0000] {logging_mixin.py:190} INFO - [2026-05-23T08:02:36.306+0000] {dag.py:4180} INFO - Setting next_dagrun for fraud_pipeline_bronze_hourly to 2026-05-23 07:55:00+00:00, run_after=2026-05-23 08:00:00+00:00
[2026-05-23T08:02:36.312+0000] {processor.py:208} INFO - Processing /opt/airflow/dags/spark_interval_ingestion.py took 0.067 seconds
[2026-05-23T08:03:06.465+0000] {processor.py:186} INFO - Started process (PID=769) to work on /opt/airflow/dags/spark_interval_ingestion.py
[2026-05-23T08:03:06.466+0000] {processor.py:914} INFO - Processing file /opt/airflow/dags/spark_interval_ingestion.py for tasks to queue
[2026-05-23T08:03:06.468+0000] {logging_mixin.py:190} INFO - [2026-05-23T08:03:06.467+0000] {dagbag.py:588} INFO - Filling up the DagBag from /opt/airflow/dags/spark_interval_ingestion.py
[2026-05-23T08:03:06.476+0000] {processor.py:925} INFO - DAG(s) 'fraud_pipeline_bronze_hourly' retrieved from /opt/airflow/dags/spark_interval_ingestion.py
[2026-05-23T08:03:06.498+0000] {logging_mixin.py:190} INFO - [2026-05-23T08:03:06.498+0000] {dag.py:3239} INFO - Sync 1 DAGs
[2026-05-23T08:03:06.515+0000] {logging_mixin.py:190} INFO - [2026-05-23T08:03:06.515+0000] {dag.py:4180} INFO - Setting next_dagrun for fraud_pipeline_bronze_hourly to 2026-05-23 07:55:00+00:00, run_after=2026-05-23 08:00:00+00:00
[2026-05-23T08:03:06.522+0000] {processor.py:208} INFO - Processing /opt/airflow/dags/spark_interval_ingestion.py took 0.062 seconds
[2026-05-23T08:03:36.706+0000] {processor.py:186} INFO - Started process (PID=774) to work on /opt/airflow/dags/spark_interval_ingestion.py
[2026-05-23T08:03:36.707+0000] {processor.py:914} INFO - Processing file /opt/airflow/dags/spark_interval_ingestion.py for tasks to queue
[2026-05-23T08:03:36.708+0000] {logging_mixin.py:190} INFO - [2026-05-23T08:03:36.708+0000] {dagbag.py:588} INFO - Filling up the DagBag from /opt/airflow/dags/spark_interval_ingestion.py
[2026-05-23T08:03:36.722+0000] {processor.py:925} INFO - DAG(s) 'fraud_pipeline_bronze_hourly' retrieved from /opt/airflow/dags/spark_interval_ingestion.py
[2026-05-23T08:03:36.755+0000] {logging_mixin.py:190} INFO - [2026-05-23T08:03:36.755+0000] {dag.py:3239} INFO - Sync 1 DAGs
[2026-05-23T08:03:36.765+0000] {logging_mixin.py:190} INFO - [2026-05-23T08:03:36.765+0000] {dag.py:4180} INFO - Setting next_dagrun for fraud_pipeline_bronze_hourly to 2026-05-23 07:55:00+00:00, run_after=2026-05-23 08:00:00+00:00
[2026-05-23T08:03:36.772+0000] {processor.py:208} INFO - Processing /opt/airflow/dags/spark_interval_ingestion.py took 0.072 seconds
[2026-05-23T08:04:06.930+0000] {processor.py:186} INFO - Started process (PID=779) to work on /opt/airflow/dags/spark_interval_ingestion.py
[2026-05-23T08:04:06.930+0000] {processor.py:914} INFO - Processing file /opt/airflow/dags/spark_interval_ingestion.py for tasks to queue
[2026-05-23T08:04:06.931+0000] {logging_mixin.py:190} INFO - [2026-05-23T08:04:06.931+0000] {dagbag.py:588} INFO - Filling up the DagBag from /opt/airflow/dags/spark_interval_ingestion.py
[2026-05-23T08:04:06.940+0000] {processor.py:925} INFO - DAG(s) 'fraud_pipeline_bronze_hourly' retrieved from /opt/airflow/dags/spark_interval_ingestion.py
[2026-05-23T08:04:06.962+0000] {logging_mixin.py:190} INFO - [2026-05-23T08:04:06.962+0000] {dag.py:3239} INFO - Sync 1 DAGs
[2026-05-23T08:04:06.973+0000] {logging_mixin.py:190} INFO - [2026-05-23T08:04:06.973+0000] {dag.py:4180} INFO - Setting next_dagrun for fraud_pipeline_bronze_hourly to 2026-05-23 07:55:00+00:00, run_after=2026-05-23 08:00:00+00:00
[2026-05-23T08:04:06.980+0000] {processor.py:208} INFO - Processing /opt/airflow/dags/spark_interval_ingestion.py took 0.055 seconds
[2026-05-23T08:04:37.165+0000] {processor.py:186} INFO - Started process (PID=784) to work on /opt/airflow/dags/spark_interval_ingestion.py
[2026-05-23T08:04:37.166+0000] {processor.py:914} INFO - Processing file /opt/airflow/dags/spark_interval_ingestion.py for tasks to queue
[2026-05-23T08:04:37.167+0000] {logging_mixin.py:190} INFO - [2026-05-23T08:04:37.167+0000] {dagbag.py:588} INFO - Filling up the DagBag from /opt/airflow/dags/spark_interval_ingestion.py
[2026-05-23T08:04:37.177+0000] {processor.py:925} INFO - DAG(s) 'fraud_pipeline_bronze_hourly' retrieved from /opt/airflow/dags/spark_interval_ingestion.py
[2026-05-23T08:04:37.201+0000] {logging_mixin.py:190} INFO - [2026-05-23T08:04:37.201+0000] {dag.py:3239} INFO - Sync 1 DAGs
[2026-05-23T08:04:37.211+0000] {logging_mixin.py:190} INFO - [2026-05-23T08:04:37.210+0000] {dag.py:4180} INFO - Setting next_dagrun for fraud_pipeline_bronze_hourly to 2026-05-23 07:55:00+00:00, run_after=2026-05-23 08:00:00+00:00
[2026-05-23T08:04:37.216+0000] {processor.py:208} INFO - Processing /opt/airflow/dags/spark_interval_ingestion.py took 0.056 seconds
[2026-05-23T08:05:07.407+0000] {processor.py:186} INFO - Started process (PID=789) to work on /opt/airflow/dags/spark_interval_ingestion.py
[2026-05-23T08:05:07.408+0000] {processor.py:914} INFO - Processing file /opt/airflow/dags/spark_interval_ingestion.py for tasks to queue
[2026-05-23T08:05:07.409+0000] {logging_mixin.py:190} INFO - [2026-05-23T08:05:07.408+0000] {dagbag.py:588} INFO - Filling up the DagBag from /opt/airflow/dags/spark_interval_ingestion.py
[2026-05-23T08:05:07.419+0000] {processor.py:925} INFO - DAG(s) 'fraud_pipeline_bronze_hourly' retrieved from /opt/airflow/dags/spark_interval_ingestion.py
[2026-05-23T08:05:07.443+0000] {logging_mixin.py:190} INFO - [2026-05-23T08:05:07.443+0000] {dag.py:3239} INFO - Sync 1 DAGs
[2026-05-23T08:05:07.452+0000] {logging_mixin.py:190} INFO - [2026-05-23T08:05:07.452+0000] {dag.py:4180} INFO - Setting next_dagrun for fraud_pipeline_bronze_hourly to 2026-05-23 08:00:00+00:00, run_after=2026-05-23 08:05:00+00:00
[2026-05-23T08:05:07.458+0000] {processor.py:208} INFO - Processing /opt/airflow/dags/spark_interval_ingestion.py took 0.055 seconds
[2026-05-23T08:05:37.636+0000] {processor.py:186} INFO - Started process (PID=794) to work on /opt/airflow/dags/spark_interval_ingestion.py
[2026-05-23T08:05:37.637+0000] {processor.py:914} INFO - Processing file /opt/airflow/dags/spark_interval_ingestion.py for tasks to queue
[2026-05-23T08:05:37.638+0000] {logging_mixin.py:190} INFO - [2026-05-23T08:05:37.638+0000] {dagbag.py:588} INFO - Filling up the DagBag from /opt/airflow/dags/spark_interval_ingestion.py
[2026-05-23T08:05:37.650+0000] {processor.py:925} INFO - DAG(s) 'fraud_pipeline_bronze_hourly' retrieved from /opt/airflow/dags/spark_interval_ingestion.py
[2026-05-23T08:05:37.673+0000] {logging_mixin.py:190} INFO - [2026-05-23T08:05:37.673+0000] {dag.py:3239} INFO - Sync 1 DAGs
[2026-05-23T08:05:37.684+0000] {logging_mixin.py:190} INFO - [2026-05-23T08:05:37.684+0000] {dag.py:4180} INFO - Setting next_dagrun for fraud_pipeline_bronze_hourly to 2026-05-23 08:00:00+00:00, run_after=2026-05-23 08:05:00+00:00
[2026-05-23T08:05:37.691+0000] {processor.py:208} INFO - Processing /opt/airflow/dags/spark_interval_ingestion.py took 0.060 seconds
[2026-05-23T08:06:07.851+0000] {processor.py:186} INFO - Started process (PID=799) to work on /opt/airflow/dags/spark_interval_ingestion.py
[2026-05-23T08:06:07.852+0000] {processor.py:914} INFO - Processing file /opt/airflow/dags/spark_interval_ingestion.py for tasks to queue
[2026-05-23T08:06:07.853+0000] {logging_mixin.py:190} INFO - [2026-05-23T08:06:07.853+0000] {dagbag.py:588} INFO - Filling up the DagBag from /opt/airflow/dags/spark_interval_ingestion.py
[2026-05-23T08:06:07.861+0000] {processor.py:925} INFO - DAG(s) 'fraud_pipeline_bronze_hourly' retrieved from /opt/airflow/dags/spark_interval_ingestion.py
[2026-05-23T08:06:07.883+0000] {logging_mixin.py:190} INFO - [2026-05-23T08:06:07.883+0000] {dag.py:3239} INFO - Sync 1 DAGs
[2026-05-23T08:06:07.893+0000] {logging_mixin.py:190} INFO - [2026-05-23T08:06:07.893+0000] {dag.py:4180} INFO - Setting next_dagrun for fraud_pipeline_bronze_hourly to 2026-05-23 08:00:00+00:00, run_after=2026-05-23 08:05:00+00:00
[2026-05-23T08:06:07.898+0000] {processor.py:208} INFO - Processing /opt/airflow/dags/spark_interval_ingestion.py took 0.052 seconds
[2026-05-23T08:06:38.093+0000] {processor.py:186} INFO - Started process (PID=804) to work on /opt/airflow/dags/spark_interval_ingestion.py
[2026-05-23T08:06:38.094+0000] {processor.py:914} INFO - Processing file /opt/airflow/dags/spark_interval_ingestion.py for tasks to queue
[2026-05-23T08:06:38.095+0000] {logging_mixin.py:190} INFO - [2026-05-23T08:06:38.095+0000] {dagbag.py:588} INFO - Filling up the DagBag from /opt/airflow/dags/spark_interval_ingestion.py
[2026-05-23T08:06:38.104+0000] {processor.py:925} INFO - DAG(s) 'fraud_pipeline_bronze_hourly' retrieved from /opt/airflow/dags/spark_interval_ingestion.py
[2026-05-23T08:06:38.125+0000] {logging_mixin.py:190} INFO - [2026-05-23T08:06:38.125+0000] {dag.py:3239} INFO - Sync 1 DAGs
[2026-05-23T08:06:38.135+0000] {logging_mixin.py:190} INFO - [2026-05-23T08:06:38.135+0000] {dag.py:4180} INFO - Setting next_dagrun for fraud_pipeline_bronze_hourly to 2026-05-23 08:00:00+00:00, run_after=2026-05-23 08:05:00+00:00
[2026-05-23T08:06:38.141+0000] {processor.py:208} INFO - Processing /opt/airflow/dags/spark_interval_ingestion.py took 0.052 seconds
[2026-05-23T08:07:08.322+0000] {processor.py:186} INFO - Started process (PID=809) to work on /opt/airflow/dags/spark_interval_ingestion.py
[2026-05-23T08:07:08.323+0000] {processor.py:914} INFO - Processing file /opt/airflow/dags/spark_interval_ingestion.py for tasks to queue
[2026-05-23T08:07:08.324+0000] {logging_mixin.py:190} INFO - [2026-05-23T08:07:08.324+0000] {dagbag.py:588} INFO - Filling up the DagBag from /opt/airflow/dags/spark_interval_ingestion.py
[2026-05-23T08:07:08.332+0000] {processor.py:925} INFO - DAG(s) 'fraud_pipeline_bronze_hourly' retrieved from /opt/airflow/dags/spark_interval_ingestion.py
[2026-05-23T08:07:08.353+0000] {logging_mixin.py:190} INFO - [2026-05-23T08:07:08.353+0000] {dag.py:3239} INFO - Sync 1 DAGs
[2026-05-23T08:07:08.364+0000] {logging_mixin.py:190} INFO - [2026-05-23T08:07:08.364+0000] {dag.py:4180} INFO - Setting next_dagrun for fraud_pipeline_bronze_hourly to 2026-05-23 08:00:00+00:00, run_after=2026-05-23 08:05:00+00:00
[2026-05-23T08:07:08.370+0000] {processor.py:208} INFO - Processing /opt/airflow/dags/spark_interval_ingestion.py took 0.052 seconds
[2026-05-23T08:07:38.540+0000] {processor.py:186} INFO - Started process (PID=814) to work on /opt/airflow/dags/spark_interval_ingestion.py
[2026-05-23T08:07:38.541+0000] {processor.py:914} INFO - Processing file /opt/airflow/dags/spark_interval_ingestion.py for tasks to queue
[2026-05-23T08:07:38.542+0000] {logging_mixin.py:190} INFO - [2026-05-23T08:07:38.542+0000] {dagbag.py:588} INFO - Filling up the DagBag from /opt/airflow/dags/spark_interval_ingestion.py
[2026-05-23T08:07:38.556+0000] {processor.py:925} INFO - DAG(s) 'fraud_pipeline_bronze_hourly' retrieved from /opt/airflow/dags/spark_interval_ingestion.py
[2026-05-23T08:07:38.574+0000] {logging_mixin.py:190} INFO - [2026-05-23T08:07:38.573+0000] {dag.py:3239} INFO - Sync 1 DAGs
[2026-05-23T08:07:38.583+0000] {logging_mixin.py:190} INFO - [2026-05-23T08:07:38.583+0000] {dag.py:4180} INFO - Setting next_dagrun for fraud_pipeline_bronze_hourly to 2026-05-23 08:00:00+00:00, run_after=2026-05-23 08:05:00+00:00
[2026-05-23T08:07:38.588+0000] {processor.py:208} INFO - Processing /opt/airflow/dags/spark_interval_ingestion.py took 0.054 seconds
[2026-05-23T08:08:08.762+0000] {processor.py:186} INFO - Started process (PID=819) to work on /opt/airflow/dags/spark_interval_ingestion.py
[2026-05-23T08:08:08.762+0000] {processor.py:914} INFO - Processing file /opt/airflow/dags/spark_interval_ingestion.py for tasks to queue
[2026-05-23T08:08:08.763+0000] {logging_mixin.py:190} INFO - [2026-05-23T08:08:08.763+0000] {dagbag.py:588} INFO - Filling up the DagBag from /opt/airflow/dags/spark_interval_ingestion.py
[2026-05-23T08:08:08.777+0000] {processor.py:925} INFO - DAG(s) 'fraud_pipeline_bronze_hourly' retrieved from /opt/airflow/dags/spark_interval_ingestion.py
[2026-05-23T08:08:08.793+0000] {logging_mixin.py:190} INFO - [2026-05-23T08:08:08.793+0000] {dag.py:3239} INFO - Sync 1 DAGs
[2026-05-23T08:08:08.802+0000] {logging_mixin.py:190} INFO - [2026-05-23T08:08:08.802+0000] {dag.py:4180} INFO - Setting next_dagrun for fraud_pipeline_bronze_hourly to 2026-05-23 08:00:00+00:00, run_after=2026-05-23 08:05:00+00:00
[2026-05-23T08:08:08.807+0000] {processor.py:208} INFO - Processing /opt/airflow/dags/spark_interval_ingestion.py took 0.051 seconds
[2026-05-23T08:08:38.997+0000] {processor.py:186} INFO - Started process (PID=824) to work on /opt/airflow/dags/spark_interval_ingestion.py
[2026-05-23T08:08:38.998+0000] {processor.py:914} INFO - Processing file /opt/airflow/dags/spark_interval_ingestion.py for tasks to queue
[2026-05-23T08:08:38.999+0000] {logging_mixin.py:190} INFO - [2026-05-23T08:08:38.998+0000] {dagbag.py:588} INFO - Filling up the DagBag from /opt/airflow/dags/spark_interval_ingestion.py
[2026-05-23T08:08:39.024+0000] {processor.py:925} INFO - DAG(s) 'fraud_pipeline_bronze_hourly' retrieved from /opt/airflow/dags/spark_interval_ingestion.py
[2026-05-23T08:08:39.039+0000] {logging_mixin.py:190} INFO - [2026-05-23T08:08:39.039+0000] {dag.py:3239} INFO - Sync 1 DAGs
[2026-05-23T08:08:39.049+0000] {logging_mixin.py:190} INFO - [2026-05-23T08:08:39.049+0000] {dag.py:4180} INFO - Setting next_dagrun for fraud_pipeline_bronze_hourly to 2026-05-23 08:00:00+00:00, run_after=2026-05-23 08:05:00+00:00
[2026-05-23T08:08:39.056+0000] {processor.py:208} INFO - Processing /opt/airflow/dags/spark_interval_ingestion.py took 0.064 seconds
[2026-05-23T08:09:09.191+0000] {processor.py:186} INFO - Started process (PID=829) to work on /opt/airflow/dags/spark_interval_ingestion.py
[2026-05-23T08:09:09.191+0000] {processor.py:914} INFO - Processing file /opt/airflow/dags/spark_interval_ingestion.py for tasks to queue
[2026-05-23T08:09:09.192+0000] {logging_mixin.py:190} INFO - [2026-05-23T08:09:09.192+0000] {dagbag.py:588} INFO - Filling up the DagBag from /opt/airflow/dags/spark_interval_ingestion.py
[2026-05-23T08:09:09.207+0000] {processor.py:925} INFO - DAG(s) 'fraud_pipeline_bronze_hourly' retrieved from /opt/airflow/dags/spark_interval_ingestion.py
[2026-05-23T08:09:09.224+0000] {logging_mixin.py:190} INFO - [2026-05-23T08:09:09.224+0000] {dag.py:3239} INFO - Sync 1 DAGs
[2026-05-23T08:09:09.233+0000] {logging_mixin.py:190} INFO - [2026-05-23T08:09:09.233+0000] {dag.py:4180} INFO - Setting next_dagrun for fraud_pipeline_bronze_hourly to 2026-05-23 08:00:00+00:00, run_after=2026-05-23 08:05:00+00:00
[2026-05-23T08:09:09.239+0000] {processor.py:208} INFO - Processing /opt/airflow/dags/spark_interval_ingestion.py took 0.054 seconds
[2026-05-23T08:09:39.421+0000] {processor.py:186} INFO - Started process (PID=834) to work on /opt/airflow/dags/spark_interval_ingestion.py
[2026-05-23T08:09:39.422+0000] {processor.py:914} INFO - Processing file /opt/airflow/dags/spark_interval_ingestion.py for tasks to queue
[2026-05-23T08:09:39.423+0000] {logging_mixin.py:190} INFO - [2026-05-23T08:09:39.423+0000] {dagbag.py:588} INFO - Filling up the DagBag from /opt/airflow/dags/spark_interval_ingestion.py
[2026-05-23T08:09:39.438+0000] {processor.py:925} INFO - DAG(s) 'fraud_pipeline_bronze_hourly' retrieved from /opt/airflow/dags/spark_interval_ingestion.py
[2026-05-23T08:09:39.456+0000] {logging_mixin.py:190} INFO - [2026-05-23T08:09:39.456+0000] {dag.py:3239} INFO - Sync 1 DAGs
[2026-05-23T08:09:39.465+0000] {logging_mixin.py:190} INFO - [2026-05-23T08:09:39.465+0000] {dag.py:4180} INFO - Setting next_dagrun for fraud_pipeline_bronze_hourly to 2026-05-23 08:00:00+00:00, run_after=2026-05-23 08:05:00+00:00
[2026-05-23T08:09:39.471+0000] {processor.py:208} INFO - Processing /opt/airflow/dags/spark_interval_ingestion.py took 0.054 seconds
[2026-05-23T08:10:09.660+0000] {processor.py:186} INFO - Started process (PID=839) to work on /opt/airflow/dags/spark_interval_ingestion.py
[2026-05-23T08:10:09.661+0000] {processor.py:914} INFO - Processing file /opt/airflow/dags/spark_interval_ingestion.py for tasks to queue
[2026-05-23T08:10:09.663+0000] {logging_mixin.py:190} INFO - [2026-05-23T08:10:09.662+0000] {dagbag.py:588} INFO - Filling up the DagBag from /opt/airflow/dags/spark_interval_ingestion.py
[2026-05-23T08:10:09.693+0000] {processor.py:925} INFO - DAG(s) 'fraud_pipeline_bronze_hourly' retrieved from /opt/airflow/dags/spark_interval_ingestion.py
[2026-05-23T08:10:09.708+0000] {logging_mixin.py:190} INFO - [2026-05-23T08:10:09.707+0000] {dag.py:3239} INFO - Sync 1 DAGs
[2026-05-23T08:10:09.721+0000] {logging_mixin.py:190} INFO - [2026-05-23T08:10:09.720+0000] {dag.py:4180} INFO - Setting next_dagrun for fraud_pipeline_bronze_hourly to 2026-05-23 08:05:00+00:00, run_after=2026-05-23 08:10:00+00:00
[2026-05-23T08:10:09.727+0000] {processor.py:208} INFO - Processing /opt/airflow/dags/spark_interval_ingestion.py took 0.078 seconds
[2026-05-23T08:10:39.840+0000] {processor.py:186} INFO - Started process (PID=844) to work on /opt/airflow/dags/spark_interval_ingestion.py
[2026-05-23T08:10:39.841+0000] {processor.py:914} INFO - Processing file /opt/airflow/dags/spark_interval_ingestion.py for tasks to queue
[2026-05-23T08:10:39.841+0000] {logging_mixin.py:190} INFO - [2026-05-23T08:10:39.841+0000] {dagbag.py:588} INFO - Filling up the DagBag from /opt/airflow/dags/spark_interval_ingestion.py
[2026-05-23T08:10:39.855+0000] {processor.py:925} INFO - DAG(s) 'fraud_pipeline_bronze_hourly' retrieved from /opt/airflow/dags/spark_interval_ingestion.py
[2026-05-23T08:10:39.868+0000] {logging_mixin.py:190} INFO - [2026-05-23T08:10:39.868+0000] {dag.py:3239} INFO - Sync 1 DAGs
[2026-05-23T08:10:39.878+0000] {logging_mixin.py:190} INFO - [2026-05-23T08:10:39.878+0000] {dag.py:4180} INFO - Setting next_dagrun for fraud_pipeline_bronze_hourly to 2026-05-23 08:05:00+00:00, run_after=2026-05-23 08:10:00+00:00
[2026-05-23T08:10:39.884+0000] {processor.py:208} INFO - Processing /opt/airflow/dags/spark_interval_ingestion.py took 0.049 seconds
[2026-05-23T08:11:10.100+0000] {processor.py:186} INFO - Started process (PID=849) to work on /opt/airflow/dags/spark_interval_ingestion.py
[2026-05-23T08:11:10.101+0000] {processor.py:914} INFO - Processing file /opt/airflow/dags/spark_interval_ingestion.py for tasks to queue
[2026-05-23T08:11:10.102+0000] {logging_mixin.py:190} INFO - [2026-05-23T08:11:10.102+0000] {dagbag.py:588} INFO - Filling up the DagBag from /opt/airflow/dags/spark_interval_ingestion.py
[2026-05-23T08:11:10.126+0000] {processor.py:925} INFO - DAG(s) 'fraud_pipeline_bronze_hourly' retrieved from /opt/airflow/dags/spark_interval_ingestion.py
[2026-05-23T08:11:10.140+0000] {logging_mixin.py:190} INFO - [2026-05-23T08:11:10.140+0000] {dag.py:3239} INFO - Sync 1 DAGs
[2026-05-23T08:11:10.150+0000] {logging_mixin.py:190} INFO - [2026-05-23T08:11:10.150+0000] {dag.py:4180} INFO - Setting next_dagrun for fraud_pipeline_bronze_hourly to 2026-05-23 08:05:00+00:00, run_after=2026-05-23 08:10:00+00:00
[2026-05-23T08:11:10.155+0000] {processor.py:208} INFO - Processing /opt/airflow/dags/spark_interval_ingestion.py took 0.062 seconds
[2026-05-23T08:11:40.309+0000] {processor.py:186} INFO - Started process (PID=854) to work on /opt/airflow/dags/spark_interval_ingestion.py
[2026-05-23T08:11:40.309+0000] {processor.py:914} INFO - Processing file /opt/airflow/dags/spark_interval_ingestion.py for tasks to queue
[2026-05-23T08:11:40.310+0000] {logging_mixin.py:190} INFO - [2026-05-23T08:11:40.309+0000] {dagbag.py:588} INFO - Filling up the DagBag from /opt/airflow/dags/spark_interval_ingestion.py
[2026-05-23T08:11:40.320+0000] {processor.py:925} INFO - DAG(s) 'fraud_pipeline_bronze_hourly' retrieved from /opt/airflow/dags/spark_interval_ingestion.py
[2026-05-23T08:11:40.331+0000] {logging_mixin.py:190} INFO - [2026-05-23T08:11:40.331+0000] {dag.py:3239} INFO - Sync 1 DAGs
[2026-05-23T08:11:40.340+0000] {logging_mixin.py:190} INFO - [2026-05-23T08:11:40.340+0000] {dag.py:4180} INFO - Setting next_dagrun for fraud_pipeline_bronze_hourly to 2026-05-23 08:05:00+00:00, run_after=2026-05-23 08:10:00+00:00
[2026-05-23T08:11:40.346+0000] {processor.py:208} INFO - Processing /opt/airflow/dags/spark_interval_ingestion.py took 0.040 seconds
[2026-05-23T08:12:10.542+0000] {processor.py:186} INFO - Started process (PID=859) to work on /opt/airflow/dags/spark_interval_ingestion.py
[2026-05-23T08:12:10.543+0000] {processor.py:914} INFO - Processing file /opt/airflow/dags/spark_interval_ingestion.py for tasks to queue
[2026-05-23T08:12:10.543+0000] {logging_mixin.py:190} INFO - [2026-05-23T08:12:10.543+0000] {dagbag.py:588} INFO - Filling up the DagBag from /opt/airflow/dags/spark_interval_ingestion.py
[2026-05-23T08:12:10.552+0000] {processor.py:925} INFO - DAG(s) 'fraud_pipeline_bronze_hourly' retrieved from /opt/airflow/dags/spark_interval_ingestion.py
[2026-05-23T08:12:10.563+0000] {logging_mixin.py:190} INFO - [2026-05-23T08:12:10.563+0000] {dag.py:3239} INFO - Sync 1 DAGs
[2026-05-23T08:12:10.572+0000] {logging_mixin.py:190} INFO - [2026-05-23T08:12:10.572+0000] {dag.py:4180} INFO - Setting next_dagrun for fraud_pipeline_bronze_hourly to 2026-05-23 08:05:00+00:00, run_after=2026-05-23 08:10:00+00:00
[2026-05-23T08:12:10.577+0000] {processor.py:208} INFO - Processing /opt/airflow/dags/spark_interval_ingestion.py took 0.038 seconds
[2026-05-23T08:12:40.737+0000] {processor.py:186} INFO - Started process (PID=864) to work on /opt/airflow/dags/spark_interval_ingestion.py
[2026-05-23T08:12:40.737+0000] {processor.py:914} INFO - Processing file /opt/airflow/dags/spark_interval_ingestion.py for tasks to queue
[2026-05-23T08:12:40.738+0000] {logging_mixin.py:190} INFO - [2026-05-23T08:12:40.738+0000] {dagbag.py:588} INFO - Filling up the DagBag from /opt/airflow/dags/spark_interval_ingestion.py
[2026-05-23T08:12:40.752+0000] {processor.py:925} INFO - DAG(s) 'fraud_pipeline_bronze_hourly' retrieved from /opt/airflow/dags/spark_interval_ingestion.py
[2026-05-23T08:12:40.767+0000] {logging_mixin.py:190} INFO - [2026-05-23T08:12:40.767+0000] {dag.py:3239} INFO - Sync 1 DAGs
[2026-05-23T08:12:40.776+0000] {logging_mixin.py:190} INFO - [2026-05-23T08:12:40.776+0000] {dag.py:4180} INFO - Setting next_dagrun for fraud_pipeline_bronze_hourly to 2026-05-23 08:05:00+00:00, run_after=2026-05-23 08:10:00+00:00
[2026-05-23T08:12:40.782+0000] {processor.py:208} INFO - Processing /opt/airflow/dags/spark_interval_ingestion.py took 0.051 seconds
[2026-05-23T08:13:10.981+0000] {processor.py:186} INFO - Started process (PID=869) to work on /opt/airflow/dags/spark_interval_ingestion.py
[2026-05-23T08:13:10.982+0000] {processor.py:914} INFO - Processing file /opt/airflow/dags/spark_interval_ingestion.py for tasks to queue
[2026-05-23T08:13:10.983+0000] {logging_mixin.py:190} INFO - [2026-05-23T08:13:10.983+0000] {dagbag.py:588} INFO - Filling up the DagBag from /opt/airflow/dags/spark_interval_ingestion.py
[2026-05-23T08:13:11.009+0000] {processor.py:925} INFO - DAG(s) 'fraud_pipeline_bronze_hourly' retrieved from /opt/airflow/dags/spark_interval_ingestion.py
[2026-05-23T08:13:11.023+0000] {logging_mixin.py:190} INFO - [2026-05-23T08:13:11.023+0000] {dag.py:3239} INFO - Sync 1 DAGs
[2026-05-23T08:13:11.033+0000] {logging_mixin.py:190} INFO - [2026-05-23T08:13:11.032+0000] {dag.py:4180} INFO - Setting next_dagrun for fraud_pipeline_bronze_hourly to 2026-05-23 08:05:00+00:00, run_after=2026-05-23 08:10:00+00:00
[2026-05-23T08:13:11.038+0000] {processor.py:208} INFO - Processing /opt/airflow/dags/spark_interval_ingestion.py took 0.061 seconds
[2026-05-23T08:13:41.214+0000] {processor.py:186} INFO - Started process (PID=874) to work on /opt/airflow/dags/spark_interval_ingestion.py
[2026-05-23T08:13:41.214+0000] {processor.py:914} INFO - Processing file /opt/airflow/dags/spark_interval_ingestion.py for tasks to queue
[2026-05-23T08:13:41.216+0000] {logging_mixin.py:190} INFO - [2026-05-23T08:13:41.215+0000] {dagbag.py:588} INFO - Filling up the DagBag from /opt/airflow/dags/spark_interval_ingestion.py
[2026-05-23T08:13:41.243+0000] {processor.py:925} INFO - DAG(s) 'fraud_pipeline_bronze_hourly' retrieved from /opt/airflow/dags/spark_interval_ingestion.py
[2026-05-23T08:13:41.259+0000] {logging_mixin.py:190} INFO - [2026-05-23T08:13:41.259+0000] {dag.py:3239} INFO - Sync 1 DAGs
[2026-05-23T08:13:41.269+0000] {logging_mixin.py:190} INFO - [2026-05-23T08:13:41.269+0000] {dag.py:4180} INFO - Setting next_dagrun for fraud_pipeline_bronze_hourly to 2026-05-23 08:05:00+00:00, run_after=2026-05-23 08:10:00+00:00
[2026-05-23T08:13:41.274+0000] {processor.py:208} INFO - Processing /opt/airflow/dags/spark_interval_ingestion.py took 0.067 seconds
[2026-05-23T08:14:11.429+0000] {processor.py:186} INFO - Started process (PID=879) to work on /opt/airflow/dags/spark_interval_ingestion.py
[2026-05-23T08:14:11.430+0000] {processor.py:914} INFO - Processing file /opt/airflow/dags/spark_interval_ingestion.py for tasks to queue
[2026-05-23T08:14:11.431+0000] {logging_mixin.py:190} INFO - [2026-05-23T08:14:11.431+0000] {dagbag.py:588} INFO - Filling up the DagBag from /opt/airflow/dags/spark_interval_ingestion.py
[2026-05-23T08:14:11.445+0000] {processor.py:925} INFO - DAG(s) 'fraud_pipeline_bronze_hourly' retrieved from /opt/airflow/dags/spark_interval_ingestion.py
[2026-05-23T08:14:11.460+0000] {logging_mixin.py:190} INFO - [2026-05-23T08:14:11.460+0000] {dag.py:3239} INFO - Sync 1 DAGs
[2026-05-23T08:14:11.470+0000] {logging_mixin.py:190} INFO - [2026-05-23T08:14:11.470+0000] {dag.py:4180} INFO - Setting next_dagrun for fraud_pipeline_bronze_hourly to 2026-05-23 08:05:00+00:00, run_after=2026-05-23 08:10:00+00:00
[2026-05-23T08:14:11.475+0000] {processor.py:208} INFO - Processing /opt/airflow/dags/spark_interval_ingestion.py took 0.053 seconds
[2026-05-23T08:14:41.645+0000] {processor.py:186} INFO - Started process (PID=884) to work on /opt/airflow/dags/spark_interval_ingestion.py
[2026-05-23T08:14:41.646+0000] {processor.py:914} INFO - Processing file /opt/airflow/dags/spark_interval_ingestion.py for tasks to queue
[2026-05-23T08:14:41.647+0000] {logging_mixin.py:190} INFO - [2026-05-23T08:14:41.647+0000] {dagbag.py:588} INFO - Filling up the DagBag from /opt/airflow/dags/spark_interval_ingestion.py
[2026-05-23T08:14:41.661+0000] {processor.py:925} INFO - DAG(s) 'fraud_pipeline_bronze_hourly' retrieved from /opt/airflow/dags/spark_interval_ingestion.py
[2026-05-23T08:14:41.676+0000] {logging_mixin.py:190} INFO - [2026-05-23T08:14:41.676+0000] {dag.py:3239} INFO - Sync 1 DAGs
[2026-05-23T08:14:41.685+0000] {logging_mixin.py:190} INFO - [2026-05-23T08:14:41.685+0000] {dag.py:4180} INFO - Setting next_dagrun for fraud_pipeline_bronze_hourly to 2026-05-23 08:05:00+00:00, run_after=2026-05-23 08:10:00+00:00
[2026-05-23T08:14:41.690+0000] {processor.py:208} INFO - Processing /opt/airflow/dags/spark_interval_ingestion.py took 0.050 seconds
[2026-05-23T08:15:11.884+0000] {processor.py:186} INFO - Started process (PID=889) to work on /opt/airflow/dags/spark_interval_ingestion.py
[2026-05-23T08:15:11.885+0000] {processor.py:914} INFO - Processing file /opt/airflow/dags/spark_interval_ingestion.py for tasks to queue
[2026-05-23T08:15:11.889+0000] {logging_mixin.py:190} INFO - [2026-05-23T08:15:11.888+0000] {dagbag.py:588} INFO - Filling up the DagBag from /opt/airflow/dags/spark_interval_ingestion.py
[2026-05-23T08:15:11.914+0000] {processor.py:925} INFO - DAG(s) 'fraud_pipeline_bronze_hourly' retrieved from /opt/airflow/dags/spark_interval_ingestion.py
[2026-05-23T08:15:11.929+0000] {logging_mixin.py:190} INFO - [2026-05-23T08:15:11.929+0000] {dag.py:3239} INFO - Sync 1 DAGs
[2026-05-23T08:15:11.938+0000] {logging_mixin.py:190} INFO - [2026-05-23T08:15:11.938+0000] {dag.py:4180} INFO - Setting next_dagrun for fraud_pipeline_bronze_hourly to 2026-05-23 08:10:00+00:00, run_after=2026-05-23 08:15:00+00:00
[2026-05-23T08:15:11.943+0000] {processor.py:208} INFO - Processing /opt/airflow/dags/spark_interval_ingestion.py took 0.075 seconds
[2026-05-23T08:15:42.095+0000] {processor.py:186} INFO - Started process (PID=894) to work on /opt/airflow/dags/spark_interval_ingestion.py
[2026-05-23T08:15:42.096+0000] {processor.py:914} INFO - Processing file /opt/airflow/dags/spark_interval_ingestion.py for tasks to queue
[2026-05-23T08:15:42.096+0000] {logging_mixin.py:190} INFO - [2026-05-23T08:15:42.096+0000] {dagbag.py:588} INFO - Filling up the DagBag from /opt/airflow/dags/spark_interval_ingestion.py
[2026-05-23T08:15:42.115+0000] {processor.py:925} INFO - DAG(s) 'fraud_pipeline_bronze_hourly' retrieved from /opt/airflow/dags/spark_interval_ingestion.py
[2026-05-23T08:15:42.132+0000] {logging_mixin.py:190} INFO - [2026-05-23T08:15:42.132+0000] {dag.py:3239} INFO - Sync 1 DAGs
[2026-05-23T08:15:42.141+0000] {logging_mixin.py:190} INFO - [2026-05-23T08:15:42.141+0000] {dag.py:4180} INFO - Setting next_dagrun for fraud_pipeline_bronze_hourly to 2026-05-23 08:10:00+00:00, run_after=2026-05-23 08:15:00+00:00
[2026-05-23T08:15:42.148+0000] {processor.py:208} INFO - Processing /opt/airflow/dags/spark_interval_ingestion.py took 0.058 seconds
[2026-05-23T08:16:12.348+0000] {processor.py:186} INFO - Started process (PID=899) to work on /opt/airflow/dags/spark_interval_ingestion.py
[2026-05-23T08:16:12.349+0000] {processor.py:914} INFO - Processing file /opt/airflow/dags/spark_interval_ingestion.py for tasks to queue
[2026-05-23T08:16:12.351+0000] {logging_mixin.py:190} INFO - [2026-05-23T08:16:12.350+0000] {dagbag.py:588} INFO - Filling up the DagBag from /opt/airflow/dags/spark_interval_ingestion.py
[2026-05-23T08:16:12.378+0000] {processor.py:925} INFO - DAG(s) 'fraud_pipeline_bronze_hourly' retrieved from /opt/airflow/dags/spark_interval_ingestion.py
[2026-05-23T08:16:12.395+0000] {logging_mixin.py:190} INFO - [2026-05-23T08:16:12.395+0000] {dag.py:3239} INFO - Sync 1 DAGs
[2026-05-23T08:16:12.406+0000] {logging_mixin.py:190} INFO - [2026-05-23T08:16:12.406+0000] {dag.py:4180} INFO - Setting next_dagrun for fraud_pipeline_bronze_hourly to 2026-05-23 08:10:00+00:00, run_after=2026-05-23 08:15:00+00:00
[2026-05-23T08:16:12.412+0000] {processor.py:208} INFO - Processing /opt/airflow/dags/spark_interval_ingestion.py took 0.070 seconds
[2026-05-23T08:16:42.572+0000] {processor.py:186} INFO - Started process (PID=904) to work on /opt/airflow/dags/spark_interval_ingestion.py
[2026-05-23T08:16:42.573+0000] {processor.py:914} INFO - Processing file /opt/airflow/dags/spark_interval_ingestion.py for tasks to queue
[2026-05-23T08:16:42.576+0000] {logging_mixin.py:190} INFO - [2026-05-23T08:16:42.575+0000] {dagbag.py:588} INFO - Filling up the DagBag from /opt/airflow/dags/spark_interval_ingestion.py
[2026-05-23T08:16:42.615+0000] {processor.py:925} INFO - DAG(s) 'fraud_pipeline_bronze_hourly' retrieved from /opt/airflow/dags/spark_interval_ingestion.py
[2026-05-23T08:16:42.637+0000] {logging_mixin.py:190} INFO - [2026-05-23T08:16:42.637+0000] {dag.py:3239} INFO - Sync 1 DAGs
[2026-05-23T08:16:42.648+0000] {logging_mixin.py:190} INFO - [2026-05-23T08:16:42.648+0000] {dag.py:4180} INFO - Setting next_dagrun for fraud_pipeline_bronze_hourly to 2026-05-23 08:10:00+00:00, run_after=2026-05-23 08:15:00+00:00
[2026-05-23T08:16:42.655+0000] {processor.py:208} INFO - Processing /opt/airflow/dags/spark_interval_ingestion.py took 0.090 seconds
[2026-05-23T08:17:12.802+0000] {processor.py:186} INFO - Started process (PID=909) to work on /opt/airflow/dags/spark_interval_ingestion.py
[2026-05-23T08:17:12.803+0000] {processor.py:914} INFO - Processing file /opt/airflow/dags/spark_interval_ingestion.py for tasks to queue
[2026-05-23T08:17:12.804+0000] {logging_mixin.py:190} INFO - [2026-05-23T08:17:12.804+0000] {dagbag.py:588} INFO - Filling up the DagBag from /opt/airflow/dags/spark_interval_ingestion.py
[2026-05-23T08:17:12.831+0000] {processor.py:925} INFO - DAG(s) 'fraud_pipeline_bronze_hourly' retrieved from /opt/airflow/dags/spark_interval_ingestion.py
[2026-05-23T08:17:12.864+0000] {logging_mixin.py:190} INFO - [2026-05-23T08:17:12.864+0000] {dag.py:3239} INFO - Sync 1 DAGs
[2026-05-23T08:17:12.890+0000] {logging_mixin.py:190} INFO - [2026-05-23T08:17:12.890+0000] {dag.py:4180} INFO - Setting next_dagrun for fraud_pipeline_bronze_hourly to 2026-05-23 08:10:00+00:00, run_after=2026-05-23 08:15:00+00:00
[2026-05-23T08:17:12.914+0000] {processor.py:208} INFO - Processing /opt/airflow/dags/spark_interval_ingestion.py took 0.119 seconds
[2026-05-23T08:17:43.089+0000] {processor.py:186} INFO - Started process (PID=914) to work on /opt/airflow/dags/spark_interval_ingestion.py
[2026-05-23T08:17:43.089+0000] {processor.py:914} INFO - Processing file /opt/airflow/dags/spark_interval_ingestion.py for tasks to queue
[2026-05-23T08:17:43.091+0000] {logging_mixin.py:190} INFO - [2026-05-23T08:17:43.090+0000] {dagbag.py:588} INFO - Filling up the DagBag from /opt/airflow/dags/spark_interval_ingestion.py
[2026-05-23T08:17:43.100+0000] {processor.py:925} INFO - DAG(s) 'fraud_pipeline_bronze_hourly' retrieved from /opt/airflow/dags/spark_interval_ingestion.py
[2026-05-23T08:17:43.115+0000] {logging_mixin.py:190} INFO - [2026-05-23T08:17:43.115+0000] {dag.py:3239} INFO - Sync 1 DAGs
[2026-05-23T08:17:43.126+0000] {logging_mixin.py:190} INFO - [2026-05-23T08:17:43.126+0000] {dag.py:4180} INFO - Setting next_dagrun for fraud_pipeline_bronze_hourly to 2026-05-23 08:10:00+00:00, run_after=2026-05-23 08:15:00+00:00
[2026-05-23T08:17:43.132+0000] {processor.py:208} INFO - Processing /opt/airflow/dags/spark_interval_ingestion.py took 0.047 seconds
[2026-05-23T08:18:13.301+0000] {processor.py:186} INFO - Started process (PID=919) to work on /opt/airflow/dags/spark_interval_ingestion.py
[2026-05-23T08:18:13.302+0000] {processor.py:914} INFO - Processing file /opt/airflow/dags/spark_interval_ingestion.py for tasks to queue
[2026-05-23T08:18:13.303+0000] {logging_mixin.py:190} INFO - [2026-05-23T08:18:13.302+0000] {dagbag.py:588} INFO - Filling up the DagBag from /opt/airflow/dags/spark_interval_ingestion.py
[2026-05-23T08:18:13.314+0000] {processor.py:925} INFO - DAG(s) 'fraud_pipeline_bronze_hourly' retrieved from /opt/airflow/dags/spark_interval_ingestion.py
[2026-05-23T08:18:13.334+0000] {logging_mixin.py:190} INFO - [2026-05-23T08:18:13.334+0000] {dag.py:3239} INFO - Sync 1 DAGs
[2026-05-23T08:18:13.349+0000] {logging_mixin.py:190} INFO - [2026-05-23T08:18:13.349+0000] {dag.py:4180} INFO - Setting next_dagrun for fraud_pipeline_bronze_hourly to 2026-05-23 08:10:00+00:00, run_after=2026-05-23 08:15:00+00:00
[2026-05-23T08:18:13.356+0000] {processor.py:208} INFO - Processing /opt/airflow/dags/spark_interval_ingestion.py took 0.060 seconds
[2026-05-23T08:18:43.530+0000] {processor.py:186} INFO - Started process (PID=924) to work on /opt/airflow/dags/spark_interval_ingestion.py
[2026-05-23T08:18:43.530+0000] {processor.py:914} INFO - Processing file /opt/airflow/dags/spark_interval_ingestion.py for tasks to queue
[2026-05-23T08:18:43.531+0000] {logging_mixin.py:190} INFO - [2026-05-23T08:18:43.531+0000] {dagbag.py:588} INFO - Filling up the DagBag from /opt/airflow/dags/spark_interval_ingestion.py
[2026-05-23T08:18:43.540+0000] {processor.py:925} INFO - DAG(s) 'fraud_pipeline_bronze_hourly' retrieved from /opt/airflow/dags/spark_interval_ingestion.py
[2026-05-23T08:18:43.557+0000] {logging_mixin.py:190} INFO - [2026-05-23T08:18:43.557+0000] {dag.py:3239} INFO - Sync 1 DAGs
[2026-05-23T08:18:43.568+0000] {logging_mixin.py:190} INFO - [2026-05-23T08:18:43.568+0000] {dag.py:4180} INFO - Setting next_dagrun for fraud_pipeline_bronze_hourly to 2026-05-23 08:10:00+00:00, run_after=2026-05-23 08:15:00+00:00
[2026-05-23T08:18:43.573+0000] {processor.py:208} INFO - Processing /opt/airflow/dags/spark_interval_ingestion.py took 0.048 seconds
[2026-05-23T08:19:13.752+0000] {processor.py:186} INFO - Started process (PID=929) to work on /opt/airflow/dags/spark_interval_ingestion.py
[2026-05-23T08:19:13.753+0000] {processor.py:914} INFO - Processing file /opt/airflow/dags/spark_interval_ingestion.py for tasks to queue
[2026-05-23T08:19:13.754+0000] {logging_mixin.py:190} INFO - [2026-05-23T08:19:13.753+0000] {dagbag.py:588} INFO - Filling up the DagBag from /opt/airflow/dags/spark_interval_ingestion.py
[2026-05-23T08:19:13.768+0000] {processor.py:925} INFO - DAG(s) 'fraud_pipeline_bronze_hourly' retrieved from /opt/airflow/dags/spark_interval_ingestion.py
[2026-05-23T08:19:13.787+0000] {logging_mixin.py:190} INFO - [2026-05-23T08:19:13.787+0000] {dag.py:3239} INFO - Sync 1 DAGs
[2026-05-23T08:19:13.798+0000] {logging_mixin.py:190} INFO - [2026-05-23T08:19:13.798+0000] {dag.py:4180} INFO - Setting next_dagrun for fraud_pipeline_bronze_hourly to 2026-05-23 08:10:00+00:00, run_after=2026-05-23 08:15:00+00:00
[2026-05-23T08:19:13.805+0000] {processor.py:208} INFO - Processing /opt/airflow/dags/spark_interval_ingestion.py took 0.059 seconds
[2026-05-23T08:19:43.967+0000] {processor.py:186} INFO - Started process (PID=934) to work on /opt/airflow/dags/spark_interval_ingestion.py
[2026-05-23T08:19:43.968+0000] {processor.py:914} INFO - Processing file /opt/airflow/dags/spark_interval_ingestion.py for tasks to queue
[2026-05-23T08:19:43.969+0000] {logging_mixin.py:190} INFO - [2026-05-23T08:19:43.969+0000] {dagbag.py:588} INFO - Filling up the DagBag from /opt/airflow/dags/spark_interval_ingestion.py
[2026-05-23T08:19:43.984+0000] {processor.py:925} INFO - DAG(s) 'fraud_pipeline_bronze_hourly' retrieved from /opt/airflow/dags/spark_interval_ingestion.py
[2026-05-23T08:19:44.002+0000] {logging_mixin.py:190} INFO - [2026-05-23T08:19:44.002+0000] {dag.py:3239} INFO - Sync 1 DAGs
[2026-05-23T08:19:44.013+0000] {logging_mixin.py:190} INFO - [2026-05-23T08:19:44.013+0000] {dag.py:4180} INFO - Setting next_dagrun for fraud_pipeline_bronze_hourly to 2026-05-23 08:10:00+00:00, run_after=2026-05-23 08:15:00+00:00
[2026-05-23T08:19:44.020+0000] {processor.py:208} INFO - Processing /opt/airflow/dags/spark_interval_ingestion.py took 0.059 seconds
[2026-05-23T08:20:14.179+0000] {processor.py:186} INFO - Started process (PID=939) to work on /opt/airflow/dags/spark_interval_ingestion.py
[2026-05-23T08:20:14.180+0000] {processor.py:914} INFO - Processing file /opt/airflow/dags/spark_interval_ingestion.py for tasks to queue
[2026-05-23T08:20:14.182+0000] {logging_mixin.py:190} INFO - [2026-05-23T08:20:14.181+0000] {dagbag.py:588} INFO - Filling up the DagBag from /opt/airflow/dags/spark_interval_ingestion.py
[2026-05-23T08:20:14.191+0000] {processor.py:925} INFO - DAG(s) 'fraud_pipeline_bronze_hourly' retrieved from /opt/airflow/dags/spark_interval_ingestion.py
[2026-05-23T08:20:14.211+0000] {logging_mixin.py:190} INFO - [2026-05-23T08:20:14.210+0000] {dag.py:3239} INFO - Sync 1 DAGs
[2026-05-23T08:20:14.222+0000] {logging_mixin.py:190} INFO - [2026-05-23T08:20:14.221+0000] {dag.py:4180} INFO - Setting next_dagrun for fraud_pipeline_bronze_hourly to 2026-05-23 08:15:00+00:00, run_after=2026-05-23 08:20:00+00:00
[2026-05-23T08:20:14.230+0000] {processor.py:208} INFO - Processing /opt/airflow/dags/spark_interval_ingestion.py took 0.056 seconds
[2026-05-23T08:20:44.441+0000] {processor.py:186} INFO - Started process (PID=944) to work on /opt/airflow/dags/spark_interval_ingestion.py
[2026-05-23T08:20:44.441+0000] {processor.py:914} INFO - Processing file /opt/airflow/dags/spark_interval_ingestion.py for tasks to queue
[2026-05-23T08:20:44.442+0000] {logging_mixin.py:190} INFO - [2026-05-23T08:20:44.442+0000] {dagbag.py:588} INFO - Filling up the DagBag from /opt/airflow/dags/spark_interval_ingestion.py
[2026-05-23T08:20:44.453+0000] {processor.py:925} INFO - DAG(s) 'fraud_pipeline_bronze_hourly' retrieved from /opt/airflow/dags/spark_interval_ingestion.py
[2026-05-23T08:20:44.471+0000] {logging_mixin.py:190} INFO - [2026-05-23T08:20:44.471+0000] {dag.py:3239} INFO - Sync 1 DAGs
[2026-05-23T08:20:44.483+0000] {logging_mixin.py:190} INFO - [2026-05-23T08:20:44.483+0000] {dag.py:4180} INFO - Setting next_dagrun for fraud_pipeline_bronze_hourly to 2026-05-23 08:15:00+00:00, run_after=2026-05-23 08:20:00+00:00
[2026-05-23T08:20:44.489+0000] {processor.py:208} INFO - Processing /opt/airflow/dags/spark_interval_ingestion.py took 0.053 seconds
[2026-05-23T08:21:14.659+0000] {processor.py:186} INFO - Started process (PID=949) to work on /opt/airflow/dags/spark_interval_ingestion.py
[2026-05-23T08:21:14.660+0000] {processor.py:914} INFO - Processing file /opt/airflow/dags/spark_interval_ingestion.py for tasks to queue
[2026-05-23T08:21:14.661+0000] {logging_mixin.py:190} INFO - [2026-05-23T08:21:14.660+0000] {dagbag.py:588} INFO - Filling up the DagBag from /opt/airflow/dags/spark_interval_ingestion.py
[2026-05-23T08:21:14.671+0000] {processor.py:925} INFO - DAG(s) 'fraud_pipeline_bronze_hourly' retrieved from /opt/airflow/dags/spark_interval_ingestion.py
[2026-05-23T08:21:14.689+0000] {logging_mixin.py:190} INFO - [2026-05-23T08:21:14.689+0000] {dag.py:3239} INFO - Sync 1 DAGs
[2026-05-23T08:21:14.701+0000] {logging_mixin.py:190} INFO - [2026-05-23T08:21:14.701+0000] {dag.py:4180} INFO - Setting next_dagrun for fraud_pipeline_bronze_hourly to 2026-05-23 08:15:00+00:00, run_after=2026-05-23 08:20:00+00:00
[2026-05-23T08:21:14.709+0000] {processor.py:208} INFO - Processing /opt/airflow/dags/spark_interval_ingestion.py took 0.056 seconds
[2026-05-23T08:21:44.876+0000] {processor.py:186} INFO - Started process (PID=954) to work on /opt/airflow/dags/spark_interval_ingestion.py
[2026-05-23T08:21:44.876+0000] {processor.py:914} INFO - Processing file /opt/airflow/dags/spark_interval_ingestion.py for tasks to queue
[2026-05-23T08:21:44.877+0000] {logging_mixin.py:190} INFO - [2026-05-23T08:21:44.877+0000] {dagbag.py:588} INFO - Filling up the DagBag from /opt/airflow/dags/spark_interval_ingestion.py
[2026-05-23T08:21:44.887+0000] {processor.py:925} INFO - DAG(s) 'fraud_pipeline_bronze_hourly' retrieved from /opt/airflow/dags/spark_interval_ingestion.py
[2026-05-23T08:21:44.905+0000] {logging_mixin.py:190} INFO - [2026-05-23T08:21:44.905+0000] {dag.py:3239} INFO - Sync 1 DAGs
[2026-05-23T08:21:44.916+0000] {logging_mixin.py:190} INFO - [2026-05-23T08:21:44.916+0000] {dag.py:4180} INFO - Setting next_dagrun for fraud_pipeline_bronze_hourly to 2026-05-23 08:15:00+00:00, run_after=2026-05-23 08:20:00+00:00
[2026-05-23T08:21:44.922+0000] {processor.py:208} INFO - Processing /opt/airflow/dags/spark_interval_ingestion.py took 0.052 seconds
[2026-05-23T08:22:15.118+0000] {processor.py:186} INFO - Started process (PID=959) to work on /opt/airflow/dags/spark_interval_ingestion.py
[2026-05-23T08:22:15.119+0000] {processor.py:914} INFO - Processing file /opt/airflow/dags/spark_interval_ingestion.py for tasks to queue
[2026-05-23T08:22:15.120+0000] {logging_mixin.py:190} INFO - [2026-05-23T08:22:15.119+0000] {dagbag.py:588} INFO - Filling up the DagBag from /opt/airflow/dags/spark_interval_ingestion.py
[2026-05-23T08:22:15.148+0000] {processor.py:925} INFO - DAG(s) 'fraud_pipeline_bronze_hourly' retrieved from /opt/airflow/dags/spark_interval_ingestion.py
[2026-05-23T08:22:15.173+0000] {logging_mixin.py:190} INFO - [2026-05-23T08:22:15.173+0000] {dag.py:3239} INFO - Sync 1 DAGs
[2026-05-23T08:22:15.184+0000] {logging_mixin.py:190} INFO - [2026-05-23T08:22:15.184+0000] {dag.py:4180} INFO - Setting next_dagrun for fraud_pipeline_bronze_hourly to 2026-05-23 08:15:00+00:00, run_after=2026-05-23 08:20:00+00:00
[2026-05-23T08:22:15.192+0000] {processor.py:208} INFO - Processing /opt/airflow/dags/spark_interval_ingestion.py took 0.081 seconds
[2026-05-23T08:22:45.337+0000] {processor.py:186} INFO - Started process (PID=964) to work on /opt/airflow/dags/spark_interval_ingestion.py
[2026-05-23T08:22:45.338+0000] {processor.py:914} INFO - Processing file /opt/airflow/dags/spark_interval_ingestion.py for tasks to queue
[2026-05-23T08:22:45.339+0000] {logging_mixin.py:190} INFO - [2026-05-23T08:22:45.339+0000] {dagbag.py:588} INFO - Filling up the DagBag from /opt/airflow/dags/spark_interval_ingestion.py
[2026-05-23T08:22:45.349+0000] {processor.py:925} INFO - DAG(s) 'fraud_pipeline_bronze_hourly' retrieved from /opt/airflow/dags/spark_interval_ingestion.py
[2026-05-23T08:22:45.370+0000] {logging_mixin.py:190} INFO - [2026-05-23T08:22:45.369+0000] {dag.py:3239} INFO - Sync 1 DAGs
[2026-05-23T08:22:45.378+0000] {logging_mixin.py:190} INFO - [2026-05-23T08:22:45.378+0000] {dag.py:4180} INFO - Setting next_dagrun for fraud_pipeline_bronze_hourly to 2026-05-23 08:15:00+00:00, run_after=2026-05-23 08:20:00+00:00
[2026-05-23T08:22:45.384+0000] {processor.py:208} INFO - Processing /opt/airflow/dags/spark_interval_ingestion.py took 0.052 seconds
[2026-05-23T08:23:15.603+0000] {processor.py:186} INFO - Started process (PID=969) to work on /opt/airflow/dags/spark_interval_ingestion.py
[2026-05-23T08:23:15.603+0000] {processor.py:914} INFO - Processing file /opt/airflow/dags/spark_interval_ingestion.py for tasks to queue
[2026-05-23T08:23:15.604+0000] {logging_mixin.py:190} INFO - [2026-05-23T08:23:15.604+0000] {dagbag.py:588} INFO - Filling up the DagBag from /opt/airflow/dags/spark_interval_ingestion.py
[2026-05-23T08:23:15.618+0000] {processor.py:925} INFO - DAG(s) 'fraud_pipeline_bronze_hourly' retrieved from /opt/airflow/dags/spark_interval_ingestion.py
[2026-05-23T08:23:15.636+0000] {logging_mixin.py:190} INFO - [2026-05-23T08:23:15.636+0000] {dag.py:3239} INFO - Sync 1 DAGs
[2026-05-23T08:23:15.646+0000] {logging_mixin.py:190} INFO - [2026-05-23T08:23:15.646+0000] {dag.py:4180} INFO - Setting next_dagrun for fraud_pipeline_bronze_hourly to 2026-05-23 08:15:00+00:00, run_after=2026-05-23 08:20:00+00:00
[2026-05-23T08:23:15.652+0000] {processor.py:208} INFO - Processing /opt/airflow/dags/spark_interval_ingestion.py took 0.055 seconds
[2026-05-23T08:23:45.790+0000] {processor.py:186} INFO - Started process (PID=974) to work on /opt/airflow/dags/spark_interval_ingestion.py
[2026-05-23T08:23:45.790+0000] {processor.py:914} INFO - Processing file /opt/airflow/dags/spark_interval_ingestion.py for tasks to queue
[2026-05-23T08:23:45.791+0000] {logging_mixin.py:190} INFO - [2026-05-23T08:23:45.791+0000] {dagbag.py:588} INFO - Filling up the DagBag from /opt/airflow/dags/spark_interval_ingestion.py
[2026-05-23T08:23:45.796+0000] {processor.py:925} INFO - DAG(s) 'fraud_pipeline_bronze_hourly' retrieved from /opt/airflow/dags/spark_interval_ingestion.py
[2026-05-23T08:23:45.806+0000] {logging_mixin.py:190} INFO - [2026-05-23T08:23:45.805+0000] {dag.py:3239} INFO - Sync 1 DAGs
[2026-05-23T08:23:45.813+0000] {logging_mixin.py:190} INFO - [2026-05-23T08:23:45.813+0000] {dag.py:4180} INFO - Setting next_dagrun for fraud_pipeline_bronze_hourly to 2026-05-23 08:15:00+00:00, run_after=2026-05-23 08:20:00+00:00
[2026-05-23T08:23:45.818+0000] {processor.py:208} INFO - Processing /opt/airflow/dags/spark_interval_ingestion.py took 0.030 seconds
[2026-05-23T08:24:16.000+0000] {processor.py:186} INFO - Started process (PID=979) to work on /opt/airflow/dags/spark_interval_ingestion.py
[2026-05-23T08:24:16.000+0000] {processor.py:914} INFO - Processing file /opt/airflow/dags/spark_interval_ingestion.py for tasks to queue
[2026-05-23T08:24:16.001+0000] {logging_mixin.py:190} INFO - [2026-05-23T08:24:16.001+0000] {dagbag.py:588} INFO - Filling up the DagBag from /opt/airflow/dags/spark_interval_ingestion.py
[2026-05-23T08:24:16.008+0000] {processor.py:925} INFO - DAG(s) 'fraud_pipeline_bronze_hourly' retrieved from /opt/airflow/dags/spark_interval_ingestion.py
[2026-05-23T08:24:16.023+0000] {logging_mixin.py:190} INFO - [2026-05-23T08:24:16.023+0000] {dag.py:3239} INFO - Sync 1 DAGs
[2026-05-23T08:24:16.032+0000] {logging_mixin.py:190} INFO - [2026-05-23T08:24:16.032+0000] {dag.py:4180} INFO - Setting next_dagrun for fraud_pipeline_bronze_hourly to 2026-05-23 08:15:00+00:00, run_after=2026-05-23 08:20:00+00:00
[2026-05-23T08:24:16.039+0000] {processor.py:208} INFO - Processing /opt/airflow/dags/spark_interval_ingestion.py took 0.043 seconds
[2026-05-23T08:24:46.255+0000] {processor.py:186} INFO - Started process (PID=984) to work on /opt/airflow/dags/spark_interval_ingestion.py
[2026-05-23T08:24:46.256+0000] {processor.py:914} INFO - Processing file /opt/airflow/dags/spark_interval_ingestion.py for tasks to queue
[2026-05-23T08:24:46.257+0000] {logging_mixin.py:190} INFO - [2026-05-23T08:24:46.256+0000] {dagbag.py:588} INFO - Filling up the DagBag from /opt/airflow/dags/spark_interval_ingestion.py
[2026-05-23T08:24:46.269+0000] {processor.py:925} INFO - DAG(s) 'fraud_pipeline_bronze_hourly' retrieved from /opt/airflow/dags/spark_interval_ingestion.py
[2026-05-23T08:24:46.286+0000] {logging_mixin.py:190} INFO - [2026-05-23T08:24:46.286+0000] {dag.py:3239} INFO - Sync 1 DAGs
[2026-05-23T08:24:46.297+0000] {logging_mixin.py:190} INFO - [2026-05-23T08:24:46.297+0000] {dag.py:4180} INFO - Setting next_dagrun for fraud_pipeline_bronze_hourly to 2026-05-23 08:15:00+00:00, run_after=2026-05-23 08:20:00+00:00
[2026-05-23T08:24:46.303+0000] {processor.py:208} INFO - Processing /opt/airflow/dags/spark_interval_ingestion.py took 0.053 seconds
[2026-05-23T08:25:16.463+0000] {processor.py:186} INFO - Started process (PID=989) to work on /opt/airflow/dags/spark_interval_ingestion.py
[2026-05-23T08:25:16.464+0000] {processor.py:914} INFO - Processing file /opt/airflow/dags/spark_interval_ingestion.py for tasks to queue
[2026-05-23T08:25:16.465+0000] {logging_mixin.py:190} INFO - [2026-05-23T08:25:16.465+0000] {dagbag.py:588} INFO - Filling up the DagBag from /opt/airflow/dags/spark_interval_ingestion.py
[2026-05-23T08:25:16.473+0000] {processor.py:925} INFO - DAG(s) 'fraud_pipeline_bronze_hourly' retrieved from /opt/airflow/dags/spark_interval_ingestion.py
[2026-05-23T08:25:16.490+0000] {logging_mixin.py:190} INFO - [2026-05-23T08:25:16.490+0000] {dag.py:3239} INFO - Sync 1 DAGs
[2026-05-23T08:25:16.500+0000] {logging_mixin.py:190} INFO - [2026-05-23T08:25:16.500+0000] {dag.py:4180} INFO - Setting next_dagrun for fraud_pipeline_bronze_hourly to 2026-05-23 08:20:00+00:00, run_after=2026-05-23 08:25:00+00:00
[2026-05-23T08:25:16.506+0000] {processor.py:208} INFO - Processing /opt/airflow/dags/spark_interval_ingestion.py took 0.046 seconds
[2026-05-23T08:25:46.691+0000] {processor.py:186} INFO - Started process (PID=994) to work on /opt/airflow/dags/spark_interval_ingestion.py
[2026-05-23T08:25:46.692+0000] {processor.py:914} INFO - Processing file /opt/airflow/dags/spark_interval_ingestion.py for tasks to queue
[2026-05-23T08:25:46.693+0000] {logging_mixin.py:190} INFO - [2026-05-23T08:25:46.692+0000] {dagbag.py:588} INFO - Filling up the DagBag from /opt/airflow/dags/spark_interval_ingestion.py
[2026-05-23T08:25:46.705+0000] {processor.py:925} INFO - DAG(s) 'fraud_pipeline_bronze_hourly' retrieved from /opt/airflow/dags/spark_interval_ingestion.py
[2026-05-23T08:25:46.725+0000] {logging_mixin.py:190} INFO - [2026-05-23T08:25:46.725+0000] {dag.py:3239} INFO - Sync 1 DAGs
[2026-05-23T08:25:46.741+0000] {logging_mixin.py:190} INFO - [2026-05-23T08:25:46.741+0000] {dag.py:4180} INFO - Setting next_dagrun for fraud_pipeline_bronze_hourly to 2026-05-23 08:20:00+00:00, run_after=2026-05-23 08:25:00+00:00
[2026-05-23T08:25:46.754+0000] {processor.py:208} INFO - Processing /opt/airflow/dags/spark_interval_ingestion.py took 0.069 seconds
[2026-05-23T08:26:16.860+0000] {processor.py:186} INFO - Started process (PID=999) to work on /opt/airflow/dags/spark_interval_ingestion.py
[2026-05-23T08:26:16.860+0000] {processor.py:914} INFO - Processing file /opt/airflow/dags/spark_interval_ingestion.py for tasks to queue
[2026-05-23T08:26:16.860+0000] {logging_mixin.py:190} INFO - [2026-05-23T08:26:16.860+0000] {dagbag.py:588} INFO - Filling up the DagBag from /opt/airflow/dags/spark_interval_ingestion.py
[2026-05-23T08:26:16.866+0000] {processor.py:925} INFO - DAG(s) 'fraud_pipeline_bronze_hourly' retrieved from /opt/airflow/dags/spark_interval_ingestion.py
[2026-05-23T08:26:16.879+0000] {logging_mixin.py:190} INFO - [2026-05-23T08:26:16.878+0000] {dag.py:3239} INFO - Sync 1 DAGs
[2026-05-23T08:26:16.888+0000] {logging_mixin.py:190} INFO - [2026-05-23T08:26:16.888+0000] {dag.py:4180} INFO - Setting next_dagrun for fraud_pipeline_bronze_hourly to 2026-05-23 08:20:00+00:00, run_after=2026-05-23 08:25:00+00:00
[2026-05-23T08:26:16.894+0000] {processor.py:208} INFO - Processing /opt/airflow/dags/spark_interval_ingestion.py took 0.037 seconds
[2026-05-23T08:26:47.086+0000] {processor.py:186} INFO - Started process (PID=1004) to work on /opt/airflow/dags/spark_interval_ingestion.py
[2026-05-23T08:26:47.087+0000] {processor.py:914} INFO - Processing file /opt/airflow/dags/spark_interval_ingestion.py for tasks to queue
[2026-05-23T08:26:47.088+0000] {logging_mixin.py:190} INFO - [2026-05-23T08:26:47.087+0000] {dagbag.py:588} INFO - Filling up the DagBag from /opt/airflow/dags/spark_interval_ingestion.py
[2026-05-23T08:26:47.096+0000] {processor.py:925} INFO - DAG(s) 'fraud_pipeline_bronze_hourly' retrieved from /opt/airflow/dags/spark_interval_ingestion.py
[2026-05-23T08:26:47.113+0000] {logging_mixin.py:190} INFO - [2026-05-23T08:26:47.113+0000] {dag.py:3239} INFO - Sync 1 DAGs
[2026-05-23T08:26:47.123+0000] {logging_mixin.py:190} INFO - [2026-05-23T08:26:47.123+0000] {dag.py:4180} INFO - Setting next_dagrun for fraud_pipeline_bronze_hourly to 2026-05-23 08:20:00+00:00, run_after=2026-05-23 08:25:00+00:00
[2026-05-23T08:26:47.129+0000] {processor.py:208} INFO - Processing /opt/airflow/dags/spark_interval_ingestion.py took 0.048 seconds
[2026-05-23T08:27:17.306+0000] {processor.py:186} INFO - Started process (PID=1009) to work on /opt/airflow/dags/spark_interval_ingestion.py
[2026-05-23T08:27:17.307+0000] {processor.py:914} INFO - Processing file /opt/airflow/dags/spark_interval_ingestion.py for tasks to queue
[2026-05-23T08:27:17.308+0000] {logging_mixin.py:190} INFO - [2026-05-23T08:27:17.308+0000] {dagbag.py:588} INFO - Filling up the DagBag from /opt/airflow/dags/spark_interval_ingestion.py
[2026-05-23T08:27:17.322+0000] {processor.py:925} INFO - DAG(s) 'fraud_pipeline_bronze_hourly' retrieved from /opt/airflow/dags/spark_interval_ingestion.py
[2026-05-23T08:27:17.349+0000] {logging_mixin.py:190} INFO - [2026-05-23T08:27:17.348+0000] {dag.py:3239} INFO - Sync 1 DAGs
[2026-05-23T08:27:17.366+0000] {logging_mixin.py:190} INFO - [2026-05-23T08:27:17.366+0000] {dag.py:4180} INFO - Setting next_dagrun for fraud_pipeline_bronze_hourly to 2026-05-23 08:20:00+00:00, run_after=2026-05-23 08:25:00+00:00
[2026-05-23T08:27:17.373+0000] {processor.py:208} INFO - Processing /opt/airflow/dags/spark_interval_ingestion.py took 0.073 seconds
[2026-05-23T08:27:47.500+0000] {processor.py:186} INFO - Started process (PID=1014) to work on /opt/airflow/dags/spark_interval_ingestion.py
[2026-05-23T08:27:47.501+0000] {processor.py:914} INFO - Processing file /opt/airflow/dags/spark_interval_ingestion.py for tasks to queue
[2026-05-23T08:27:47.501+0000] {logging_mixin.py:190} INFO - [2026-05-23T08:27:47.501+0000] {dagbag.py:588} INFO - Filling up the DagBag from /opt/airflow/dags/spark_interval_ingestion.py
[2026-05-23T08:27:47.509+0000] {processor.py:925} INFO - DAG(s) 'fraud_pipeline_bronze_hourly' retrieved from /opt/airflow/dags/spark_interval_ingestion.py
[2026-05-23T08:27:47.524+0000] {logging_mixin.py:190} INFO - [2026-05-23T08:27:47.524+0000] {dag.py:3239} INFO - Sync 1 DAGs
[2026-05-23T08:27:47.533+0000] {logging_mixin.py:190} INFO - [2026-05-23T08:27:47.533+0000] {dag.py:4180} INFO - Setting next_dagrun for fraud_pipeline_bronze_hourly to 2026-05-23 08:20:00+00:00, run_after=2026-05-23 08:25:00+00:00
[2026-05-23T08:27:47.538+0000] {processor.py:208} INFO - Processing /opt/airflow/dags/spark_interval_ingestion.py took 0.041 seconds
[2026-05-23T08:28:17.710+0000] {processor.py:186} INFO - Started process (PID=1019) to work on /opt/airflow/dags/spark_interval_ingestion.py
[2026-05-23T08:28:17.711+0000] {processor.py:914} INFO - Processing file /opt/airflow/dags/spark_interval_ingestion.py for tasks to queue
[2026-05-23T08:28:17.712+0000] {logging_mixin.py:190} INFO - [2026-05-23T08:28:17.711+0000] {dagbag.py:588} INFO - Filling up the DagBag from /opt/airflow/dags/spark_interval_ingestion.py
[2026-05-23T08:28:17.720+0000] {processor.py:925} INFO - DAG(s) 'fraud_pipeline_bronze_hourly' retrieved from /opt/airflow/dags/spark_interval_ingestion.py
[2026-05-23T08:28:17.735+0000] {logging_mixin.py:190} INFO - [2026-05-23T08:28:17.734+0000] {dag.py:3239} INFO - Sync 1 DAGs
[2026-05-23T08:28:17.744+0000] {logging_mixin.py:190} INFO - [2026-05-23T08:28:17.744+0000] {dag.py:4180} INFO - Setting next_dagrun for fraud_pipeline_bronze_hourly to 2026-05-23 08:20:00+00:00, run_after=2026-05-23 08:25:00+00:00
[2026-05-23T08:28:17.751+0000] {processor.py:208} INFO - Processing /opt/airflow/dags/spark_interval_ingestion.py took 0.048 seconds
[2026-05-23T08:28:47.903+0000] {processor.py:186} INFO - Started process (PID=1024) to work on /opt/airflow/dags/spark_interval_ingestion.py
[2026-05-23T08:28:47.903+0000] {processor.py:914} INFO - Processing file /opt/airflow/dags/spark_interval_ingestion.py for tasks to queue
[2026-05-23T08:28:47.904+0000] {logging_mixin.py:190} INFO - [2026-05-23T08:28:47.904+0000] {dagbag.py:588} INFO - Filling up the DagBag from /opt/airflow/dags/spark_interval_ingestion.py
[2026-05-23T08:28:47.914+0000] {processor.py:925} INFO - DAG(s) 'fraud_pipeline_bronze_hourly' retrieved from /opt/airflow/dags/spark_interval_ingestion.py
[2026-05-23T08:28:47.932+0000] {logging_mixin.py:190} INFO - [2026-05-23T08:28:47.932+0000] {dag.py:3239} INFO - Sync 1 DAGs
[2026-05-23T08:28:47.943+0000] {logging_mixin.py:190} INFO - [2026-05-23T08:28:47.943+0000] {dag.py:4180} INFO - Setting next_dagrun for fraud_pipeline_bronze_hourly to 2026-05-23 08:20:00+00:00, run_after=2026-05-23 08:25:00+00:00
[2026-05-23T08:28:47.949+0000] {processor.py:208} INFO - Processing /opt/airflow/dags/spark_interval_ingestion.py took 0.050 seconds
[2026-05-23T08:29:18.107+0000] {processor.py:186} INFO - Started process (PID=1029) to work on /opt/airflow/dags/spark_interval_ingestion.py
[2026-05-23T08:29:18.108+0000] {processor.py:914} INFO - Processing file /opt/airflow/dags/spark_interval_ingestion.py for tasks to queue
[2026-05-23T08:29:18.110+0000] {logging_mixin.py:190} INFO - [2026-05-23T08:29:18.109+0000] {dagbag.py:588} INFO - Filling up the DagBag from /opt/airflow/dags/spark_interval_ingestion.py
[2026-05-23T08:29:18.123+0000] {processor.py:925} INFO - DAG(s) 'fraud_pipeline_bronze_hourly' retrieved from /opt/airflow/dags/spark_interval_ingestion.py
[2026-05-23T08:29:18.142+0000] {logging_mixin.py:190} INFO - [2026-05-23T08:29:18.142+0000] {dag.py:3239} INFO - Sync 1 DAGs
[2026-05-23T08:29:18.153+0000] {logging_mixin.py:190} INFO - [2026-05-23T08:29:18.153+0000] {dag.py:4180} INFO - Setting next_dagrun for fraud_pipeline_bronze_hourly to 2026-05-23 08:20:00+00:00, run_after=2026-05-23 08:25:00+00:00
[2026-05-23T08:29:18.158+0000] {processor.py:208} INFO - Processing /opt/airflow/dags/spark_interval_ingestion.py took 0.056 seconds
[2026-05-23T08:29:48.320+0000] {processor.py:186} INFO - Started process (PID=1034) to work on /opt/airflow/dags/spark_interval_ingestion.py
[2026-05-23T08:29:48.321+0000] {processor.py:914} INFO - Processing file /opt/airflow/dags/spark_interval_ingestion.py for tasks to queue
[2026-05-23T08:29:48.322+0000] {logging_mixin.py:190} INFO - [2026-05-23T08:29:48.322+0000] {dagbag.py:588} INFO - Filling up the DagBag from /opt/airflow/dags/spark_interval_ingestion.py
[2026-05-23T08:29:48.332+0000] {processor.py:925} INFO - DAG(s) 'fraud_pipeline_bronze_hourly' retrieved from /opt/airflow/dags/spark_interval_ingestion.py
[2026-05-23T08:29:48.353+0000] {logging_mixin.py:190} INFO - [2026-05-23T08:29:48.352+0000] {dag.py:3239} INFO - Sync 1 DAGs
[2026-05-23T08:29:48.364+0000] {logging_mixin.py:190} INFO - [2026-05-23T08:29:48.364+0000] {dag.py:4180} INFO - Setting next_dagrun for fraud_pipeline_bronze_hourly to 2026-05-23 08:20:00+00:00, run_after=2026-05-23 08:25:00+00:00
[2026-05-23T08:29:48.371+0000] {processor.py:208} INFO - Processing /opt/airflow/dags/spark_interval_ingestion.py took 0.056 seconds
[2026-05-23T08:30:18.542+0000] {processor.py:186} INFO - Started process (PID=1039) to work on /opt/airflow/dags/spark_interval_ingestion.py
[2026-05-23T08:30:18.543+0000] {processor.py:914} INFO - Processing file /opt/airflow/dags/spark_interval_ingestion.py for tasks to queue
[2026-05-23T08:30:18.545+0000] {logging_mixin.py:190} INFO - [2026-05-23T08:30:18.545+0000] {dagbag.py:588} INFO - Filling up the DagBag from /opt/airflow/dags/spark_interval_ingestion.py
[2026-05-23T08:30:18.555+0000] {processor.py:925} INFO - DAG(s) 'fraud_pipeline_bronze_hourly' retrieved from /opt/airflow/dags/spark_interval_ingestion.py
[2026-05-23T08:30:18.571+0000] {logging_mixin.py:190} INFO - [2026-05-23T08:30:18.571+0000] {dag.py:3239} INFO - Sync 1 DAGs
[2026-05-23T08:30:18.581+0000] {logging_mixin.py:190} INFO - [2026-05-23T08:30:18.581+0000] {dag.py:4180} INFO - Setting next_dagrun for fraud_pipeline_bronze_hourly to 2026-05-23 08:25:00+00:00, run_after=2026-05-23 08:30:00+00:00
[2026-05-23T08:30:18.587+0000] {processor.py:208} INFO - Processing /opt/airflow/dags/spark_interval_ingestion.py took 0.050 seconds
[2026-05-23T08:30:48.790+0000] {processor.py:186} INFO - Started process (PID=1044) to work on /opt/airflow/dags/spark_interval_ingestion.py
[2026-05-23T08:30:48.791+0000] {processor.py:914} INFO - Processing file /opt/airflow/dags/spark_interval_ingestion.py for tasks to queue
[2026-05-23T08:30:48.792+0000] {logging_mixin.py:190} INFO - [2026-05-23T08:30:48.791+0000] {dagbag.py:588} INFO - Filling up the DagBag from /opt/airflow/dags/spark_interval_ingestion.py
[2026-05-23T08:30:48.808+0000] {processor.py:925} INFO - DAG(s) 'fraud_pipeline_bronze_hourly' retrieved from /opt/airflow/dags/spark_interval_ingestion.py
[2026-05-23T08:30:48.827+0000] {logging_mixin.py:190} INFO - [2026-05-23T08:30:48.827+0000] {dag.py:3239} INFO - Sync 1 DAGs
[2026-05-23T08:30:48.839+0000] {logging_mixin.py:190} INFO - [2026-05-23T08:30:48.839+0000] {dag.py:4180} INFO - Setting next_dagrun for fraud_pipeline_bronze_hourly to 2026-05-23 08:25:00+00:00, run_after=2026-05-23 08:30:00+00:00
[2026-05-23T08:30:48.846+0000] {processor.py:208} INFO - Processing /opt/airflow/dags/spark_interval_ingestion.py took 0.062 seconds
[2026-05-23T08:31:18.987+0000] {processor.py:186} INFO - Started process (PID=1049) to work on /opt/airflow/dags/spark_interval_ingestion.py
[2026-05-23T08:31:18.988+0000] {processor.py:914} INFO - Processing file /opt/airflow/dags/spark_interval_ingestion.py for tasks to queue
[2026-05-23T08:31:18.990+0000] {logging_mixin.py:190} INFO - [2026-05-23T08:31:18.989+0000] {dagbag.py:588} INFO - Filling up the DagBag from /opt/airflow/dags/spark_interval_ingestion.py
[2026-05-23T08:31:19.000+0000] {processor.py:925} INFO - DAG(s) 'fraud_pipeline_bronze_hourly' retrieved from /opt/airflow/dags/spark_interval_ingestion.py
[2026-05-23T08:31:19.018+0000] {logging_mixin.py:190} INFO - [2026-05-23T08:31:19.018+0000] {dag.py:3239} INFO - Sync 1 DAGs
[2026-05-23T08:31:19.029+0000] {logging_mixin.py:190} INFO - [2026-05-23T08:31:19.029+0000] {dag.py:4180} INFO - Setting next_dagrun for fraud_pipeline_bronze_hourly to 2026-05-23 08:25:00+00:00, run_after=2026-05-23 08:30:00+00:00
[2026-05-23T08:31:19.035+0000] {processor.py:208} INFO - Processing /opt/airflow/dags/spark_interval_ingestion.py took 0.053 seconds
[2026-05-23T08:31:49.239+0000] {processor.py:186} INFO - Started process (PID=1054) to work on /opt/airflow/dags/spark_interval_ingestion.py
[2026-05-23T08:31:49.239+0000] {processor.py:914} INFO - Processing file /opt/airflow/dags/spark_interval_ingestion.py for tasks to queue
[2026-05-23T08:31:49.240+0000] {logging_mixin.py:190} INFO - [2026-05-23T08:31:49.240+0000] {dagbag.py:588} INFO - Filling up the DagBag from /opt/airflow/dags/spark_interval_ingestion.py
[2026-05-23T08:31:49.249+0000] {processor.py:925} INFO - DAG(s) 'fraud_pipeline_bronze_hourly' retrieved from /opt/airflow/dags/spark_interval_ingestion.py
[2026-05-23T08:31:49.267+0000] {logging_mixin.py:190} INFO - [2026-05-23T08:31:49.267+0000] {dag.py:3239} INFO - Sync 1 DAGs
[2026-05-23T08:31:49.278+0000] {logging_mixin.py:190} INFO - [2026-05-23T08:31:49.277+0000] {dag.py:4180} INFO - Setting next_dagrun for fraud_pipeline_bronze_hourly to 2026-05-23 08:25:00+00:00, run_after=2026-05-23 08:30:00+00:00
[2026-05-23T08:31:49.284+0000] {processor.py:208} INFO - Processing /opt/airflow/dags/spark_interval_ingestion.py took 0.051 seconds
[2026-05-23T08:32:19.470+0000] {processor.py:186} INFO - Started process (PID=1059) to work on /opt/airflow/dags/spark_interval_ingestion.py
[2026-05-23T08:32:19.471+0000] {processor.py:914} INFO - Processing file /opt/airflow/dags/spark_interval_ingestion.py for tasks to queue
[2026-05-23T08:32:19.473+0000] {logging_mixin.py:190} INFO - [2026-05-23T08:32:19.472+0000] {dagbag.py:588} INFO - Filling up the DagBag from /opt/airflow/dags/spark_interval_ingestion.py
[2026-05-23T08:32:19.483+0000] {processor.py:925} INFO - DAG(s) 'fraud_pipeline_bronze_hourly' retrieved from /opt/airflow/dags/spark_interval_ingestion.py
[2026-05-23T08:32:19.500+0000] {logging_mixin.py:190} INFO - [2026-05-23T08:32:19.500+0000] {dag.py:3239} INFO - Sync 1 DAGs
[2026-05-23T08:32:19.510+0000] {logging_mixin.py:190} INFO - [2026-05-23T08:32:19.510+0000] {dag.py:4180} INFO - Setting next_dagrun for fraud_pipeline_bronze_hourly to 2026-05-23 08:25:00+00:00, run_after=2026-05-23 08:30:00+00:00
[2026-05-23T08:32:19.516+0000] {processor.py:208} INFO - Processing /opt/airflow/dags/spark_interval_ingestion.py took 0.052 seconds
[2026-05-23T08:32:49.694+0000] {processor.py:186} INFO - Started process (PID=1064) to work on /opt/airflow/dags/spark_interval_ingestion.py
[2026-05-23T08:32:49.694+0000] {processor.py:914} INFO - Processing file /opt/airflow/dags/spark_interval_ingestion.py for tasks to queue
[2026-05-23T08:32:49.695+0000] {logging_mixin.py:190} INFO - [2026-05-23T08:32:49.695+0000] {dagbag.py:588} INFO - Filling up the DagBag from /opt/airflow/dags/spark_interval_ingestion.py
[2026-05-23T08:32:49.705+0000] {processor.py:925} INFO - DAG(s) 'fraud_pipeline_bronze_hourly' retrieved from /opt/airflow/dags/spark_interval_ingestion.py
[2026-05-23T08:32:49.723+0000] {logging_mixin.py:190} INFO - [2026-05-23T08:32:49.723+0000] {dag.py:3239} INFO - Sync 1 DAGs
[2026-05-23T08:32:49.736+0000] {logging_mixin.py:190} INFO - [2026-05-23T08:32:49.736+0000] {dag.py:4180} INFO - Setting next_dagrun for fraud_pipeline_bronze_hourly to 2026-05-23 08:25:00+00:00, run_after=2026-05-23 08:30:00+00:00
[2026-05-23T08:32:49.742+0000] {processor.py:208} INFO - Processing /opt/airflow/dags/spark_interval_ingestion.py took 0.054 seconds
[2026-05-23T08:33:19.919+0000] {processor.py:186} INFO - Started process (PID=1069) to work on /opt/airflow/dags/spark_interval_ingestion.py
[2026-05-23T08:33:19.920+0000] {processor.py:914} INFO - Processing file /opt/airflow/dags/spark_interval_ingestion.py for tasks to queue
[2026-05-23T08:33:19.921+0000] {logging_mixin.py:190} INFO - [2026-05-23T08:33:19.920+0000] {dagbag.py:588} INFO - Filling up the DagBag from /opt/airflow/dags/spark_interval_ingestion.py
[2026-05-23T08:33:19.934+0000] {processor.py:925} INFO - DAG(s) 'fraud_pipeline_bronze_hourly' retrieved from /opt/airflow/dags/spark_interval_ingestion.py
[2026-05-23T08:33:19.952+0000] {logging_mixin.py:190} INFO - [2026-05-23T08:33:19.952+0000] {dag.py:3239} INFO - Sync 1 DAGs
[2026-05-23T08:33:19.964+0000] {logging_mixin.py:190} INFO - [2026-05-23T08:33:19.964+0000] {dag.py:4180} INFO - Setting next_dagrun for fraud_pipeline_bronze_hourly to 2026-05-23 08:25:00+00:00, run_after=2026-05-23 08:30:00+00:00
[2026-05-23T08:33:19.970+0000] {processor.py:208} INFO - Processing /opt/airflow/dags/spark_interval_ingestion.py took 0.058 seconds
[2026-05-23T08:33:50.101+0000] {processor.py:186} INFO - Started process (PID=1074) to work on /opt/airflow/dags/spark_interval_ingestion.py
[2026-05-23T08:33:50.102+0000] {processor.py:914} INFO - Processing file /opt/airflow/dags/spark_interval_ingestion.py for tasks to queue
[2026-05-23T08:33:50.104+0000] {logging_mixin.py:190} INFO - [2026-05-23T08:33:50.103+0000] {dagbag.py:588} INFO - Filling up the DagBag from /opt/airflow/dags/spark_interval_ingestion.py
[2026-05-23T08:33:50.112+0000] {processor.py:925} INFO - DAG(s) 'fraud_pipeline_bronze_hourly' retrieved from /opt/airflow/dags/spark_interval_ingestion.py
[2026-05-23T08:33:50.130+0000] {logging_mixin.py:190} INFO - [2026-05-23T08:33:50.130+0000] {dag.py:3239} INFO - Sync 1 DAGs
[2026-05-23T08:33:50.141+0000] {logging_mixin.py:190} INFO - [2026-05-23T08:33:50.141+0000] {dag.py:4180} INFO - Setting next_dagrun for fraud_pipeline_bronze_hourly to 2026-05-23 08:25:00+00:00, run_after=2026-05-23 08:30:00+00:00
[2026-05-23T08:33:50.147+0000] {processor.py:208} INFO - Processing /opt/airflow/dags/spark_interval_ingestion.py took 0.051 seconds
[2026-05-23T08:34:20.370+0000] {processor.py:186} INFO - Started process (PID=1079) to work on /opt/airflow/dags/spark_interval_ingestion.py
[2026-05-23T08:34:20.371+0000] {processor.py:914} INFO - Processing file /opt/airflow/dags/spark_interval_ingestion.py for tasks to queue
[2026-05-23T08:34:20.372+0000] {logging_mixin.py:190} INFO - [2026-05-23T08:34:20.372+0000] {dagbag.py:588} INFO - Filling up the DagBag from /opt/airflow/dags/spark_interval_ingestion.py
[2026-05-23T08:34:20.381+0000] {processor.py:925} INFO - DAG(s) 'fraud_pipeline_bronze_hourly' retrieved from /opt/airflow/dags/spark_interval_ingestion.py
[2026-05-23T08:34:20.399+0000] {logging_mixin.py:190} INFO - [2026-05-23T08:34:20.399+0000] {dag.py:3239} INFO - Sync 1 DAGs
[2026-05-23T08:34:20.410+0000] {logging_mixin.py:190} INFO - [2026-05-23T08:34:20.410+0000] {dag.py:4180} INFO - Setting next_dagrun for fraud_pipeline_bronze_hourly to 2026-05-23 08:25:00+00:00, run_after=2026-05-23 08:30:00+00:00
[2026-05-23T08:34:20.415+0000] {processor.py:208} INFO - Processing /opt/airflow/dags/spark_interval_ingestion.py took 0.051 seconds
[2026-05-23T08:34:50.576+0000] {processor.py:186} INFO - Started process (PID=1084) to work on /opt/airflow/dags/spark_interval_ingestion.py
[2026-05-23T08:34:50.577+0000] {processor.py:914} INFO - Processing file /opt/airflow/dags/spark_interval_ingestion.py for tasks to queue
[2026-05-23T08:34:50.578+0000] {logging_mixin.py:190} INFO - [2026-05-23T08:34:50.577+0000] {dagbag.py:588} INFO - Filling up the DagBag from /opt/airflow/dags/spark_interval_ingestion.py
[2026-05-23T08:34:50.586+0000] {processor.py:925} INFO - DAG(s) 'fraud_pipeline_bronze_hourly' retrieved from /opt/airflow/dags/spark_interval_ingestion.py
[2026-05-23T08:34:50.602+0000] {logging_mixin.py:190} INFO - [2026-05-23T08:34:50.602+0000] {dag.py:3239} INFO - Sync 1 DAGs
[2026-05-23T08:34:50.612+0000] {logging_mixin.py:190} INFO - [2026-05-23T08:34:50.612+0000] {dag.py:4180} INFO - Setting next_dagrun for fraud_pipeline_bronze_hourly to 2026-05-23 08:25:00+00:00, run_after=2026-05-23 08:30:00+00:00
[2026-05-23T08:34:50.617+0000] {processor.py:208} INFO - Processing /opt/airflow/dags/spark_interval_ingestion.py took 0.045 seconds
[2026-05-23T08:35:20.789+0000] {processor.py:186} INFO - Started process (PID=1089) to work on /opt/airflow/dags/spark_interval_ingestion.py
[2026-05-23T08:35:20.790+0000] {processor.py:914} INFO - Processing file /opt/airflow/dags/spark_interval_ingestion.py for tasks to queue
[2026-05-23T08:35:20.790+0000] {logging_mixin.py:190} INFO - [2026-05-23T08:35:20.790+0000] {dagbag.py:588} INFO - Filling up the DagBag from /opt/airflow/dags/spark_interval_ingestion.py
[2026-05-23T08:35:20.796+0000] {processor.py:925} INFO - DAG(s) 'fraud_pipeline_bronze_hourly' retrieved from /opt/airflow/dags/spark_interval_ingestion.py
[2026-05-23T08:35:20.808+0000] {logging_mixin.py:190} INFO - [2026-05-23T08:35:20.808+0000] {dag.py:3239} INFO - Sync 1 DAGs
[2026-05-23T08:35:20.817+0000] {logging_mixin.py:190} INFO - [2026-05-23T08:35:20.817+0000] {dag.py:4180} INFO - Setting next_dagrun for fraud_pipeline_bronze_hourly to 2026-05-23 08:30:00+00:00, run_after=2026-05-23 08:35:00+00:00
[2026-05-23T08:35:20.824+0000] {processor.py:208} INFO - Processing /opt/airflow/dags/spark_interval_ingestion.py took 0.037 seconds
[2026-05-23T08:35:51.021+0000] {processor.py:186} INFO - Started process (PID=1094) to work on /opt/airflow/dags/spark_interval_ingestion.py
[2026-05-23T08:35:51.022+0000] {processor.py:914} INFO - Processing file /opt/airflow/dags/spark_interval_ingestion.py for tasks to queue
[2026-05-23T08:35:51.022+0000] {logging_mixin.py:190} INFO - [2026-05-23T08:35:51.022+0000] {dagbag.py:588} INFO - Filling up the DagBag from /opt/airflow/dags/spark_interval_ingestion.py
[2026-05-23T08:35:51.028+0000] {processor.py:925} INFO - DAG(s) 'fraud_pipeline_bronze_hourly' retrieved from /opt/airflow/dags/spark_interval_ingestion.py
[2026-05-23T08:35:51.040+0000] {logging_mixin.py:190} INFO - [2026-05-23T08:35:51.040+0000] {dag.py:3239} INFO - Sync 1 DAGs
[2026-05-23T08:35:51.049+0000] {logging_mixin.py:190} INFO - [2026-05-23T08:35:51.049+0000] {dag.py:4180} INFO - Setting next_dagrun for fraud_pipeline_bronze_hourly to 2026-05-23 08:30:00+00:00, run_after=2026-05-23 08:35:00+00:00
[2026-05-23T08:35:51.054+0000] {processor.py:208} INFO - Processing /opt/airflow/dags/spark_interval_ingestion.py took 0.036 seconds
[2026-05-23T08:36:21.256+0000] {processor.py:186} INFO - Started process (PID=1099) to work on /opt/airflow/dags/spark_interval_ingestion.py
[2026-05-23T08:36:21.257+0000] {processor.py:914} INFO - Processing file /opt/airflow/dags/spark_interval_ingestion.py for tasks to queue
[2026-05-23T08:36:21.258+0000] {logging_mixin.py:190} INFO - [2026-05-23T08:36:21.257+0000] {dagbag.py:588} INFO - Filling up the DagBag from /opt/airflow/dags/spark_interval_ingestion.py
[2026-05-23T08:36:21.269+0000] {processor.py:925} INFO - DAG(s) 'fraud_pipeline_bronze_hourly' retrieved from /opt/airflow/dags/spark_interval_ingestion.py
[2026-05-23T08:36:21.286+0000] {logging_mixin.py:190} INFO - [2026-05-23T08:36:21.286+0000] {dag.py:3239} INFO - Sync 1 DAGs
[2026-05-23T08:36:21.300+0000] {logging_mixin.py:190} INFO - [2026-05-23T08:36:21.300+0000] {dag.py:4180} INFO - Setting next_dagrun for fraud_pipeline_bronze_hourly to 2026-05-23 08:30:00+00:00, run_after=2026-05-23 08:35:00+00:00
[2026-05-23T08:36:21.306+0000] {processor.py:208} INFO - Processing /opt/airflow/dags/spark_interval_ingestion.py took 0.055 seconds
[2026-05-23T08:36:51.518+0000] {processor.py:186} INFO - Started process (PID=1104) to work on /opt/airflow/dags/spark_interval_ingestion.py
[2026-05-23T08:36:51.519+0000] {processor.py:914} INFO - Processing file /opt/airflow/dags/spark_interval_ingestion.py for tasks to queue
[2026-05-23T08:36:51.520+0000] {logging_mixin.py:190} INFO - [2026-05-23T08:36:51.520+0000] {dagbag.py:588} INFO - Filling up the DagBag from /opt/airflow/dags/spark_interval_ingestion.py
[2026-05-23T08:36:51.544+0000] {processor.py:925} INFO - DAG(s) 'fraud_pipeline_bronze_hourly' retrieved from /opt/airflow/dags/spark_interval_ingestion.py
[2026-05-23T08:36:51.562+0000] {logging_mixin.py:190} INFO - [2026-05-23T08:36:51.562+0000] {dag.py:3239} INFO - Sync 1 DAGs
[2026-05-23T08:36:51.574+0000] {logging_mixin.py:190} INFO - [2026-05-23T08:36:51.574+0000] {dag.py:4180} INFO - Setting next_dagrun for fraud_pipeline_bronze_hourly to 2026-05-23 08:30:00+00:00, run_after=2026-05-23 08:35:00+00:00
[2026-05-23T08:36:51.580+0000] {processor.py:208} INFO - Processing /opt/airflow/dags/spark_interval_ingestion.py took 0.068 seconds
[2026-05-23T08:37:21.747+0000] {processor.py:186} INFO - Started process (PID=1109) to work on /opt/airflow/dags/spark_interval_ingestion.py
[2026-05-23T08:37:21.747+0000] {processor.py:914} INFO - Processing file /opt/airflow/dags/spark_interval_ingestion.py for tasks to queue
[2026-05-23T08:37:21.748+0000] {logging_mixin.py:190} INFO - [2026-05-23T08:37:21.748+0000] {dagbag.py:588} INFO - Filling up the DagBag from /opt/airflow/dags/spark_interval_ingestion.py
[2026-05-23T08:37:21.757+0000] {processor.py:925} INFO - DAG(s) 'fraud_pipeline_bronze_hourly' retrieved from /opt/airflow/dags/spark_interval_ingestion.py
[2026-05-23T08:37:21.774+0000] {logging_mixin.py:190} INFO - [2026-05-23T08:37:21.774+0000] {dag.py:3239} INFO - Sync 1 DAGs
[2026-05-23T08:37:21.790+0000] {logging_mixin.py:190} INFO - [2026-05-23T08:37:21.790+0000] {dag.py:4180} INFO - Setting next_dagrun for fraud_pipeline_bronze_hourly to 2026-05-23 08:30:00+00:00, run_after=2026-05-23 08:35:00+00:00
[2026-05-23T08:37:21.797+0000] {processor.py:208} INFO - Processing /opt/airflow/dags/spark_interval_ingestion.py took 0.055 seconds
[2026-05-23T08:37:52.067+0000] {processor.py:186} INFO - Started process (PID=1114) to work on /opt/airflow/dags/spark_interval_ingestion.py
[2026-05-23T08:37:52.068+0000] {processor.py:914} INFO - Processing file /opt/airflow/dags/spark_interval_ingestion.py for tasks to queue
[2026-05-23T08:37:52.069+0000] {logging_mixin.py:190} INFO - [2026-05-23T08:37:52.069+0000] {dagbag.py:588} INFO - Filling up the DagBag from /opt/airflow/dags/spark_interval_ingestion.py
[2026-05-23T08:37:52.088+0000] {processor.py:925} INFO - DAG(s) 'fraud_pipeline_bronze_hourly' retrieved from /opt/airflow/dags/spark_interval_ingestion.py
[2026-05-23T08:37:52.108+0000] {logging_mixin.py:190} INFO - [2026-05-23T08:37:52.108+0000] {dag.py:3239} INFO - Sync 1 DAGs
[2026-05-23T08:37:52.123+0000] {logging_mixin.py:190} INFO - [2026-05-23T08:37:52.123+0000] {dag.py:4180} INFO - Setting next_dagrun for fraud_pipeline_bronze_hourly to 2026-05-23 08:30:00+00:00, run_after=2026-05-23 08:35:00+00:00
[2026-05-23T08:37:52.131+0000] {processor.py:208} INFO - Processing /opt/airflow/dags/spark_interval_ingestion.py took 0.070 seconds
[2026-05-23T08:38:22.270+0000] {processor.py:186} INFO - Started process (PID=1119) to work on /opt/airflow/dags/spark_interval_ingestion.py
[2026-05-23T08:38:22.271+0000] {processor.py:914} INFO - Processing file /opt/airflow/dags/spark_interval_ingestion.py for tasks to queue
[2026-05-23T08:38:22.273+0000] {logging_mixin.py:190} INFO - [2026-05-23T08:38:22.272+0000] {dagbag.py:588} INFO - Filling up the DagBag from /opt/airflow/dags/spark_interval_ingestion.py
[2026-05-23T08:38:22.288+0000] {processor.py:925} INFO - DAG(s) 'fraud_pipeline_bronze_hourly' retrieved from /opt/airflow/dags/spark_interval_ingestion.py
[2026-05-23T08:38:22.304+0000] {logging_mixin.py:190} INFO - [2026-05-23T08:38:22.304+0000] {dag.py:3239} INFO - Sync 1 DAGs
[2026-05-23T08:38:22.316+0000] {logging_mixin.py:190} INFO - [2026-05-23T08:38:22.316+0000] {dag.py:4180} INFO - Setting next_dagrun for fraud_pipeline_bronze_hourly to 2026-05-23 08:30:00+00:00, run_after=2026-05-23 08:35:00+00:00
[2026-05-23T08:38:22.323+0000] {processor.py:208} INFO - Processing /opt/airflow/dags/spark_interval_ingestion.py took 0.059 seconds
[2026-05-23T08:38:52.532+0000] {processor.py:186} INFO - Started process (PID=1124) to work on /opt/airflow/dags/spark_interval_ingestion.py
[2026-05-23T08:38:52.533+0000] {processor.py:914} INFO - Processing file /opt/airflow/dags/spark_interval_ingestion.py for tasks to queue
[2026-05-23T08:38:52.534+0000] {logging_mixin.py:190} INFO - [2026-05-23T08:38:52.533+0000] {dagbag.py:588} INFO - Filling up the DagBag from /opt/airflow/dags/spark_interval_ingestion.py
[2026-05-23T08:38:52.544+0000] {processor.py:925} INFO - DAG(s) 'fraud_pipeline_bronze_hourly' retrieved from /opt/airflow/dags/spark_interval_ingestion.py
[2026-05-23T08:38:52.562+0000] {logging_mixin.py:190} INFO - [2026-05-23T08:38:52.561+0000] {dag.py:3239} INFO - Sync 1 DAGs
[2026-05-23T08:38:52.571+0000] {logging_mixin.py:190} INFO - [2026-05-23T08:38:52.571+0000] {dag.py:4180} INFO - Setting next_dagrun for fraud_pipeline_bronze_hourly to 2026-05-23 08:30:00+00:00, run_after=2026-05-23 08:35:00+00:00
[2026-05-23T08:38:52.577+0000] {processor.py:208} INFO - Processing /opt/airflow/dags/spark_interval_ingestion.py took 0.050 seconds
[2026-05-23T08:39:22.728+0000] {processor.py:186} INFO - Started process (PID=1129) to work on /opt/airflow/dags/spark_interval_ingestion.py
[2026-05-23T08:39:22.729+0000] {processor.py:914} INFO - Processing file /opt/airflow/dags/spark_interval_ingestion.py for tasks to queue
[2026-05-23T08:39:22.730+0000] {logging_mixin.py:190} INFO - [2026-05-23T08:39:22.730+0000] {dagbag.py:588} INFO - Filling up the DagBag from /opt/airflow/dags/spark_interval_ingestion.py
[2026-05-23T08:39:22.746+0000] {processor.py:925} INFO - DAG(s) 'fraud_pipeline_bronze_hourly' retrieved from /opt/airflow/dags/spark_interval_ingestion.py
[2026-05-23T08:39:22.763+0000] {logging_mixin.py:190} INFO - [2026-05-23T08:39:22.763+0000] {dag.py:3239} INFO - Sync 1 DAGs
[2026-05-23T08:39:22.773+0000] {logging_mixin.py:190} INFO - [2026-05-23T08:39:22.773+0000] {dag.py:4180} INFO - Setting next_dagrun for fraud_pipeline_bronze_hourly to 2026-05-23 08:30:00+00:00, run_after=2026-05-23 08:35:00+00:00
[2026-05-23T08:39:22.778+0000] {processor.py:208} INFO - Processing /opt/airflow/dags/spark_interval_ingestion.py took 0.057 seconds
[2026-05-23T08:39:52.969+0000] {processor.py:186} INFO - Started process (PID=1134) to work on /opt/airflow/dags/spark_interval_ingestion.py
[2026-05-23T08:39:52.969+0000] {processor.py:914} INFO - Processing file /opt/airflow/dags/spark_interval_ingestion.py for tasks to queue
[2026-05-23T08:39:52.970+0000] {logging_mixin.py:190} INFO - [2026-05-23T08:39:52.970+0000] {dagbag.py:588} INFO - Filling up the DagBag from /opt/airflow/dags/spark_interval_ingestion.py
[2026-05-23T08:39:52.979+0000] {processor.py:925} INFO - DAG(s) 'fraud_pipeline_bronze_hourly' retrieved from /opt/airflow/dags/spark_interval_ingestion.py
[2026-05-23T08:39:52.994+0000] {logging_mixin.py:190} INFO - [2026-05-23T08:39:52.994+0000] {dag.py:3239} INFO - Sync 1 DAGs
[2026-05-23T08:39:53.009+0000] {logging_mixin.py:190} INFO - [2026-05-23T08:39:53.008+0000] {dag.py:4180} INFO - Setting next_dagrun for fraud_pipeline_bronze_hourly to 2026-05-23 08:30:00+00:00, run_after=2026-05-23 08:35:00+00:00
[2026-05-23T08:39:53.015+0000] {processor.py:208} INFO - Processing /opt/airflow/dags/spark_interval_ingestion.py took 0.050 seconds
[2026-05-23T08:40:23.172+0000] {processor.py:186} INFO - Started process (PID=1139) to work on /opt/airflow/dags/spark_interval_ingestion.py
[2026-05-23T08:40:23.172+0000] {processor.py:914} INFO - Processing file /opt/airflow/dags/spark_interval_ingestion.py for tasks to queue
[2026-05-23T08:40:23.173+0000] {logging_mixin.py:190} INFO - [2026-05-23T08:40:23.173+0000] {dagbag.py:588} INFO - Filling up the DagBag from /opt/airflow/dags/spark_interval_ingestion.py
[2026-05-23T08:40:23.182+0000] {processor.py:925} INFO - DAG(s) 'fraud_pipeline_bronze_hourly' retrieved from /opt/airflow/dags/spark_interval_ingestion.py
[2026-05-23T08:40:23.211+0000] {logging_mixin.py:190} INFO - [2026-05-23T08:40:23.211+0000] {dag.py:3239} INFO - Sync 1 DAGs
[2026-05-23T08:40:23.222+0000] {logging_mixin.py:190} INFO - [2026-05-23T08:40:23.222+0000] {dag.py:4180} INFO - Setting next_dagrun for fraud_pipeline_bronze_hourly to 2026-05-23 08:35:00+00:00, run_after=2026-05-23 08:40:00+00:00
[2026-05-23T08:40:23.228+0000] {processor.py:208} INFO - Processing /opt/airflow/dags/spark_interval_ingestion.py took 0.061 seconds
[2026-05-23T08:40:53.374+0000] {processor.py:186} INFO - Started process (PID=1144) to work on /opt/airflow/dags/spark_interval_ingestion.py
[2026-05-23T08:40:53.375+0000] {processor.py:914} INFO - Processing file /opt/airflow/dags/spark_interval_ingestion.py for tasks to queue
[2026-05-23T08:40:53.376+0000] {logging_mixin.py:190} INFO - [2026-05-23T08:40:53.376+0000] {dagbag.py:588} INFO - Filling up the DagBag from /opt/airflow/dags/spark_interval_ingestion.py
[2026-05-23T08:40:53.386+0000] {processor.py:925} INFO - DAG(s) 'fraud_pipeline_bronze_hourly' retrieved from /opt/airflow/dags/spark_interval_ingestion.py
[2026-05-23T08:40:53.406+0000] {logging_mixin.py:190} INFO - [2026-05-23T08:40:53.406+0000] {dag.py:3239} INFO - Sync 1 DAGs
[2026-05-23T08:40:53.416+0000] {logging_mixin.py:190} INFO - [2026-05-23T08:40:53.416+0000] {dag.py:4180} INFO - Setting next_dagrun for fraud_pipeline_bronze_hourly to 2026-05-23 08:35:00+00:00, run_after=2026-05-23 08:40:00+00:00
[2026-05-23T08:40:53.422+0000] {processor.py:208} INFO - Processing /opt/airflow/dags/spark_interval_ingestion.py took 0.052 seconds
[2026-05-23T08:41:23.613+0000] {processor.py:186} INFO - Started process (PID=1149) to work on /opt/airflow/dags/spark_interval_ingestion.py
[2026-05-23T08:41:23.614+0000] {processor.py:914} INFO - Processing file /opt/airflow/dags/spark_interval_ingestion.py for tasks to queue
[2026-05-23T08:41:23.615+0000] {logging_mixin.py:190} INFO - [2026-05-23T08:41:23.614+0000] {dagbag.py:588} INFO - Filling up the DagBag from /opt/airflow/dags/spark_interval_ingestion.py
[2026-05-23T08:41:23.624+0000] {processor.py:925} INFO - DAG(s) 'fraud_pipeline_bronze_hourly' retrieved from /opt/airflow/dags/spark_interval_ingestion.py
[2026-05-23T08:41:23.641+0000] {logging_mixin.py:190} INFO - [2026-05-23T08:41:23.641+0000] {dag.py:3239} INFO - Sync 1 DAGs
[2026-05-23T08:41:23.651+0000] {logging_mixin.py:190} INFO - [2026-05-23T08:41:23.651+0000] {dag.py:4180} INFO - Setting next_dagrun for fraud_pipeline_bronze_hourly to 2026-05-23 08:35:00+00:00, run_after=2026-05-23 08:40:00+00:00
[2026-05-23T08:41:23.657+0000] {processor.py:208} INFO - Processing /opt/airflow/dags/spark_interval_ingestion.py took 0.048 seconds
[2026-05-23T08:41:53.863+0000] {processor.py:186} INFO - Started process (PID=1154) to work on /opt/airflow/dags/spark_interval_ingestion.py
[2026-05-23T08:41:53.864+0000] {processor.py:914} INFO - Processing file /opt/airflow/dags/spark_interval_ingestion.py for tasks to queue
[2026-05-23T08:41:53.865+0000] {logging_mixin.py:190} INFO - [2026-05-23T08:41:53.865+0000] {dagbag.py:588} INFO - Filling up the DagBag from /opt/airflow/dags/spark_interval_ingestion.py
[2026-05-23T08:41:53.877+0000] {processor.py:925} INFO - DAG(s) 'fraud_pipeline_bronze_hourly' retrieved from /opt/airflow/dags/spark_interval_ingestion.py
[2026-05-23T08:41:53.895+0000] {logging_mixin.py:190} INFO - [2026-05-23T08:41:53.895+0000] {dag.py:3239} INFO - Sync 1 DAGs
[2026-05-23T08:41:53.906+0000] {logging_mixin.py:190} INFO - [2026-05-23T08:41:53.906+0000] {dag.py:4180} INFO - Setting next_dagrun for fraud_pipeline_bronze_hourly to 2026-05-23 08:35:00+00:00, run_after=2026-05-23 08:40:00+00:00
[2026-05-23T08:41:53.911+0000] {processor.py:208} INFO - Processing /opt/airflow/dags/spark_interval_ingestion.py took 0.055 seconds
[2026-05-23T08:42:24.092+0000] {processor.py:186} INFO - Started process (PID=1159) to work on /opt/airflow/dags/spark_interval_ingestion.py
[2026-05-23T08:42:24.093+0000] {processor.py:914} INFO - Processing file /opt/airflow/dags/spark_interval_ingestion.py for tasks to queue
[2026-05-23T08:42:24.095+0000] {logging_mixin.py:190} INFO - [2026-05-23T08:42:24.095+0000] {dagbag.py:588} INFO - Filling up the DagBag from /opt/airflow/dags/spark_interval_ingestion.py
[2026-05-23T08:42:24.104+0000] {processor.py:925} INFO - DAG(s) 'fraud_pipeline_bronze_hourly' retrieved from /opt/airflow/dags/spark_interval_ingestion.py
[2026-05-23T08:42:24.123+0000] {logging_mixin.py:190} INFO - [2026-05-23T08:42:24.123+0000] {dag.py:3239} INFO - Sync 1 DAGs
[2026-05-23T08:42:24.134+0000] {logging_mixin.py:190} INFO - [2026-05-23T08:42:24.134+0000] {dag.py:4180} INFO - Setting next_dagrun for fraud_pipeline_bronze_hourly to 2026-05-23 08:35:00+00:00, run_after=2026-05-23 08:40:00+00:00
[2026-05-23T08:42:24.140+0000] {processor.py:208} INFO - Processing /opt/airflow/dags/spark_interval_ingestion.py took 0.052 seconds
[2026-05-23T08:42:54.318+0000] {processor.py:186} INFO - Started process (PID=1164) to work on /opt/airflow/dags/spark_interval_ingestion.py
[2026-05-23T08:42:54.319+0000] {processor.py:914} INFO - Processing file /opt/airflow/dags/spark_interval_ingestion.py for tasks to queue
[2026-05-23T08:42:54.320+0000] {logging_mixin.py:190} INFO - [2026-05-23T08:42:54.320+0000] {dagbag.py:588} INFO - Filling up the DagBag from /opt/airflow/dags/spark_interval_ingestion.py
[2026-05-23T08:42:54.331+0000] {processor.py:925} INFO - DAG(s) 'fraud_pipeline_bronze_hourly' retrieved from /opt/airflow/dags/spark_interval_ingestion.py
[2026-05-23T08:42:54.349+0000] {logging_mixin.py:190} INFO - [2026-05-23T08:42:54.349+0000] {dag.py:3239} INFO - Sync 1 DAGs
[2026-05-23T08:42:54.360+0000] {logging_mixin.py:190} INFO - [2026-05-23T08:42:54.360+0000] {dag.py:4180} INFO - Setting next_dagrun for fraud_pipeline_bronze_hourly to 2026-05-23 08:35:00+00:00, run_after=2026-05-23 08:40:00+00:00
[2026-05-23T08:42:54.366+0000] {processor.py:208} INFO - Processing /opt/airflow/dags/spark_interval_ingestion.py took 0.053 seconds
[2026-05-23T08:43:24.545+0000] {processor.py:186} INFO - Started process (PID=1169) to work on /opt/airflow/dags/spark_interval_ingestion.py
[2026-05-23T08:43:24.545+0000] {processor.py:914} INFO - Processing file /opt/airflow/dags/spark_interval_ingestion.py for tasks to queue
[2026-05-23T08:43:24.546+0000] {logging_mixin.py:190} INFO - [2026-05-23T08:43:24.546+0000] {dagbag.py:588} INFO - Filling up the DagBag from /opt/airflow/dags/spark_interval_ingestion.py
[2026-05-23T08:43:24.552+0000] {processor.py:925} INFO - DAG(s) 'fraud_pipeline_bronze_hourly' retrieved from /opt/airflow/dags/spark_interval_ingestion.py
[2026-05-23T08:43:24.561+0000] {logging_mixin.py:190} INFO - [2026-05-23T08:43:24.561+0000] {dag.py:3239} INFO - Sync 1 DAGs
[2026-05-23T08:43:24.570+0000] {logging_mixin.py:190} INFO - [2026-05-23T08:43:24.570+0000] {dag.py:4180} INFO - Setting next_dagrun for fraud_pipeline_bronze_hourly to 2026-05-23 08:35:00+00:00, run_after=2026-05-23 08:40:00+00:00
[2026-05-23T08:43:24.575+0000] {processor.py:208} INFO - Processing /opt/airflow/dags/spark_interval_ingestion.py took 0.032 seconds
[2026-05-23T08:43:54.790+0000] {processor.py:186} INFO - Started process (PID=1174) to work on /opt/airflow/dags/spark_interval_ingestion.py
[2026-05-23T08:43:54.791+0000] {processor.py:914} INFO - Processing file /opt/airflow/dags/spark_interval_ingestion.py for tasks to queue
[2026-05-23T08:43:54.792+0000] {logging_mixin.py:190} INFO - [2026-05-23T08:43:54.792+0000] {dagbag.py:588} INFO - Filling up the DagBag from /opt/airflow/dags/spark_interval_ingestion.py
[2026-05-23T08:43:54.801+0000] {processor.py:925} INFO - DAG(s) 'fraud_pipeline_bronze_hourly' retrieved from /opt/airflow/dags/spark_interval_ingestion.py
[2026-05-23T08:43:54.818+0000] {logging_mixin.py:190} INFO - [2026-05-23T08:43:54.818+0000] {dag.py:3239} INFO - Sync 1 DAGs
[2026-05-23T08:43:54.829+0000] {logging_mixin.py:190} INFO - [2026-05-23T08:43:54.829+0000] {dag.py:4180} INFO - Setting next_dagrun for fraud_pipeline_bronze_hourly to 2026-05-23 08:35:00+00:00, run_after=2026-05-23 08:40:00+00:00
[2026-05-23T08:43:54.834+0000] {processor.py:208} INFO - Processing /opt/airflow/dags/spark_interval_ingestion.py took 0.049 seconds
[2026-05-23T08:44:25.008+0000] {processor.py:186} INFO - Started process (PID=1179) to work on /opt/airflow/dags/spark_interval_ingestion.py
[2026-05-23T08:44:25.008+0000] {processor.py:914} INFO - Processing file /opt/airflow/dags/spark_interval_ingestion.py for tasks to queue
[2026-05-23T08:44:25.009+0000] {logging_mixin.py:190} INFO - [2026-05-23T08:44:25.009+0000] {dagbag.py:588} INFO - Filling up the DagBag from /opt/airflow/dags/spark_interval_ingestion.py
[2026-05-23T08:44:25.014+0000] {processor.py:925} INFO - DAG(s) 'fraud_pipeline_bronze_hourly' retrieved from /opt/airflow/dags/spark_interval_ingestion.py
[2026-05-23T08:44:25.025+0000] {logging_mixin.py:190} INFO - [2026-05-23T08:44:25.025+0000] {dag.py:3239} INFO - Sync 1 DAGs
[2026-05-23T08:44:25.032+0000] {logging_mixin.py:190} INFO - [2026-05-23T08:44:25.032+0000] {dag.py:4180} INFO - Setting next_dagrun for fraud_pipeline_bronze_hourly to 2026-05-23 08:35:00+00:00, run_after=2026-05-23 08:40:00+00:00
[2026-05-23T08:44:25.037+0000] {processor.py:208} INFO - Processing /opt/airflow/dags/spark_interval_ingestion.py took 0.033 seconds
[2026-05-23T08:44:55.256+0000] {processor.py:186} INFO - Started process (PID=1184) to work on /opt/airflow/dags/spark_interval_ingestion.py
[2026-05-23T08:44:55.257+0000] {processor.py:914} INFO - Processing file /opt/airflow/dags/spark_interval_ingestion.py for tasks to queue
[2026-05-23T08:44:55.258+0000] {logging_mixin.py:190} INFO - [2026-05-23T08:44:55.257+0000] {dagbag.py:588} INFO - Filling up the DagBag from /opt/airflow/dags/spark_interval_ingestion.py
[2026-05-23T08:44:55.278+0000] {processor.py:925} INFO - DAG(s) 'fraud_pipeline_bronze_hourly' retrieved from /opt/airflow/dags/spark_interval_ingestion.py
[2026-05-23T08:44:55.305+0000] {logging_mixin.py:190} INFO - [2026-05-23T08:44:55.305+0000] {dag.py:3239} INFO - Sync 1 DAGs
[2026-05-23T08:44:55.320+0000] {logging_mixin.py:190} INFO - [2026-05-23T08:44:55.320+0000] {dag.py:4180} INFO - Setting next_dagrun for fraud_pipeline_bronze_hourly to 2026-05-23 08:35:00+00:00, run_after=2026-05-23 08:40:00+00:00
[2026-05-23T08:44:55.328+0000] {processor.py:208} INFO - Processing /opt/airflow/dags/spark_interval_ingestion.py took 0.078 seconds
[2026-05-23T08:45:25.468+0000] {processor.py:186} INFO - Started process (PID=1189) to work on /opt/airflow/dags/spark_interval_ingestion.py
[2026-05-23T08:45:25.469+0000] {processor.py:914} INFO - Processing file /opt/airflow/dags/spark_interval_ingestion.py for tasks to queue
[2026-05-23T08:45:25.470+0000] {logging_mixin.py:190} INFO - [2026-05-23T08:45:25.470+0000] {dagbag.py:588} INFO - Filling up the DagBag from /opt/airflow/dags/spark_interval_ingestion.py
[2026-05-23T08:45:25.484+0000] {processor.py:925} INFO - DAG(s) 'fraud_pipeline_bronze_hourly' retrieved from /opt/airflow/dags/spark_interval_ingestion.py
[2026-05-23T08:45:25.502+0000] {logging_mixin.py:190} INFO - [2026-05-23T08:45:25.502+0000] {dag.py:3239} INFO - Sync 1 DAGs
[2026-05-23T08:45:25.513+0000] {logging_mixin.py:190} INFO - [2026-05-23T08:45:25.513+0000] {dag.py:4180} INFO - Setting next_dagrun for fraud_pipeline_bronze_hourly to 2026-05-23 08:40:00+00:00, run_after=2026-05-23 08:45:00+00:00
[2026-05-23T08:45:25.519+0000] {processor.py:208} INFO - Processing /opt/airflow/dags/spark_interval_ingestion.py took 0.058 seconds
[2026-05-23T08:45:55.698+0000] {processor.py:186} INFO - Started process (PID=1194) to work on /opt/airflow/dags/spark_interval_ingestion.py
[2026-05-23T08:45:55.699+0000] {processor.py:914} INFO - Processing file /opt/airflow/dags/spark_interval_ingestion.py for tasks to queue
[2026-05-23T08:45:55.700+0000] {logging_mixin.py:190} INFO - [2026-05-23T08:45:55.699+0000] {dagbag.py:588} INFO - Filling up the DagBag from /opt/airflow/dags/spark_interval_ingestion.py
[2026-05-23T08:45:55.710+0000] {processor.py:925} INFO - DAG(s) 'fraud_pipeline_bronze_hourly' retrieved from /opt/airflow/dags/spark_interval_ingestion.py
[2026-05-23T08:45:55.727+0000] {logging_mixin.py:190} INFO - [2026-05-23T08:45:55.727+0000] {dag.py:3239} INFO - Sync 1 DAGs
[2026-05-23T08:45:55.738+0000] {logging_mixin.py:190} INFO - [2026-05-23T08:45:55.738+0000] {dag.py:4180} INFO - Setting next_dagrun for fraud_pipeline_bronze_hourly to 2026-05-23 08:40:00+00:00, run_after=2026-05-23 08:45:00+00:00
[2026-05-23T08:45:55.743+0000] {processor.py:208} INFO - Processing /opt/airflow/dags/spark_interval_ingestion.py took 0.051 seconds
[2026-05-23T08:46:25.900+0000] {processor.py:186} INFO - Started process (PID=1199) to work on /opt/airflow/dags/spark_interval_ingestion.py
[2026-05-23T08:46:25.901+0000] {processor.py:914} INFO - Processing file /opt/airflow/dags/spark_interval_ingestion.py for tasks to queue
[2026-05-23T08:46:25.902+0000] {logging_mixin.py:190} INFO - [2026-05-23T08:46:25.901+0000] {dagbag.py:588} INFO - Filling up the DagBag from /opt/airflow/dags/spark_interval_ingestion.py
[2026-05-23T08:46:25.912+0000] {processor.py:925} INFO - DAG(s) 'fraud_pipeline_bronze_hourly' retrieved from /opt/airflow/dags/spark_interval_ingestion.py
[2026-05-23T08:46:25.927+0000] {logging_mixin.py:190} INFO - [2026-05-23T08:46:25.927+0000] {dag.py:3239} INFO - Sync 1 DAGs
[2026-05-23T08:46:25.937+0000] {logging_mixin.py:190} INFO - [2026-05-23T08:46:25.937+0000] {dag.py:4180} INFO - Setting next_dagrun for fraud_pipeline_bronze_hourly to 2026-05-23 08:40:00+00:00, run_after=2026-05-23 08:45:00+00:00
[2026-05-23T08:46:25.943+0000] {processor.py:208} INFO - Processing /opt/airflow/dags/spark_interval_ingestion.py took 0.049 seconds
[2026-05-23T08:46:56.127+0000] {processor.py:186} INFO - Started process (PID=1204) to work on /opt/airflow/dags/spark_interval_ingestion.py
[2026-05-23T08:46:56.128+0000] {processor.py:914} INFO - Processing file /opt/airflow/dags/spark_interval_ingestion.py for tasks to queue
[2026-05-23T08:46:56.130+0000] {logging_mixin.py:190} INFO - [2026-05-23T08:46:56.130+0000] {dagbag.py:588} INFO - Filling up the DagBag from /opt/airflow/dags/spark_interval_ingestion.py
[2026-05-23T08:46:56.143+0000] {processor.py:925} INFO - DAG(s) 'fraud_pipeline_bronze_hourly' retrieved from /opt/airflow/dags/spark_interval_ingestion.py
[2026-05-23T08:46:56.158+0000] {logging_mixin.py:190} INFO - [2026-05-23T08:46:56.158+0000] {dag.py:3239} INFO - Sync 1 DAGs
[2026-05-23T08:46:56.167+0000] {logging_mixin.py:190} INFO - [2026-05-23T08:46:56.167+0000] {dag.py:4180} INFO - Setting next_dagrun for fraud_pipeline_bronze_hourly to 2026-05-23 08:40:00+00:00, run_after=2026-05-23 08:45:00+00:00
[2026-05-23T08:46:56.173+0000] {processor.py:208} INFO - Processing /opt/airflow/dags/spark_interval_ingestion.py took 0.052 seconds
[2026-05-23T08:47:26.295+0000] {processor.py:186} INFO - Started process (PID=1209) to work on /opt/airflow/dags/spark_interval_ingestion.py
[2026-05-23T08:47:26.295+0000] {processor.py:914} INFO - Processing file /opt/airflow/dags/spark_interval_ingestion.py for tasks to queue
[2026-05-23T08:47:26.295+0000] {logging_mixin.py:190} INFO - [2026-05-23T08:47:26.295+0000] {dagbag.py:588} INFO - Filling up the DagBag from /opt/airflow/dags/spark_interval_ingestion.py
[2026-05-23T08:47:26.305+0000] {processor.py:925} INFO - DAG(s) 'fraud_pipeline_bronze_hourly' retrieved from /opt/airflow/dags/spark_interval_ingestion.py
[2026-05-23T08:47:26.319+0000] {logging_mixin.py:190} INFO - [2026-05-23T08:47:26.319+0000] {dag.py:3239} INFO - Sync 1 DAGs
[2026-05-23T08:47:26.331+0000] {logging_mixin.py:190} INFO - [2026-05-23T08:47:26.331+0000] {dag.py:4180} INFO - Setting next_dagrun for fraud_pipeline_bronze_hourly to 2026-05-23 08:40:00+00:00, run_after=2026-05-23 08:45:00+00:00
[2026-05-23T08:47:26.337+0000] {processor.py:208} INFO - Processing /opt/airflow/dags/spark_interval_ingestion.py took 0.045 seconds
[2026-05-23T08:47:56.513+0000] {processor.py:186} INFO - Started process (PID=1214) to work on /opt/airflow/dags/spark_interval_ingestion.py
[2026-05-23T08:47:56.513+0000] {processor.py:914} INFO - Processing file /opt/airflow/dags/spark_interval_ingestion.py for tasks to queue
[2026-05-23T08:47:56.514+0000] {logging_mixin.py:190} INFO - [2026-05-23T08:47:56.514+0000] {dagbag.py:588} INFO - Filling up the DagBag from /opt/airflow/dags/spark_interval_ingestion.py
[2026-05-23T08:47:56.521+0000] {processor.py:925} INFO - DAG(s) 'fraud_pipeline_bronze_hourly' retrieved from /opt/airflow/dags/spark_interval_ingestion.py
[2026-05-23T08:47:56.537+0000] {logging_mixin.py:190} INFO - [2026-05-23T08:47:56.537+0000] {dag.py:3239} INFO - Sync 1 DAGs
[2026-05-23T08:47:56.545+0000] {logging_mixin.py:190} INFO - [2026-05-23T08:47:56.545+0000] {dag.py:4180} INFO - Setting next_dagrun for fraud_pipeline_bronze_hourly to 2026-05-23 08:40:00+00:00, run_after=2026-05-23 08:45:00+00:00
[2026-05-23T08:47:56.551+0000] {processor.py:208} INFO - Processing /opt/airflow/dags/spark_interval_ingestion.py took 0.042 seconds
[2026-05-23T08:48:26.734+0000] {processor.py:186} INFO - Started process (PID=1219) to work on /opt/airflow/dags/spark_interval_ingestion.py
[2026-05-23T08:48:26.734+0000] {processor.py:914} INFO - Processing file /opt/airflow/dags/spark_interval_ingestion.py for tasks to queue
[2026-05-23T08:48:26.735+0000] {logging_mixin.py:190} INFO - [2026-05-23T08:48:26.735+0000] {dagbag.py:588} INFO - Filling up the DagBag from /opt/airflow/dags/spark_interval_ingestion.py
[2026-05-23T08:48:26.745+0000] {processor.py:925} INFO - DAG(s) 'fraud_pipeline_bronze_hourly' retrieved from /opt/airflow/dags/spark_interval_ingestion.py
[2026-05-23T08:48:26.762+0000] {logging_mixin.py:190} INFO - [2026-05-23T08:48:26.762+0000] {dag.py:3239} INFO - Sync 1 DAGs
[2026-05-23T08:48:26.772+0000] {logging_mixin.py:190} INFO - [2026-05-23T08:48:26.772+0000] {dag.py:4180} INFO - Setting next_dagrun for fraud_pipeline_bronze_hourly to 2026-05-23 08:40:00+00:00, run_after=2026-05-23 08:45:00+00:00
[2026-05-23T08:48:26.778+0000] {processor.py:208} INFO - Processing /opt/airflow/dags/spark_interval_ingestion.py took 0.050 seconds
[2026-05-23T08:48:56.966+0000] {processor.py:186} INFO - Started process (PID=1224) to work on /opt/airflow/dags/spark_interval_ingestion.py
[2026-05-23T08:48:56.967+0000] {processor.py:914} INFO - Processing file /opt/airflow/dags/spark_interval_ingestion.py for tasks to queue
[2026-05-23T08:48:56.968+0000] {logging_mixin.py:190} INFO - [2026-05-23T08:48:56.968+0000] {dagbag.py:588} INFO - Filling up the DagBag from /opt/airflow/dags/spark_interval_ingestion.py
[2026-05-23T08:48:56.978+0000] {processor.py:925} INFO - DAG(s) 'fraud_pipeline_bronze_hourly' retrieved from /opt/airflow/dags/spark_interval_ingestion.py
[2026-05-23T08:48:56.995+0000] {logging_mixin.py:190} INFO - [2026-05-23T08:48:56.995+0000] {dag.py:3239} INFO - Sync 1 DAGs
[2026-05-23T08:48:57.006+0000] {logging_mixin.py:190} INFO - [2026-05-23T08:48:57.006+0000] {dag.py:4180} INFO - Setting next_dagrun for fraud_pipeline_bronze_hourly to 2026-05-23 08:40:00+00:00, run_after=2026-05-23 08:45:00+00:00
[2026-05-23T08:48:57.012+0000] {processor.py:208} INFO - Processing /opt/airflow/dags/spark_interval_ingestion.py took 0.050 seconds
[2026-05-23T08:49:27.187+0000] {processor.py:186} INFO - Started process (PID=1229) to work on /opt/airflow/dags/spark_interval_ingestion.py
[2026-05-23T08:49:27.189+0000] {processor.py:914} INFO - Processing file /opt/airflow/dags/spark_interval_ingestion.py for tasks to queue
[2026-05-23T08:49:27.190+0000] {logging_mixin.py:190} INFO - [2026-05-23T08:49:27.190+0000] {dagbag.py:588} INFO - Filling up the DagBag from /opt/airflow/dags/spark_interval_ingestion.py
[2026-05-23T08:49:27.200+0000] {processor.py:925} INFO - DAG(s) 'fraud_pipeline_bronze_hourly' retrieved from /opt/airflow/dags/spark_interval_ingestion.py
[2026-05-23T08:49:27.217+0000] {logging_mixin.py:190} INFO - [2026-05-23T08:49:27.217+0000] {dag.py:3239} INFO - Sync 1 DAGs
[2026-05-23T08:49:27.227+0000] {logging_mixin.py:190} INFO - [2026-05-23T08:49:27.227+0000] {dag.py:4180} INFO - Setting next_dagrun for fraud_pipeline_bronze_hourly to 2026-05-23 08:40:00+00:00, run_after=2026-05-23 08:45:00+00:00
[2026-05-23T08:49:27.232+0000] {processor.py:208} INFO - Processing /opt/airflow/dags/spark_interval_ingestion.py took 0.052 seconds
[2026-05-23T08:49:57.383+0000] {processor.py:186} INFO - Started process (PID=1234) to work on /opt/airflow/dags/spark_interval_ingestion.py
[2026-05-23T08:49:57.384+0000] {processor.py:914} INFO - Processing file /opt/airflow/dags/spark_interval_ingestion.py for tasks to queue
[2026-05-23T08:49:57.384+0000] {logging_mixin.py:190} INFO - [2026-05-23T08:49:57.384+0000] {dagbag.py:588} INFO - Filling up the DagBag from /opt/airflow/dags/spark_interval_ingestion.py
[2026-05-23T08:49:57.394+0000] {processor.py:925} INFO - DAG(s) 'fraud_pipeline_bronze_hourly' retrieved from /opt/airflow/dags/spark_interval_ingestion.py
[2026-05-23T08:49:57.410+0000] {logging_mixin.py:190} INFO - [2026-05-23T08:49:57.410+0000] {dag.py:3239} INFO - Sync 1 DAGs
[2026-05-23T08:49:57.420+0000] {logging_mixin.py:190} INFO - [2026-05-23T08:49:57.420+0000] {dag.py:4180} INFO - Setting next_dagrun for fraud_pipeline_bronze_hourly to 2026-05-23 08:40:00+00:00, run_after=2026-05-23 08:45:00+00:00
[2026-05-23T08:49:57.425+0000] {processor.py:208} INFO - Processing /opt/airflow/dags/spark_interval_ingestion.py took 0.047 seconds
[2026-05-23T08:50:27.603+0000] {processor.py:186} INFO - Started process (PID=1239) to work on /opt/airflow/dags/spark_interval_ingestion.py
[2026-05-23T08:50:27.604+0000] {processor.py:914} INFO - Processing file /opt/airflow/dags/spark_interval_ingestion.py for tasks to queue
[2026-05-23T08:50:27.605+0000] {logging_mixin.py:190} INFO - [2026-05-23T08:50:27.605+0000] {dagbag.py:588} INFO - Filling up the DagBag from /opt/airflow/dags/spark_interval_ingestion.py
[2026-05-23T08:50:27.615+0000] {processor.py:925} INFO - DAG(s) 'fraud_pipeline_bronze_hourly' retrieved from /opt/airflow/dags/spark_interval_ingestion.py
[2026-05-23T08:50:27.633+0000] {logging_mixin.py:190} INFO - [2026-05-23T08:50:27.633+0000] {dag.py:3239} INFO - Sync 1 DAGs
[2026-05-23T08:50:27.644+0000] {logging_mixin.py:190} INFO - [2026-05-23T08:50:27.644+0000] {dag.py:4180} INFO - Setting next_dagrun for fraud_pipeline_bronze_hourly to 2026-05-23 08:45:00+00:00, run_after=2026-05-23 08:50:00+00:00
[2026-05-23T08:50:27.650+0000] {processor.py:208} INFO - Processing /opt/airflow/dags/spark_interval_ingestion.py took 0.051 seconds
[2026-05-23T08:50:57.825+0000] {processor.py:186} INFO - Started process (PID=1244) to work on /opt/airflow/dags/spark_interval_ingestion.py
[2026-05-23T08:50:57.826+0000] {processor.py:914} INFO - Processing file /opt/airflow/dags/spark_interval_ingestion.py for tasks to queue
[2026-05-23T08:50:57.826+0000] {logging_mixin.py:190} INFO - [2026-05-23T08:50:57.826+0000] {dagbag.py:588} INFO - Filling up the DagBag from /opt/airflow/dags/spark_interval_ingestion.py
[2026-05-23T08:50:57.836+0000] {processor.py:925} INFO - DAG(s) 'fraud_pipeline_bronze_hourly' retrieved from /opt/airflow/dags/spark_interval_ingestion.py
[2026-05-23T08:50:57.854+0000] {logging_mixin.py:190} INFO - [2026-05-23T08:50:57.854+0000] {dag.py:3239} INFO - Sync 1 DAGs
[2026-05-23T08:50:57.865+0000] {logging_mixin.py:190} INFO - [2026-05-23T08:50:57.864+0000] {dag.py:4180} INFO - Setting next_dagrun for fraud_pipeline_bronze_hourly to 2026-05-23 08:45:00+00:00, run_after=2026-05-23 08:50:00+00:00
[2026-05-23T08:50:57.870+0000] {processor.py:208} INFO - Processing /opt/airflow/dags/spark_interval_ingestion.py took 0.051 seconds
[2026-05-23T08:51:28.039+0000] {processor.py:186} INFO - Started process (PID=1249) to work on /opt/airflow/dags/spark_interval_ingestion.py
[2026-05-23T08:51:28.040+0000] {processor.py:914} INFO - Processing file /opt/airflow/dags/spark_interval_ingestion.py for tasks to queue
[2026-05-23T08:51:28.042+0000] {logging_mixin.py:190} INFO - [2026-05-23T08:51:28.041+0000] {dagbag.py:588} INFO - Filling up the DagBag from /opt/airflow/dags/spark_interval_ingestion.py
[2026-05-23T08:51:28.052+0000] {processor.py:925} INFO - DAG(s) 'fraud_pipeline_bronze_hourly' retrieved from /opt/airflow/dags/spark_interval_ingestion.py
[2026-05-23T08:51:28.070+0000] {logging_mixin.py:190} INFO - [2026-05-23T08:51:28.069+0000] {dag.py:3239} INFO - Sync 1 DAGs
[2026-05-23T08:51:28.080+0000] {logging_mixin.py:190} INFO - [2026-05-23T08:51:28.080+0000] {dag.py:4180} INFO - Setting next_dagrun for fraud_pipeline_bronze_hourly to 2026-05-23 08:45:00+00:00, run_after=2026-05-23 08:50:00+00:00
[2026-05-23T08:51:28.088+0000] {processor.py:208} INFO - Processing /opt/airflow/dags/spark_interval_ingestion.py took 0.054 seconds
[2026-05-23T08:51:58.255+0000] {processor.py:186} INFO - Started process (PID=1254) to work on /opt/airflow/dags/spark_interval_ingestion.py
[2026-05-23T08:51:58.256+0000] {processor.py:914} INFO - Processing file /opt/airflow/dags/spark_interval_ingestion.py for tasks to queue
[2026-05-23T08:51:58.257+0000] {logging_mixin.py:190} INFO - [2026-05-23T08:51:58.257+0000] {dagbag.py:588} INFO - Filling up the DagBag from /opt/airflow/dags/spark_interval_ingestion.py
[2026-05-23T08:51:58.267+0000] {processor.py:925} INFO - DAG(s) 'fraud_pipeline_bronze_hourly' retrieved from /opt/airflow/dags/spark_interval_ingestion.py
[2026-05-23T08:51:58.285+0000] {logging_mixin.py:190} INFO - [2026-05-23T08:51:58.285+0000] {dag.py:3239} INFO - Sync 1 DAGs
[2026-05-23T08:51:58.296+0000] {logging_mixin.py:190} INFO - [2026-05-23T08:51:58.296+0000] {dag.py:4180} INFO - Setting next_dagrun for fraud_pipeline_bronze_hourly to 2026-05-23 08:45:00+00:00, run_after=2026-05-23 08:50:00+00:00
[2026-05-23T08:51:58.302+0000] {processor.py:208} INFO - Processing /opt/airflow/dags/spark_interval_ingestion.py took 0.052 seconds
[2026-05-23T08:52:28.450+0000] {processor.py:186} INFO - Started process (PID=1259) to work on /opt/airflow/dags/spark_interval_ingestion.py
[2026-05-23T08:52:28.451+0000] {processor.py:914} INFO - Processing file /opt/airflow/dags/spark_interval_ingestion.py for tasks to queue
[2026-05-23T08:52:28.452+0000] {logging_mixin.py:190} INFO - [2026-05-23T08:52:28.451+0000] {dagbag.py:588} INFO - Filling up the DagBag from /opt/airflow/dags/spark_interval_ingestion.py
[2026-05-23T08:52:28.459+0000] {processor.py:925} INFO - DAG(s) 'fraud_pipeline_bronze_hourly' retrieved from /opt/airflow/dags/spark_interval_ingestion.py
[2026-05-23T08:52:28.472+0000] {logging_mixin.py:190} INFO - [2026-05-23T08:52:28.472+0000] {dag.py:3239} INFO - Sync 1 DAGs
[2026-05-23T08:52:28.481+0000] {logging_mixin.py:190} INFO - [2026-05-23T08:52:28.481+0000] {dag.py:4180} INFO - Setting next_dagrun for fraud_pipeline_bronze_hourly to 2026-05-23 08:45:00+00:00, run_after=2026-05-23 08:50:00+00:00
[2026-05-23T08:52:28.486+0000] {processor.py:208} INFO - Processing /opt/airflow/dags/spark_interval_ingestion.py took 0.040 seconds
[2026-05-23T08:52:58.662+0000] {processor.py:186} INFO - Started process (PID=1264) to work on /opt/airflow/dags/spark_interval_ingestion.py
[2026-05-23T08:52:58.663+0000] {processor.py:914} INFO - Processing file /opt/airflow/dags/spark_interval_ingestion.py for tasks to queue
[2026-05-23T08:52:58.664+0000] {logging_mixin.py:190} INFO - [2026-05-23T08:52:58.663+0000] {dagbag.py:588} INFO - Filling up the DagBag from /opt/airflow/dags/spark_interval_ingestion.py
[2026-05-23T08:52:58.674+0000] {processor.py:925} INFO - DAG(s) 'fraud_pipeline_bronze_hourly' retrieved from /opt/airflow/dags/spark_interval_ingestion.py
[2026-05-23T08:52:58.691+0000] {logging_mixin.py:190} INFO - [2026-05-23T08:52:58.691+0000] {dag.py:3239} INFO - Sync 1 DAGs
[2026-05-23T08:52:58.702+0000] {logging_mixin.py:190} INFO - [2026-05-23T08:52:58.702+0000] {dag.py:4180} INFO - Setting next_dagrun for fraud_pipeline_bronze_hourly to 2026-05-23 08:45:00+00:00, run_after=2026-05-23 08:50:00+00:00
[2026-05-23T08:52:58.708+0000] {processor.py:208} INFO - Processing /opt/airflow/dags/spark_interval_ingestion.py took 0.050 seconds
[2026-05-23T08:53:28.916+0000] {processor.py:186} INFO - Started process (PID=1269) to work on /opt/airflow/dags/spark_interval_ingestion.py
[2026-05-23T08:53:28.917+0000] {processor.py:914} INFO - Processing file /opt/airflow/dags/spark_interval_ingestion.py for tasks to queue
[2026-05-23T08:53:28.918+0000] {logging_mixin.py:190} INFO - [2026-05-23T08:53:28.918+0000] {dagbag.py:588} INFO - Filling up the DagBag from /opt/airflow/dags/spark_interval_ingestion.py
[2026-05-23T08:53:28.929+0000] {processor.py:925} INFO - DAG(s) 'fraud_pipeline_bronze_hourly' retrieved from /opt/airflow/dags/spark_interval_ingestion.py
[2026-05-23T08:53:28.950+0000] {logging_mixin.py:190} INFO - [2026-05-23T08:53:28.950+0000] {dag.py:3239} INFO - Sync 1 DAGs
[2026-05-23T08:53:28.961+0000] {logging_mixin.py:190} INFO - [2026-05-23T08:53:28.961+0000] {dag.py:4180} INFO - Setting next_dagrun for fraud_pipeline_bronze_hourly to 2026-05-23 08:45:00+00:00, run_after=2026-05-23 08:50:00+00:00
[2026-05-23T08:53:28.967+0000] {processor.py:208} INFO - Processing /opt/airflow/dags/spark_interval_ingestion.py took 0.056 seconds
[2026-05-23T08:53:59.153+0000] {processor.py:186} INFO - Started process (PID=1274) to work on /opt/airflow/dags/spark_interval_ingestion.py
[2026-05-23T08:53:59.153+0000] {processor.py:914} INFO - Processing file /opt/airflow/dags/spark_interval_ingestion.py for tasks to queue
[2026-05-23T08:53:59.154+0000] {logging_mixin.py:190} INFO - [2026-05-23T08:53:59.154+0000] {dagbag.py:588} INFO - Filling up the DagBag from /opt/airflow/dags/spark_interval_ingestion.py
[2026-05-23T08:53:59.165+0000] {processor.py:925} INFO - DAG(s) 'fraud_pipeline_bronze_hourly' retrieved from /opt/airflow/dags/spark_interval_ingestion.py
[2026-05-23T08:53:59.182+0000] {logging_mixin.py:190} INFO - [2026-05-23T08:53:59.182+0000] {dag.py:3239} INFO - Sync 1 DAGs
[2026-05-23T08:53:59.193+0000] {logging_mixin.py:190} INFO - [2026-05-23T08:53:59.193+0000] {dag.py:4180} INFO - Setting next_dagrun for fraud_pipeline_bronze_hourly to 2026-05-23 08:45:00+00:00, run_after=2026-05-23 08:50:00+00:00
[2026-05-23T08:53:59.202+0000] {processor.py:208} INFO - Processing /opt/airflow/dags/spark_interval_ingestion.py took 0.055 seconds
[2026-05-23T08:54:29.374+0000] {processor.py:186} INFO - Started process (PID=1279) to work on /opt/airflow/dags/spark_interval_ingestion.py
[2026-05-23T08:54:29.375+0000] {processor.py:914} INFO - Processing file /opt/airflow/dags/spark_interval_ingestion.py for tasks to queue
[2026-05-23T08:54:29.376+0000] {logging_mixin.py:190} INFO - [2026-05-23T08:54:29.375+0000] {dagbag.py:588} INFO - Filling up the DagBag from /opt/airflow/dags/spark_interval_ingestion.py
[2026-05-23T08:54:29.386+0000] {processor.py:925} INFO - DAG(s) 'fraud_pipeline_bronze_hourly' retrieved from /opt/airflow/dags/spark_interval_ingestion.py
[2026-05-23T08:54:29.404+0000] {logging_mixin.py:190} INFO - [2026-05-23T08:54:29.404+0000] {dag.py:3239} INFO - Sync 1 DAGs
[2026-05-23T08:54:29.413+0000] {logging_mixin.py:190} INFO - [2026-05-23T08:54:29.412+0000] {dag.py:4180} INFO - Setting next_dagrun for fraud_pipeline_bronze_hourly to 2026-05-23 08:45:00+00:00, run_after=2026-05-23 08:50:00+00:00
[2026-05-23T08:54:29.418+0000] {processor.py:208} INFO - Processing /opt/airflow/dags/spark_interval_ingestion.py took 0.049 seconds
[2026-05-23T08:54:59.571+0000] {processor.py:186} INFO - Started process (PID=1284) to work on /opt/airflow/dags/spark_interval_ingestion.py
[2026-05-23T08:54:59.571+0000] {processor.py:914} INFO - Processing file /opt/airflow/dags/spark_interval_ingestion.py for tasks to queue
[2026-05-23T08:54:59.573+0000] {logging_mixin.py:190} INFO - [2026-05-23T08:54:59.572+0000] {dagbag.py:588} INFO - Filling up the DagBag from /opt/airflow/dags/spark_interval_ingestion.py
[2026-05-23T08:54:59.584+0000] {processor.py:925} INFO - DAG(s) 'fraud_pipeline_bronze_hourly' retrieved from /opt/airflow/dags/spark_interval_ingestion.py
[2026-05-23T08:54:59.603+0000] {logging_mixin.py:190} INFO - [2026-05-23T08:54:59.603+0000] {dag.py:3239} INFO - Sync 1 DAGs
[2026-05-23T08:54:59.614+0000] {logging_mixin.py:190} INFO - [2026-05-23T08:54:59.614+0000] {dag.py:4180} INFO - Setting next_dagrun for fraud_pipeline_bronze_hourly to 2026-05-23 08:45:00+00:00, run_after=2026-05-23 08:50:00+00:00
[2026-05-23T08:54:59.620+0000] {processor.py:208} INFO - Processing /opt/airflow/dags/spark_interval_ingestion.py took 0.053 seconds
[2026-05-23T08:55:29.789+0000] {processor.py:186} INFO - Started process (PID=1289) to work on /opt/airflow/dags/spark_interval_ingestion.py
[2026-05-23T08:55:29.790+0000] {processor.py:914} INFO - Processing file /opt/airflow/dags/spark_interval_ingestion.py for tasks to queue
[2026-05-23T08:55:29.790+0000] {logging_mixin.py:190} INFO - [2026-05-23T08:55:29.790+0000] {dagbag.py:588} INFO - Filling up the DagBag from /opt/airflow/dags/spark_interval_ingestion.py
[2026-05-23T08:55:29.798+0000] {processor.py:925} INFO - DAG(s) 'fraud_pipeline_bronze_hourly' retrieved from /opt/airflow/dags/spark_interval_ingestion.py
[2026-05-23T08:55:29.814+0000] {logging_mixin.py:190} INFO - [2026-05-23T08:55:29.814+0000] {dag.py:3239} INFO - Sync 1 DAGs
[2026-05-23T08:55:29.822+0000] {logging_mixin.py:190} INFO - [2026-05-23T08:55:29.822+0000] {dag.py:4180} INFO - Setting next_dagrun for fraud_pipeline_bronze_hourly to 2026-05-23 08:50:00+00:00, run_after=2026-05-23 08:55:00+00:00
[2026-05-23T08:55:29.829+0000] {processor.py:208} INFO - Processing /opt/airflow/dags/spark_interval_ingestion.py took 0.044 seconds
[2026-05-23T08:56:00.028+0000] {processor.py:186} INFO - Started process (PID=1294) to work on /opt/airflow/dags/spark_interval_ingestion.py
[2026-05-23T08:56:00.029+0000] {processor.py:914} INFO - Processing file /opt/airflow/dags/spark_interval_ingestion.py for tasks to queue
[2026-05-23T08:56:00.031+0000] {logging_mixin.py:190} INFO - [2026-05-23T08:56:00.030+0000] {dagbag.py:588} INFO - Filling up the DagBag from /opt/airflow/dags/spark_interval_ingestion.py
[2026-05-23T08:56:00.036+0000] {processor.py:925} INFO - DAG(s) 'fraud_pipeline_bronze_hourly' retrieved from /opt/airflow/dags/spark_interval_ingestion.py
[2026-05-23T08:56:00.050+0000] {logging_mixin.py:190} INFO - [2026-05-23T08:56:00.050+0000] {dag.py:3239} INFO - Sync 1 DAGs
[2026-05-23T08:56:00.060+0000] {logging_mixin.py:190} INFO - [2026-05-23T08:56:00.060+0000] {dag.py:4180} INFO - Setting next_dagrun for fraud_pipeline_bronze_hourly to 2026-05-23 08:50:00+00:00, run_after=2026-05-23 08:55:00+00:00
[2026-05-23T08:56:00.065+0000] {processor.py:208} INFO - Processing /opt/airflow/dags/spark_interval_ingestion.py took 0.041 seconds
[2026-05-23T08:56:30.254+0000] {processor.py:186} INFO - Started process (PID=1299) to work on /opt/airflow/dags/spark_interval_ingestion.py
[2026-05-23T08:56:30.254+0000] {processor.py:914} INFO - Processing file /opt/airflow/dags/spark_interval_ingestion.py for tasks to queue
[2026-05-23T08:56:30.256+0000] {logging_mixin.py:190} INFO - [2026-05-23T08:56:30.255+0000] {dagbag.py:588} INFO - Filling up the DagBag from /opt/airflow/dags/spark_interval_ingestion.py
[2026-05-23T08:56:30.264+0000] {processor.py:925} INFO - DAG(s) 'fraud_pipeline_bronze_hourly' retrieved from /opt/airflow/dags/spark_interval_ingestion.py
[2026-05-23T08:56:30.281+0000] {logging_mixin.py:190} INFO - [2026-05-23T08:56:30.281+0000] {dag.py:3239} INFO - Sync 1 DAGs
[2026-05-23T08:56:30.292+0000] {logging_mixin.py:190} INFO - [2026-05-23T08:56:30.292+0000] {dag.py:4180} INFO - Setting next_dagrun for fraud_pipeline_bronze_hourly to 2026-05-23 08:50:00+00:00, run_after=2026-05-23 08:55:00+00:00
[2026-05-23T08:56:30.299+0000] {processor.py:208} INFO - Processing /opt/airflow/dags/spark_interval_ingestion.py took 0.050 seconds
[2026-05-23T08:57:00.526+0000] {processor.py:186} INFO - Started process (PID=1304) to work on /opt/airflow/dags/spark_interval_ingestion.py
[2026-05-23T08:57:00.528+0000] {processor.py:914} INFO - Processing file /opt/airflow/dags/spark_interval_ingestion.py for tasks to queue
[2026-05-23T08:57:00.529+0000] {logging_mixin.py:190} INFO - [2026-05-23T08:57:00.529+0000] {dagbag.py:588} INFO - Filling up the DagBag from /opt/airflow/dags/spark_interval_ingestion.py
[2026-05-23T08:57:00.538+0000] {processor.py:925} INFO - DAG(s) 'fraud_pipeline_bronze_hourly' retrieved from /opt/airflow/dags/spark_interval_ingestion.py
[2026-05-23T08:57:00.555+0000] {logging_mixin.py:190} INFO - [2026-05-23T08:57:00.555+0000] {dag.py:3239} INFO - Sync 1 DAGs
[2026-05-23T08:57:00.564+0000] {logging_mixin.py:190} INFO - [2026-05-23T08:57:00.564+0000] {dag.py:4180} INFO - Setting next_dagrun for fraud_pipeline_bronze_hourly to 2026-05-23 08:50:00+00:00, run_after=2026-05-23 08:55:00+00:00
[2026-05-23T08:57:00.570+0000] {processor.py:208} INFO - Processing /opt/airflow/dags/spark_interval_ingestion.py took 0.050 seconds
[2026-05-23T08:57:30.739+0000] {processor.py:186} INFO - Started process (PID=1309) to work on /opt/airflow/dags/spark_interval_ingestion.py
[2026-05-23T08:57:30.740+0000] {processor.py:914} INFO - Processing file /opt/airflow/dags/spark_interval_ingestion.py for tasks to queue
[2026-05-23T08:57:30.740+0000] {logging_mixin.py:190} INFO - [2026-05-23T08:57:30.740+0000] {dagbag.py:588} INFO - Filling up the DagBag from /opt/airflow/dags/spark_interval_ingestion.py
[2026-05-23T08:57:30.750+0000] {processor.py:925} INFO - DAG(s) 'fraud_pipeline_bronze_hourly' retrieved from /opt/airflow/dags/spark_interval_ingestion.py
[2026-05-23T08:57:30.767+0000] {logging_mixin.py:190} INFO - [2026-05-23T08:57:30.767+0000] {dag.py:3239} INFO - Sync 1 DAGs
[2026-05-23T08:57:30.776+0000] {logging_mixin.py:190} INFO - [2026-05-23T08:57:30.776+0000] {dag.py:4180} INFO - Setting next_dagrun for fraud_pipeline_bronze_hourly to 2026-05-23 08:50:00+00:00, run_after=2026-05-23 08:55:00+00:00
[2026-05-23T08:57:30.782+0000] {processor.py:208} INFO - Processing /opt/airflow/dags/spark_interval_ingestion.py took 0.048 seconds
[2026-05-23T08:58:00.945+0000] {processor.py:186} INFO - Started process (PID=1314) to work on /opt/airflow/dags/spark_interval_ingestion.py
[2026-05-23T08:58:00.946+0000] {processor.py:914} INFO - Processing file /opt/airflow/dags/spark_interval_ingestion.py for tasks to queue
[2026-05-23T08:58:00.947+0000] {logging_mixin.py:190} INFO - [2026-05-23T08:58:00.947+0000] {dagbag.py:588} INFO - Filling up the DagBag from /opt/airflow/dags/spark_interval_ingestion.py
[2026-05-23T08:58:00.957+0000] {processor.py:925} INFO - DAG(s) 'fraud_pipeline_bronze_hourly' retrieved from /opt/airflow/dags/spark_interval_ingestion.py
[2026-05-23T08:58:00.974+0000] {logging_mixin.py:190} INFO - [2026-05-23T08:58:00.974+0000] {dag.py:3239} INFO - Sync 1 DAGs
[2026-05-23T08:58:00.984+0000] {logging_mixin.py:190} INFO - [2026-05-23T08:58:00.984+0000] {dag.py:4180} INFO - Setting next_dagrun for fraud_pipeline_bronze_hourly to 2026-05-23 08:50:00+00:00, run_after=2026-05-23 08:55:00+00:00
[2026-05-23T08:58:00.990+0000] {processor.py:208} INFO - Processing /opt/airflow/dags/spark_interval_ingestion.py took 0.050 seconds
[2026-05-23T08:58:31.172+0000] {processor.py:186} INFO - Started process (PID=1319) to work on /opt/airflow/dags/spark_interval_ingestion.py
[2026-05-23T08:58:31.172+0000] {processor.py:914} INFO - Processing file /opt/airflow/dags/spark_interval_ingestion.py for tasks to queue
[2026-05-23T08:58:31.173+0000] {logging_mixin.py:190} INFO - [2026-05-23T08:58:31.173+0000] {dagbag.py:588} INFO - Filling up the DagBag from /opt/airflow/dags/spark_interval_ingestion.py
[2026-05-23T08:58:31.183+0000] {processor.py:925} INFO - DAG(s) 'fraud_pipeline_bronze_hourly' retrieved from /opt/airflow/dags/spark_interval_ingestion.py
[2026-05-23T08:58:31.201+0000] {logging_mixin.py:190} INFO - [2026-05-23T08:58:31.200+0000] {dag.py:3239} INFO - Sync 1 DAGs
[2026-05-23T08:58:31.212+0000] {logging_mixin.py:190} INFO - [2026-05-23T08:58:31.212+0000] {dag.py:4180} INFO - Setting next_dagrun for fraud_pipeline_bronze_hourly to 2026-05-23 08:50:00+00:00, run_after=2026-05-23 08:55:00+00:00
[2026-05-23T08:58:31.219+0000] {processor.py:208} INFO - Processing /opt/airflow/dags/spark_interval_ingestion.py took 0.052 seconds
[2026-05-23T08:59:01.399+0000] {processor.py:186} INFO - Started process (PID=1324) to work on /opt/airflow/dags/spark_interval_ingestion.py
[2026-05-23T08:59:01.399+0000] {processor.py:914} INFO - Processing file /opt/airflow/dags/spark_interval_ingestion.py for tasks to queue
[2026-05-23T08:59:01.400+0000] {logging_mixin.py:190} INFO - [2026-05-23T08:59:01.400+0000] {dagbag.py:588} INFO - Filling up the DagBag from /opt/airflow/dags/spark_interval_ingestion.py
[2026-05-23T08:59:01.409+0000] {processor.py:925} INFO - DAG(s) 'fraud_pipeline_bronze_hourly' retrieved from /opt/airflow/dags/spark_interval_ingestion.py
[2026-05-23T08:59:01.424+0000] {logging_mixin.py:190} INFO - [2026-05-23T08:59:01.424+0000] {dag.py:3239} INFO - Sync 1 DAGs
[2026-05-23T08:59:01.435+0000] {logging_mixin.py:190} INFO - [2026-05-23T08:59:01.435+0000] {dag.py:4180} INFO - Setting next_dagrun for fraud_pipeline_bronze_hourly to 2026-05-23 08:50:00+00:00, run_after=2026-05-23 08:55:00+00:00
[2026-05-23T08:59:01.441+0000] {processor.py:208} INFO - Processing /opt/airflow/dags/spark_interval_ingestion.py took 0.047 seconds
[2026-05-23T08:59:31.600+0000] {processor.py:186} INFO - Started process (PID=1329) to work on /opt/airflow/dags/spark_interval_ingestion.py
[2026-05-23T08:59:31.600+0000] {processor.py:914} INFO - Processing file /opt/airflow/dags/spark_interval_ingestion.py for tasks to queue
[2026-05-23T08:59:31.601+0000] {logging_mixin.py:190} INFO - [2026-05-23T08:59:31.600+0000] {dagbag.py:588} INFO - Filling up the DagBag from /opt/airflow/dags/spark_interval_ingestion.py
[2026-05-23T08:59:31.605+0000] {processor.py:925} INFO - DAG(s) 'fraud_pipeline_bronze_hourly' retrieved from /opt/airflow/dags/spark_interval_ingestion.py
[2026-05-23T08:59:31.614+0000] {logging_mixin.py:190} INFO - [2026-05-23T08:59:31.614+0000] {dag.py:3239} INFO - Sync 1 DAGs
[2026-05-23T08:59:31.621+0000] {logging_mixin.py:190} INFO - [2026-05-23T08:59:31.621+0000] {dag.py:4180} INFO - Setting next_dagrun for fraud_pipeline_bronze_hourly to 2026-05-23 08:50:00+00:00, run_after=2026-05-23 08:55:00+00:00
[2026-05-23T08:59:31.626+0000] {processor.py:208} INFO - Processing /opt/airflow/dags/spark_interval_ingestion.py took 0.028 seconds
[2026-05-23T09:00:01.820+0000] {processor.py:186} INFO - Started process (PID=1334) to work on /opt/airflow/dags/spark_interval_ingestion.py
[2026-05-23T09:00:01.820+0000] {processor.py:914} INFO - Processing file /opt/airflow/dags/spark_interval_ingestion.py for tasks to queue
[2026-05-23T09:00:01.821+0000] {logging_mixin.py:190} INFO - [2026-05-23T09:00:01.821+0000] {dagbag.py:588} INFO - Filling up the DagBag from /opt/airflow/dags/spark_interval_ingestion.py
[2026-05-23T09:00:01.834+0000] {processor.py:925} INFO - DAG(s) 'fraud_pipeline_bronze_hourly' retrieved from /opt/airflow/dags/spark_interval_ingestion.py
[2026-05-23T09:00:01.845+0000] {logging_mixin.py:190} INFO - [2026-05-23T09:00:01.845+0000] {dag.py:3239} INFO - Sync 1 DAGs
[2026-05-23T09:00:01.853+0000] {logging_mixin.py:190} INFO - [2026-05-23T09:00:01.853+0000] {dag.py:4180} INFO - Setting next_dagrun for fraud_pipeline_bronze_hourly to 2026-05-23 08:55:00+00:00, run_after=2026-05-23 09:00:00+00:00
[2026-05-23T09:00:01.859+0000] {processor.py:208} INFO - Processing /opt/airflow/dags/spark_interval_ingestion.py took 0.045 seconds
[2026-05-23T09:00:32.024+0000] {processor.py:186} INFO - Started process (PID=1339) to work on /opt/airflow/dags/spark_interval_ingestion.py
[2026-05-23T09:00:32.025+0000] {processor.py:914} INFO - Processing file /opt/airflow/dags/spark_interval_ingestion.py for tasks to queue
[2026-05-23T09:00:32.027+0000] {logging_mixin.py:190} INFO - [2026-05-23T09:00:32.027+0000] {dagbag.py:588} INFO - Filling up the DagBag from /opt/airflow/dags/spark_interval_ingestion.py
[2026-05-23T09:00:32.036+0000] {processor.py:925} INFO - DAG(s) 'fraud_pipeline_bronze_hourly' retrieved from /opt/airflow/dags/spark_interval_ingestion.py
[2026-05-23T09:00:32.053+0000] {logging_mixin.py:190} INFO - [2026-05-23T09:00:32.053+0000] {dag.py:3239} INFO - Sync 1 DAGs
[2026-05-23T09:00:32.063+0000] {logging_mixin.py:190} INFO - [2026-05-23T09:00:32.063+0000] {dag.py:4180} INFO - Setting next_dagrun for fraud_pipeline_bronze_hourly to 2026-05-23 08:55:00+00:00, run_after=2026-05-23 09:00:00+00:00
[2026-05-23T09:00:32.069+0000] {processor.py:208} INFO - Processing /opt/airflow/dags/spark_interval_ingestion.py took 0.049 seconds
[2026-05-23T09:01:02.249+0000] {processor.py:186} INFO - Started process (PID=1344) to work on /opt/airflow/dags/spark_interval_ingestion.py
[2026-05-23T09:01:02.250+0000] {processor.py:914} INFO - Processing file /opt/airflow/dags/spark_interval_ingestion.py for tasks to queue
[2026-05-23T09:01:02.250+0000] {logging_mixin.py:190} INFO - [2026-05-23T09:01:02.250+0000] {dagbag.py:588} INFO - Filling up the DagBag from /opt/airflow/dags/spark_interval_ingestion.py
[2026-05-23T09:01:02.259+0000] {processor.py:925} INFO - DAG(s) 'fraud_pipeline_bronze_hourly' retrieved from /opt/airflow/dags/spark_interval_ingestion.py
[2026-05-23T09:01:02.278+0000] {logging_mixin.py:190} INFO - [2026-05-23T09:01:02.278+0000] {dag.py:3239} INFO - Sync 1 DAGs
[2026-05-23T09:01:02.289+0000] {logging_mixin.py:190} INFO - [2026-05-23T09:01:02.289+0000] {dag.py:4180} INFO - Setting next_dagrun for fraud_pipeline_bronze_hourly to 2026-05-23 08:55:00+00:00, run_after=2026-05-23 09:00:00+00:00
[2026-05-23T09:01:02.294+0000] {processor.py:208} INFO - Processing /opt/airflow/dags/spark_interval_ingestion.py took 0.050 seconds
[2026-05-23T09:01:32.493+0000] {processor.py:186} INFO - Started process (PID=1349) to work on /opt/airflow/dags/spark_interval_ingestion.py
[2026-05-23T09:01:32.494+0000] {processor.py:914} INFO - Processing file /opt/airflow/dags/spark_interval_ingestion.py for tasks to queue
[2026-05-23T09:01:32.495+0000] {logging_mixin.py:190} INFO - [2026-05-23T09:01:32.495+0000] {dagbag.py:588} INFO - Filling up the DagBag from /opt/airflow/dags/spark_interval_ingestion.py
[2026-05-23T09:01:32.513+0000] {processor.py:925} INFO - DAG(s) 'fraud_pipeline_bronze_hourly' retrieved from /opt/airflow/dags/spark_interval_ingestion.py
[2026-05-23T09:01:32.534+0000] {logging_mixin.py:190} INFO - [2026-05-23T09:01:32.534+0000] {dag.py:3239} INFO - Sync 1 DAGs
[2026-05-23T09:01:32.550+0000] {logging_mixin.py:190} INFO - [2026-05-23T09:01:32.550+0000] {dag.py:4180} INFO - Setting next_dagrun for fraud_pipeline_bronze_hourly to 2026-05-23 08:55:00+00:00, run_after=2026-05-23 09:00:00+00:00
[2026-05-23T09:01:32.558+0000] {processor.py:208} INFO - Processing /opt/airflow/dags/spark_interval_ingestion.py took 0.071 seconds
[2026-05-23T09:02:02.720+0000] {processor.py:186} INFO - Started process (PID=1354) to work on /opt/airflow/dags/spark_interval_ingestion.py
[2026-05-23T09:02:02.720+0000] {processor.py:914} INFO - Processing file /opt/airflow/dags/spark_interval_ingestion.py for tasks to queue
[2026-05-23T09:02:02.722+0000] {logging_mixin.py:190} INFO - [2026-05-23T09:02:02.721+0000] {dagbag.py:588} INFO - Filling up the DagBag from /opt/airflow/dags/spark_interval_ingestion.py
[2026-05-23T09:02:02.735+0000] {processor.py:925} INFO - DAG(s) 'fraud_pipeline_bronze_hourly' retrieved from /opt/airflow/dags/spark_interval_ingestion.py
[2026-05-23T09:02:02.754+0000] {logging_mixin.py:190} INFO - [2026-05-23T09:02:02.754+0000] {dag.py:3239} INFO - Sync 1 DAGs
[2026-05-23T09:02:02.767+0000] {logging_mixin.py:190} INFO - [2026-05-23T09:02:02.767+0000] {dag.py:4180} INFO - Setting next_dagrun for fraud_pipeline_bronze_hourly to 2026-05-23 08:55:00+00:00, run_after=2026-05-23 09:00:00+00:00
[2026-05-23T09:02:02.773+0000] {processor.py:208} INFO - Processing /opt/airflow/dags/spark_interval_ingestion.py took 0.060 seconds
[2026-05-23T09:02:32.944+0000] {processor.py:186} INFO - Started process (PID=1359) to work on /opt/airflow/dags/spark_interval_ingestion.py
[2026-05-23T09:02:32.945+0000] {processor.py:914} INFO - Processing file /opt/airflow/dags/spark_interval_ingestion.py for tasks to queue
[2026-05-23T09:02:32.946+0000] {logging_mixin.py:190} INFO - [2026-05-23T09:02:32.946+0000] {dagbag.py:588} INFO - Filling up the DagBag from /opt/airflow/dags/spark_interval_ingestion.py
[2026-05-23T09:02:32.956+0000] {processor.py:925} INFO - DAG(s) 'fraud_pipeline_bronze_hourly' retrieved from /opt/airflow/dags/spark_interval_ingestion.py
[2026-05-23T09:02:32.974+0000] {logging_mixin.py:190} INFO - [2026-05-23T09:02:32.974+0000] {dag.py:3239} INFO - Sync 1 DAGs
[2026-05-23T09:02:32.986+0000] {logging_mixin.py:190} INFO - [2026-05-23T09:02:32.986+0000] {dag.py:4180} INFO - Setting next_dagrun for fraud_pipeline_bronze_hourly to 2026-05-23 08:55:00+00:00, run_after=2026-05-23 09:00:00+00:00
[2026-05-23T09:02:32.992+0000] {processor.py:208} INFO - Processing /opt/airflow/dags/spark_interval_ingestion.py took 0.053 seconds
[2026-05-23T09:03:03.185+0000] {processor.py:186} INFO - Started process (PID=1364) to work on /opt/airflow/dags/spark_interval_ingestion.py
[2026-05-23T09:03:03.186+0000] {processor.py:914} INFO - Processing file /opt/airflow/dags/spark_interval_ingestion.py for tasks to queue
[2026-05-23T09:03:03.187+0000] {logging_mixin.py:190} INFO - [2026-05-23T09:03:03.187+0000] {dagbag.py:588} INFO - Filling up the DagBag from /opt/airflow/dags/spark_interval_ingestion.py
[2026-05-23T09:03:03.201+0000] {processor.py:925} INFO - DAG(s) 'fraud_pipeline_bronze_hourly' retrieved from /opt/airflow/dags/spark_interval_ingestion.py
[2026-05-23T09:03:03.219+0000] {logging_mixin.py:190} INFO - [2026-05-23T09:03:03.219+0000] {dag.py:3239} INFO - Sync 1 DAGs
[2026-05-23T09:03:03.230+0000] {logging_mixin.py:190} INFO - [2026-05-23T09:03:03.230+0000] {dag.py:4180} INFO - Setting next_dagrun for fraud_pipeline_bronze_hourly to 2026-05-23 08:55:00+00:00, run_after=2026-05-23 09:00:00+00:00
[2026-05-23T09:03:03.236+0000] {processor.py:208} INFO - Processing /opt/airflow/dags/spark_interval_ingestion.py took 0.058 seconds
[2026-05-23T09:03:33.412+0000] {processor.py:186} INFO - Started process (PID=1369) to work on /opt/airflow/dags/spark_interval_ingestion.py
[2026-05-23T09:03:33.412+0000] {processor.py:914} INFO - Processing file /opt/airflow/dags/spark_interval_ingestion.py for tasks to queue
[2026-05-23T09:03:33.413+0000] {logging_mixin.py:190} INFO - [2026-05-23T09:03:33.413+0000] {dagbag.py:588} INFO - Filling up the DagBag from /opt/airflow/dags/spark_interval_ingestion.py
[2026-05-23T09:03:33.423+0000] {processor.py:925} INFO - DAG(s) 'fraud_pipeline_bronze_hourly' retrieved from /opt/airflow/dags/spark_interval_ingestion.py
[2026-05-23T09:03:33.441+0000] {logging_mixin.py:190} INFO - [2026-05-23T09:03:33.440+0000] {dag.py:3239} INFO - Sync 1 DAGs
[2026-05-23T09:03:33.449+0000] {logging_mixin.py:190} INFO - [2026-05-23T09:03:33.449+0000] {dag.py:4180} INFO - Setting next_dagrun for fraud_pipeline_bronze_hourly to 2026-05-23 08:55:00+00:00, run_after=2026-05-23 09:00:00+00:00
[2026-05-23T09:03:33.455+0000] {processor.py:208} INFO - Processing /opt/airflow/dags/spark_interval_ingestion.py took 0.049 seconds
[2026-05-23T09:04:03.624+0000] {processor.py:186} INFO - Started process (PID=1374) to work on /opt/airflow/dags/spark_interval_ingestion.py
[2026-05-23T09:04:03.625+0000] {processor.py:914} INFO - Processing file /opt/airflow/dags/spark_interval_ingestion.py for tasks to queue
[2026-05-23T09:04:03.626+0000] {logging_mixin.py:190} INFO - [2026-05-23T09:04:03.626+0000] {dagbag.py:588} INFO - Filling up the DagBag from /opt/airflow/dags/spark_interval_ingestion.py
[2026-05-23T09:04:03.640+0000] {processor.py:925} INFO - DAG(s) 'fraud_pipeline_bronze_hourly' retrieved from /opt/airflow/dags/spark_interval_ingestion.py
[2026-05-23T09:04:03.655+0000] {logging_mixin.py:190} INFO - [2026-05-23T09:04:03.655+0000] {dag.py:3239} INFO - Sync 1 DAGs
[2026-05-23T09:04:03.668+0000] {logging_mixin.py:190} INFO - [2026-05-23T09:04:03.668+0000] {dag.py:4180} INFO - Setting next_dagrun for fraud_pipeline_bronze_hourly to 2026-05-23 08:55:00+00:00, run_after=2026-05-23 09:00:00+00:00
[2026-05-23T09:04:03.675+0000] {processor.py:208} INFO - Processing /opt/airflow/dags/spark_interval_ingestion.py took 0.055 seconds
[2026-05-23T09:04:33.801+0000] {processor.py:186} INFO - Started process (PID=1379) to work on /opt/airflow/dags/spark_interval_ingestion.py
[2026-05-23T09:04:33.802+0000] {processor.py:914} INFO - Processing file /opt/airflow/dags/spark_interval_ingestion.py for tasks to queue
[2026-05-23T09:04:33.803+0000] {logging_mixin.py:190} INFO - [2026-05-23T09:04:33.802+0000] {dagbag.py:588} INFO - Filling up the DagBag from /opt/airflow/dags/spark_interval_ingestion.py
[2026-05-23T09:04:33.812+0000] {processor.py:925} INFO - DAG(s) 'fraud_pipeline_bronze_hourly' retrieved from /opt/airflow/dags/spark_interval_ingestion.py
[2026-05-23T09:04:33.831+0000] {logging_mixin.py:190} INFO - [2026-05-23T09:04:33.831+0000] {dag.py:3239} INFO - Sync 1 DAGs
[2026-05-23T09:04:33.841+0000] {logging_mixin.py:190} INFO - [2026-05-23T09:04:33.841+0000] {dag.py:4180} INFO - Setting next_dagrun for fraud_pipeline_bronze_hourly to 2026-05-23 08:55:00+00:00, run_after=2026-05-23 09:00:00+00:00
[2026-05-23T09:04:33.847+0000] {processor.py:208} INFO - Processing /opt/airflow/dags/spark_interval_ingestion.py took 0.051 seconds
[2026-05-23T09:05:03.995+0000] {processor.py:186} INFO - Started process (PID=1384) to work on /opt/airflow/dags/spark_interval_ingestion.py
[2026-05-23T09:05:03.996+0000] {processor.py:914} INFO - Processing file /opt/airflow/dags/spark_interval_ingestion.py for tasks to queue
[2026-05-23T09:05:03.997+0000] {logging_mixin.py:190} INFO - [2026-05-23T09:05:03.997+0000] {dagbag.py:588} INFO - Filling up the DagBag from /opt/airflow/dags/spark_interval_ingestion.py
[2026-05-23T09:05:04.001+0000] {processor.py:925} INFO - DAG(s) 'fraud_pipeline_bronze_hourly' retrieved from /opt/airflow/dags/spark_interval_ingestion.py
[2026-05-23T09:05:04.012+0000] {logging_mixin.py:190} INFO - [2026-05-23T09:05:04.011+0000] {dag.py:3239} INFO - Sync 1 DAGs
[2026-05-23T09:05:04.021+0000] {logging_mixin.py:190} INFO - [2026-05-23T09:05:04.020+0000] {dag.py:4180} INFO - Setting next_dagrun for fraud_pipeline_bronze_hourly to 2026-05-23 09:00:00+00:00, run_after=2026-05-23 09:05:00+00:00
[2026-05-23T09:05:04.026+0000] {processor.py:208} INFO - Processing /opt/airflow/dags/spark_interval_ingestion.py took 0.034 seconds
[2026-05-23T09:05:34.197+0000] {processor.py:186} INFO - Started process (PID=1389) to work on /opt/airflow/dags/spark_interval_ingestion.py
[2026-05-23T09:05:34.198+0000] {processor.py:914} INFO - Processing file /opt/airflow/dags/spark_interval_ingestion.py for tasks to queue
[2026-05-23T09:05:34.199+0000] {logging_mixin.py:190} INFO - [2026-05-23T09:05:34.198+0000] {dagbag.py:588} INFO - Filling up the DagBag from /opt/airflow/dags/spark_interval_ingestion.py
[2026-05-23T09:05:34.209+0000] {processor.py:925} INFO - DAG(s) 'fraud_pipeline_bronze_hourly' retrieved from /opt/airflow/dags/spark_interval_ingestion.py
[2026-05-23T09:05:34.230+0000] {logging_mixin.py:190} INFO - [2026-05-23T09:05:34.230+0000] {dag.py:3239} INFO - Sync 1 DAGs
[2026-05-23T09:05:34.241+0000] {logging_mixin.py:190} INFO - [2026-05-23T09:05:34.241+0000] {dag.py:4180} INFO - Setting next_dagrun for fraud_pipeline_bronze_hourly to 2026-05-23 09:00:00+00:00, run_after=2026-05-23 09:05:00+00:00
[2026-05-23T09:05:34.247+0000] {processor.py:208} INFO - Processing /opt/airflow/dags/spark_interval_ingestion.py took 0.055 seconds
[2026-05-23T09:06:04.411+0000] {processor.py:186} INFO - Started process (PID=1394) to work on /opt/airflow/dags/spark_interval_ingestion.py
[2026-05-23T09:06:04.412+0000] {processor.py:914} INFO - Processing file /opt/airflow/dags/spark_interval_ingestion.py for tasks to queue
[2026-05-23T09:06:04.413+0000] {logging_mixin.py:190} INFO - [2026-05-23T09:06:04.413+0000] {dagbag.py:588} INFO - Filling up the DagBag from /opt/airflow/dags/spark_interval_ingestion.py
[2026-05-23T09:06:04.424+0000] {processor.py:925} INFO - DAG(s) 'fraud_pipeline_bronze_hourly' retrieved from /opt/airflow/dags/spark_interval_ingestion.py
[2026-05-23T09:06:04.445+0000] {logging_mixin.py:190} INFO - [2026-05-23T09:06:04.444+0000] {dag.py:3239} INFO - Sync 1 DAGs
[2026-05-23T09:06:04.456+0000] {logging_mixin.py:190} INFO - [2026-05-23T09:06:04.456+0000] {dag.py:4180} INFO - Setting next_dagrun for fraud_pipeline_bronze_hourly to 2026-05-23 09:00:00+00:00, run_after=2026-05-23 09:05:00+00:00
[2026-05-23T09:06:04.462+0000] {processor.py:208} INFO - Processing /opt/airflow/dags/spark_interval_ingestion.py took 0.055 seconds
[2026-05-23T09:06:34.615+0000] {processor.py:186} INFO - Started process (PID=1399) to work on /opt/airflow/dags/spark_interval_ingestion.py
[2026-05-23T09:06:34.615+0000] {processor.py:914} INFO - Processing file /opt/airflow/dags/spark_interval_ingestion.py for tasks to queue
[2026-05-23T09:06:34.616+0000] {logging_mixin.py:190} INFO - [2026-05-23T09:06:34.616+0000] {dagbag.py:588} INFO - Filling up the DagBag from /opt/airflow/dags/spark_interval_ingestion.py
[2026-05-23T09:06:34.627+0000] {processor.py:925} INFO - DAG(s) 'fraud_pipeline_bronze_hourly' retrieved from /opt/airflow/dags/spark_interval_ingestion.py
[2026-05-23T09:06:34.645+0000] {logging_mixin.py:190} INFO - [2026-05-23T09:06:34.645+0000] {dag.py:3239} INFO - Sync 1 DAGs
[2026-05-23T09:06:34.654+0000] {logging_mixin.py:190} INFO - [2026-05-23T09:06:34.654+0000] {dag.py:4180} INFO - Setting next_dagrun for fraud_pipeline_bronze_hourly to 2026-05-23 09:00:00+00:00, run_after=2026-05-23 09:05:00+00:00
[2026-05-23T09:06:34.659+0000] {processor.py:208} INFO - Processing /opt/airflow/dags/spark_interval_ingestion.py took 0.050 seconds
[2026-05-23T09:07:04.844+0000] {processor.py:186} INFO - Started process (PID=1404) to work on /opt/airflow/dags/spark_interval_ingestion.py
[2026-05-23T09:07:04.845+0000] {processor.py:914} INFO - Processing file /opt/airflow/dags/spark_interval_ingestion.py for tasks to queue
[2026-05-23T09:07:04.846+0000] {logging_mixin.py:190} INFO - [2026-05-23T09:07:04.845+0000] {dagbag.py:588} INFO - Filling up the DagBag from /opt/airflow/dags/spark_interval_ingestion.py
[2026-05-23T09:07:04.857+0000] {processor.py:925} INFO - DAG(s) 'fraud_pipeline_bronze_hourly' retrieved from /opt/airflow/dags/spark_interval_ingestion.py
[2026-05-23T09:07:04.876+0000] {logging_mixin.py:190} INFO - [2026-05-23T09:07:04.876+0000] {dag.py:3239} INFO - Sync 1 DAGs
[2026-05-23T09:07:04.885+0000] {logging_mixin.py:190} INFO - [2026-05-23T09:07:04.885+0000] {dag.py:4180} INFO - Setting next_dagrun for fraud_pipeline_bronze_hourly to 2026-05-23 09:00:00+00:00, run_after=2026-05-23 09:05:00+00:00
[2026-05-23T09:07:04.894+0000] {processor.py:208} INFO - Processing /opt/airflow/dags/spark_interval_ingestion.py took 0.055 seconds
[2026-05-23T09:07:35.042+0000] {processor.py:186} INFO - Started process (PID=1409) to work on /opt/airflow/dags/spark_interval_ingestion.py
[2026-05-23T09:07:35.042+0000] {processor.py:914} INFO - Processing file /opt/airflow/dags/spark_interval_ingestion.py for tasks to queue
[2026-05-23T09:07:35.043+0000] {logging_mixin.py:190} INFO - [2026-05-23T09:07:35.043+0000] {dagbag.py:588} INFO - Filling up the DagBag from /opt/airflow/dags/spark_interval_ingestion.py
[2026-05-23T09:07:35.056+0000] {processor.py:925} INFO - DAG(s) 'fraud_pipeline_bronze_hourly' retrieved from /opt/airflow/dags/spark_interval_ingestion.py
[2026-05-23T09:07:35.074+0000] {logging_mixin.py:190} INFO - [2026-05-23T09:07:35.073+0000] {dag.py:3239} INFO - Sync 1 DAGs
[2026-05-23T09:07:35.085+0000] {logging_mixin.py:190} INFO - [2026-05-23T09:07:35.085+0000] {dag.py:4180} INFO - Setting next_dagrun for fraud_pipeline_bronze_hourly to 2026-05-23 09:00:00+00:00, run_after=2026-05-23 09:05:00+00:00
[2026-05-23T09:07:35.091+0000] {processor.py:208} INFO - Processing /opt/airflow/dags/spark_interval_ingestion.py took 0.055 seconds
[2026-05-23T09:08:05.273+0000] {processor.py:186} INFO - Started process (PID=1414) to work on /opt/airflow/dags/spark_interval_ingestion.py
[2026-05-23T09:08:05.274+0000] {processor.py:914} INFO - Processing file /opt/airflow/dags/spark_interval_ingestion.py for tasks to queue
[2026-05-23T09:08:05.275+0000] {logging_mixin.py:190} INFO - [2026-05-23T09:08:05.275+0000] {dagbag.py:588} INFO - Filling up the DagBag from /opt/airflow/dags/spark_interval_ingestion.py
[2026-05-23T09:08:05.285+0000] {processor.py:925} INFO - DAG(s) 'fraud_pipeline_bronze_hourly' retrieved from /opt/airflow/dags/spark_interval_ingestion.py
[2026-05-23T09:08:05.304+0000] {logging_mixin.py:190} INFO - [2026-05-23T09:08:05.303+0000] {dag.py:3239} INFO - Sync 1 DAGs
[2026-05-23T09:08:05.314+0000] {logging_mixin.py:190} INFO - [2026-05-23T09:08:05.314+0000] {dag.py:4180} INFO - Setting next_dagrun for fraud_pipeline_bronze_hourly to 2026-05-23 09:00:00+00:00, run_after=2026-05-23 09:05:00+00:00
[2026-05-23T09:08:05.320+0000] {processor.py:208} INFO - Processing /opt/airflow/dags/spark_interval_ingestion.py took 0.053 seconds
[2026-05-23T09:08:35.509+0000] {processor.py:186} INFO - Started process (PID=1419) to work on /opt/airflow/dags/spark_interval_ingestion.py
[2026-05-23T09:08:35.510+0000] {processor.py:914} INFO - Processing file /opt/airflow/dags/spark_interval_ingestion.py for tasks to queue
[2026-05-23T09:08:35.511+0000] {logging_mixin.py:190} INFO - [2026-05-23T09:08:35.511+0000] {dagbag.py:588} INFO - Filling up the DagBag from /opt/airflow/dags/spark_interval_ingestion.py
[2026-05-23T09:08:35.524+0000] {processor.py:925} INFO - DAG(s) 'fraud_pipeline_bronze_hourly' retrieved from /opt/airflow/dags/spark_interval_ingestion.py
[2026-05-23T09:08:35.540+0000] {logging_mixin.py:190} INFO - [2026-05-23T09:08:35.540+0000] {dag.py:3239} INFO - Sync 1 DAGs
[2026-05-23T09:08:35.549+0000] {logging_mixin.py:190} INFO - [2026-05-23T09:08:35.549+0000] {dag.py:4180} INFO - Setting next_dagrun for fraud_pipeline_bronze_hourly to 2026-05-23 09:00:00+00:00, run_after=2026-05-23 09:05:00+00:00
[2026-05-23T09:08:35.555+0000] {processor.py:208} INFO - Processing /opt/airflow/dags/spark_interval_ingestion.py took 0.052 seconds
[2026-05-23T09:09:05.723+0000] {processor.py:186} INFO - Started process (PID=1424) to work on /opt/airflow/dags/spark_interval_ingestion.py
[2026-05-23T09:09:05.723+0000] {processor.py:914} INFO - Processing file /opt/airflow/dags/spark_interval_ingestion.py for tasks to queue
[2026-05-23T09:09:05.725+0000] {logging_mixin.py:190} INFO - [2026-05-23T09:09:05.725+0000] {dagbag.py:588} INFO - Filling up the DagBag from /opt/airflow/dags/spark_interval_ingestion.py
[2026-05-23T09:09:05.735+0000] {processor.py:925} INFO - DAG(s) 'fraud_pipeline_bronze_hourly' retrieved from /opt/airflow/dags/spark_interval_ingestion.py
[2026-05-23T09:09:05.758+0000] {logging_mixin.py:190} INFO - [2026-05-23T09:09:05.758+0000] {dag.py:3239} INFO - Sync 1 DAGs
[2026-05-23T09:09:05.773+0000] {logging_mixin.py:190} INFO - [2026-05-23T09:09:05.773+0000] {dag.py:4180} INFO - Setting next_dagrun for fraud_pipeline_bronze_hourly to 2026-05-23 09:00:00+00:00, run_after=2026-05-23 09:05:00+00:00
[2026-05-23T09:09:05.780+0000] {processor.py:208} INFO - Processing /opt/airflow/dags/spark_interval_ingestion.py took 0.063 seconds
[2026-05-23T09:09:35.909+0000] {processor.py:186} INFO - Started process (PID=1429) to work on /opt/airflow/dags/spark_interval_ingestion.py
[2026-05-23T09:09:35.910+0000] {processor.py:914} INFO - Processing file /opt/airflow/dags/spark_interval_ingestion.py for tasks to queue
[2026-05-23T09:09:35.912+0000] {logging_mixin.py:190} INFO - [2026-05-23T09:09:35.911+0000] {dagbag.py:588} INFO - Filling up the DagBag from /opt/airflow/dags/spark_interval_ingestion.py
[2026-05-23T09:09:35.922+0000] {processor.py:925} INFO - DAG(s) 'fraud_pipeline_bronze_hourly' retrieved from /opt/airflow/dags/spark_interval_ingestion.py
[2026-05-23T09:09:35.941+0000] {logging_mixin.py:190} INFO - [2026-05-23T09:09:35.941+0000] {dag.py:3239} INFO - Sync 1 DAGs
[2026-05-23T09:09:35.951+0000] {logging_mixin.py:190} INFO - [2026-05-23T09:09:35.951+0000] {dag.py:4180} INFO - Setting next_dagrun for fraud_pipeline_bronze_hourly to 2026-05-23 09:00:00+00:00, run_after=2026-05-23 09:05:00+00:00
[2026-05-23T09:09:35.958+0000] {processor.py:208} INFO - Processing /opt/airflow/dags/spark_interval_ingestion.py took 0.055 seconds
[2026-05-23T09:10:06.181+0000] {processor.py:186} INFO - Started process (PID=1434) to work on /opt/airflow/dags/spark_interval_ingestion.py
[2026-05-23T09:10:06.181+0000] {processor.py:914} INFO - Processing file /opt/airflow/dags/spark_interval_ingestion.py for tasks to queue
[2026-05-23T09:10:06.182+0000] {logging_mixin.py:190} INFO - [2026-05-23T09:10:06.182+0000] {dagbag.py:588} INFO - Filling up the DagBag from /opt/airflow/dags/spark_interval_ingestion.py
[2026-05-23T09:10:06.191+0000] {processor.py:925} INFO - DAG(s) 'fraud_pipeline_bronze_hourly' retrieved from /opt/airflow/dags/spark_interval_ingestion.py
[2026-05-23T09:10:06.209+0000] {logging_mixin.py:190} INFO - [2026-05-23T09:10:06.209+0000] {dag.py:3239} INFO - Sync 1 DAGs
[2026-05-23T09:10:06.220+0000] {logging_mixin.py:190} INFO - [2026-05-23T09:10:06.220+0000] {dag.py:4180} INFO - Setting next_dagrun for fraud_pipeline_bronze_hourly to 2026-05-23 09:05:00+00:00, run_after=2026-05-23 09:10:00+00:00
[2026-05-23T09:10:06.226+0000] {processor.py:208} INFO - Processing /opt/airflow/dags/spark_interval_ingestion.py took 0.051 seconds
[2026-05-23T09:10:36.399+0000] {processor.py:186} INFO - Started process (PID=1439) to work on /opt/airflow/dags/spark_interval_ingestion.py
[2026-05-23T09:10:36.400+0000] {processor.py:914} INFO - Processing file /opt/airflow/dags/spark_interval_ingestion.py for tasks to queue
[2026-05-23T09:10:36.401+0000] {logging_mixin.py:190} INFO - [2026-05-23T09:10:36.400+0000] {dagbag.py:588} INFO - Filling up the DagBag from /opt/airflow/dags/spark_interval_ingestion.py
[2026-05-23T09:10:36.411+0000] {processor.py:925} INFO - DAG(s) 'fraud_pipeline_bronze_hourly' retrieved from /opt/airflow/dags/spark_interval_ingestion.py
[2026-05-23T09:10:36.429+0000] {logging_mixin.py:190} INFO - [2026-05-23T09:10:36.429+0000] {dag.py:3239} INFO - Sync 1 DAGs
[2026-05-23T09:10:36.439+0000] {logging_mixin.py:190} INFO - [2026-05-23T09:10:36.439+0000] {dag.py:4180} INFO - Setting next_dagrun for fraud_pipeline_bronze_hourly to 2026-05-23 09:05:00+00:00, run_after=2026-05-23 09:10:00+00:00
[2026-05-23T09:10:36.445+0000] {processor.py:208} INFO - Processing /opt/airflow/dags/spark_interval_ingestion.py took 0.050 seconds
[2026-05-23T09:11:06.614+0000] {processor.py:186} INFO - Started process (PID=1444) to work on /opt/airflow/dags/spark_interval_ingestion.py
[2026-05-23T09:11:06.615+0000] {processor.py:914} INFO - Processing file /opt/airflow/dags/spark_interval_ingestion.py for tasks to queue
[2026-05-23T09:11:06.616+0000] {logging_mixin.py:190} INFO - [2026-05-23T09:11:06.615+0000] {dagbag.py:588} INFO - Filling up the DagBag from /opt/airflow/dags/spark_interval_ingestion.py
[2026-05-23T09:11:06.626+0000] {processor.py:925} INFO - DAG(s) 'fraud_pipeline_bronze_hourly' retrieved from /opt/airflow/dags/spark_interval_ingestion.py
[2026-05-23T09:11:06.644+0000] {logging_mixin.py:190} INFO - [2026-05-23T09:11:06.644+0000] {dag.py:3239} INFO - Sync 1 DAGs
[2026-05-23T09:11:06.654+0000] {logging_mixin.py:190} INFO - [2026-05-23T09:11:06.654+0000] {dag.py:4180} INFO - Setting next_dagrun for fraud_pipeline_bronze_hourly to 2026-05-23 09:05:00+00:00, run_after=2026-05-23 09:10:00+00:00
[2026-05-23T09:11:06.660+0000] {processor.py:208} INFO - Processing /opt/airflow/dags/spark_interval_ingestion.py took 0.051 seconds
[2026-05-23T09:11:36.814+0000] {processor.py:186} INFO - Started process (PID=1449) to work on /opt/airflow/dags/spark_interval_ingestion.py
[2026-05-23T09:11:36.816+0000] {processor.py:914} INFO - Processing file /opt/airflow/dags/spark_interval_ingestion.py for tasks to queue
[2026-05-23T09:11:36.819+0000] {logging_mixin.py:190} INFO - [2026-05-23T09:11:36.818+0000] {dagbag.py:588} INFO - Filling up the DagBag from /opt/airflow/dags/spark_interval_ingestion.py
[2026-05-23T09:11:36.824+0000] {processor.py:925} INFO - DAG(s) 'fraud_pipeline_bronze_hourly' retrieved from /opt/airflow/dags/spark_interval_ingestion.py
[2026-05-23T09:11:36.833+0000] {logging_mixin.py:190} INFO - [2026-05-23T09:11:36.833+0000] {dag.py:3239} INFO - Sync 1 DAGs
[2026-05-23T09:11:36.840+0000] {logging_mixin.py:190} INFO - [2026-05-23T09:11:36.840+0000] {dag.py:4180} INFO - Setting next_dagrun for fraud_pipeline_bronze_hourly to 2026-05-23 09:05:00+00:00, run_after=2026-05-23 09:10:00+00:00
[2026-05-23T09:11:36.845+0000] {processor.py:208} INFO - Processing /opt/airflow/dags/spark_interval_ingestion.py took 0.034 seconds
[2026-05-23T09:12:07.042+0000] {processor.py:186} INFO - Started process (PID=1454) to work on /opt/airflow/dags/spark_interval_ingestion.py
[2026-05-23T09:12:07.043+0000] {processor.py:914} INFO - Processing file /opt/airflow/dags/spark_interval_ingestion.py for tasks to queue
[2026-05-23T09:12:07.044+0000] {logging_mixin.py:190} INFO - [2026-05-23T09:12:07.044+0000] {dagbag.py:588} INFO - Filling up the DagBag from /opt/airflow/dags/spark_interval_ingestion.py
[2026-05-23T09:12:07.054+0000] {processor.py:925} INFO - DAG(s) 'fraud_pipeline_bronze_hourly' retrieved from /opt/airflow/dags/spark_interval_ingestion.py
[2026-05-23T09:12:07.071+0000] {logging_mixin.py:190} INFO - [2026-05-23T09:12:07.070+0000] {dag.py:3239} INFO - Sync 1 DAGs
[2026-05-23T09:12:07.081+0000] {logging_mixin.py:190} INFO - [2026-05-23T09:12:07.081+0000] {dag.py:4180} INFO - Setting next_dagrun for fraud_pipeline_bronze_hourly to 2026-05-23 09:05:00+00:00, run_after=2026-05-23 09:10:00+00:00
[2026-05-23T09:12:07.086+0000] {processor.py:208} INFO - Processing /opt/airflow/dags/spark_interval_ingestion.py took 0.049 seconds
[2026-05-23T09:12:37.266+0000] {processor.py:186} INFO - Started process (PID=1459) to work on /opt/airflow/dags/spark_interval_ingestion.py
[2026-05-23T09:12:37.267+0000] {processor.py:914} INFO - Processing file /opt/airflow/dags/spark_interval_ingestion.py for tasks to queue
[2026-05-23T09:12:37.268+0000] {logging_mixin.py:190} INFO - [2026-05-23T09:12:37.268+0000] {dagbag.py:588} INFO - Filling up the DagBag from /opt/airflow/dags/spark_interval_ingestion.py
[2026-05-23T09:12:37.279+0000] {processor.py:925} INFO - DAG(s) 'fraud_pipeline_bronze_hourly' retrieved from /opt/airflow/dags/spark_interval_ingestion.py
[2026-05-23T09:12:37.297+0000] {logging_mixin.py:190} INFO - [2026-05-23T09:12:37.297+0000] {dag.py:3239} INFO - Sync 1 DAGs
[2026-05-23T09:12:37.309+0000] {logging_mixin.py:190} INFO - [2026-05-23T09:12:37.309+0000] {dag.py:4180} INFO - Setting next_dagrun for fraud_pipeline_bronze_hourly to 2026-05-23 09:05:00+00:00, run_after=2026-05-23 09:10:00+00:00
[2026-05-23T09:12:37.315+0000] {processor.py:208} INFO - Processing /opt/airflow/dags/spark_interval_ingestion.py took 0.053 seconds
[2026-05-23T09:13:07.486+0000] {processor.py:186} INFO - Started process (PID=1464) to work on /opt/airflow/dags/spark_interval_ingestion.py
[2026-05-23T09:13:07.487+0000] {processor.py:914} INFO - Processing file /opt/airflow/dags/spark_interval_ingestion.py for tasks to queue
[2026-05-23T09:13:07.488+0000] {logging_mixin.py:190} INFO - [2026-05-23T09:13:07.487+0000] {dagbag.py:588} INFO - Filling up the DagBag from /opt/airflow/dags/spark_interval_ingestion.py
[2026-05-23T09:13:07.498+0000] {processor.py:925} INFO - DAG(s) 'fraud_pipeline_bronze_hourly' retrieved from /opt/airflow/dags/spark_interval_ingestion.py
[2026-05-23T09:13:07.516+0000] {logging_mixin.py:190} INFO - [2026-05-23T09:13:07.516+0000] {dag.py:3239} INFO - Sync 1 DAGs
[2026-05-23T09:13:07.527+0000] {logging_mixin.py:190} INFO - [2026-05-23T09:13:07.527+0000] {dag.py:4180} INFO - Setting next_dagrun for fraud_pipeline_bronze_hourly to 2026-05-23 09:05:00+00:00, run_after=2026-05-23 09:10:00+00:00
[2026-05-23T09:13:07.533+0000] {processor.py:208} INFO - Processing /opt/airflow/dags/spark_interval_ingestion.py took 0.052 seconds
[2026-05-23T09:13:37.711+0000] {processor.py:186} INFO - Started process (PID=1469) to work on /opt/airflow/dags/spark_interval_ingestion.py
[2026-05-23T09:13:37.712+0000] {processor.py:914} INFO - Processing file /opt/airflow/dags/spark_interval_ingestion.py for tasks to queue
[2026-05-23T09:13:37.713+0000] {logging_mixin.py:190} INFO - [2026-05-23T09:13:37.713+0000] {dagbag.py:588} INFO - Filling up the DagBag from /opt/airflow/dags/spark_interval_ingestion.py
[2026-05-23T09:13:37.722+0000] {processor.py:925} INFO - DAG(s) 'fraud_pipeline_bronze_hourly' retrieved from /opt/airflow/dags/spark_interval_ingestion.py
[2026-05-23T09:13:37.740+0000] {logging_mixin.py:190} INFO - [2026-05-23T09:13:37.740+0000] {dag.py:3239} INFO - Sync 1 DAGs
[2026-05-23T09:13:37.752+0000] {logging_mixin.py:190} INFO - [2026-05-23T09:13:37.752+0000] {dag.py:4180} INFO - Setting next_dagrun for fraud_pipeline_bronze_hourly to 2026-05-23 09:05:00+00:00, run_after=2026-05-23 09:10:00+00:00
[2026-05-23T09:13:37.758+0000] {processor.py:208} INFO - Processing /opt/airflow/dags/spark_interval_ingestion.py took 0.052 seconds
[2026-05-23T09:14:07.917+0000] {processor.py:186} INFO - Started process (PID=1474) to work on /opt/airflow/dags/spark_interval_ingestion.py
[2026-05-23T09:14:07.918+0000] {processor.py:914} INFO - Processing file /opt/airflow/dags/spark_interval_ingestion.py for tasks to queue
[2026-05-23T09:14:07.919+0000] {logging_mixin.py:190} INFO - [2026-05-23T09:14:07.918+0000] {dagbag.py:588} INFO - Filling up the DagBag from /opt/airflow/dags/spark_interval_ingestion.py
[2026-05-23T09:14:07.931+0000] {processor.py:925} INFO - DAG(s) 'fraud_pipeline_bronze_hourly' retrieved from /opt/airflow/dags/spark_interval_ingestion.py
[2026-05-23T09:14:07.950+0000] {logging_mixin.py:190} INFO - [2026-05-23T09:14:07.950+0000] {dag.py:3239} INFO - Sync 1 DAGs
[2026-05-23T09:14:07.960+0000] {logging_mixin.py:190} INFO - [2026-05-23T09:14:07.960+0000] {dag.py:4180} INFO - Setting next_dagrun for fraud_pipeline_bronze_hourly to 2026-05-23 09:05:00+00:00, run_after=2026-05-23 09:10:00+00:00
[2026-05-23T09:14:07.967+0000] {processor.py:208} INFO - Processing /opt/airflow/dags/spark_interval_ingestion.py took 0.056 seconds
[2026-05-23T09:14:38.124+0000] {processor.py:186} INFO - Started process (PID=1479) to work on /opt/airflow/dags/spark_interval_ingestion.py
[2026-05-23T09:14:38.125+0000] {processor.py:914} INFO - Processing file /opt/airflow/dags/spark_interval_ingestion.py for tasks to queue
[2026-05-23T09:14:38.125+0000] {logging_mixin.py:190} INFO - [2026-05-23T09:14:38.125+0000] {dagbag.py:588} INFO - Filling up the DagBag from /opt/airflow/dags/spark_interval_ingestion.py
[2026-05-23T09:14:38.135+0000] {processor.py:925} INFO - DAG(s) 'fraud_pipeline_bronze_hourly' retrieved from /opt/airflow/dags/spark_interval_ingestion.py
[2026-05-23T09:14:38.153+0000] {logging_mixin.py:190} INFO - [2026-05-23T09:14:38.153+0000] {dag.py:3239} INFO - Sync 1 DAGs
[2026-05-23T09:14:38.163+0000] {logging_mixin.py:190} INFO - [2026-05-23T09:14:38.163+0000] {dag.py:4180} INFO - Setting next_dagrun for fraud_pipeline_bronze_hourly to 2026-05-23 09:05:00+00:00, run_after=2026-05-23 09:10:00+00:00
[2026-05-23T09:14:38.168+0000] {processor.py:208} INFO - Processing /opt/airflow/dags/spark_interval_ingestion.py took 0.050 seconds
[2026-05-23T09:15:08.357+0000] {processor.py:186} INFO - Started process (PID=1484) to work on /opt/airflow/dags/spark_interval_ingestion.py
[2026-05-23T09:15:08.357+0000] {processor.py:914} INFO - Processing file /opt/airflow/dags/spark_interval_ingestion.py for tasks to queue
[2026-05-23T09:15:08.358+0000] {logging_mixin.py:190} INFO - [2026-05-23T09:15:08.358+0000] {dagbag.py:588} INFO - Filling up the DagBag from /opt/airflow/dags/spark_interval_ingestion.py
[2026-05-23T09:15:08.368+0000] {processor.py:925} INFO - DAG(s) 'fraud_pipeline_bronze_hourly' retrieved from /opt/airflow/dags/spark_interval_ingestion.py
[2026-05-23T09:15:08.385+0000] {logging_mixin.py:190} INFO - [2026-05-23T09:15:08.384+0000] {dag.py:3239} INFO - Sync 1 DAGs
[2026-05-23T09:15:08.397+0000] {logging_mixin.py:190} INFO - [2026-05-23T09:15:08.397+0000] {dag.py:4180} INFO - Setting next_dagrun for fraud_pipeline_bronze_hourly to 2026-05-23 09:10:00+00:00, run_after=2026-05-23 09:15:00+00:00
[2026-05-23T09:15:08.403+0000] {processor.py:208} INFO - Processing /opt/airflow/dags/spark_interval_ingestion.py took 0.052 seconds
[2026-05-23T09:15:38.584+0000] {processor.py:186} INFO - Started process (PID=1489) to work on /opt/airflow/dags/spark_interval_ingestion.py
[2026-05-23T09:15:38.585+0000] {processor.py:914} INFO - Processing file /opt/airflow/dags/spark_interval_ingestion.py for tasks to queue
[2026-05-23T09:15:38.586+0000] {logging_mixin.py:190} INFO - [2026-05-23T09:15:38.586+0000] {dagbag.py:588} INFO - Filling up the DagBag from /opt/airflow/dags/spark_interval_ingestion.py
[2026-05-23T09:15:38.596+0000] {processor.py:925} INFO - DAG(s) 'fraud_pipeline_bronze_hourly' retrieved from /opt/airflow/dags/spark_interval_ingestion.py
[2026-05-23T09:15:38.614+0000] {logging_mixin.py:190} INFO - [2026-05-23T09:15:38.614+0000] {dag.py:3239} INFO - Sync 1 DAGs
[2026-05-23T09:15:38.624+0000] {logging_mixin.py:190} INFO - [2026-05-23T09:15:38.623+0000] {dag.py:4180} INFO - Setting next_dagrun for fraud_pipeline_bronze_hourly to 2026-05-23 09:10:00+00:00, run_after=2026-05-23 09:15:00+00:00
[2026-05-23T09:15:38.630+0000] {processor.py:208} INFO - Processing /opt/airflow/dags/spark_interval_ingestion.py took 0.052 seconds
[2026-05-23T09:16:08.800+0000] {processor.py:186} INFO - Started process (PID=1494) to work on /opt/airflow/dags/spark_interval_ingestion.py
[2026-05-23T09:16:08.800+0000] {processor.py:914} INFO - Processing file /opt/airflow/dags/spark_interval_ingestion.py for tasks to queue
[2026-05-23T09:16:08.801+0000] {logging_mixin.py:190} INFO - [2026-05-23T09:16:08.801+0000] {dagbag.py:588} INFO - Filling up the DagBag from /opt/airflow/dags/spark_interval_ingestion.py
[2026-05-23T09:16:08.810+0000] {processor.py:925} INFO - DAG(s) 'fraud_pipeline_bronze_hourly' retrieved from /opt/airflow/dags/spark_interval_ingestion.py
[2026-05-23T09:16:08.826+0000] {logging_mixin.py:190} INFO - [2026-05-23T09:16:08.826+0000] {dag.py:3239} INFO - Sync 1 DAGs
[2026-05-23T09:16:08.837+0000] {logging_mixin.py:190} INFO - [2026-05-23T09:16:08.837+0000] {dag.py:4180} INFO - Setting next_dagrun for fraud_pipeline_bronze_hourly to 2026-05-23 09:10:00+00:00, run_after=2026-05-23 09:15:00+00:00
[2026-05-23T09:16:08.843+0000] {processor.py:208} INFO - Processing /opt/airflow/dags/spark_interval_ingestion.py took 0.048 seconds
[2026-05-23T09:16:39.003+0000] {processor.py:186} INFO - Started process (PID=1499) to work on /opt/airflow/dags/spark_interval_ingestion.py
[2026-05-23T09:16:39.004+0000] {processor.py:914} INFO - Processing file /opt/airflow/dags/spark_interval_ingestion.py for tasks to queue
[2026-05-23T09:16:39.005+0000] {logging_mixin.py:190} INFO - [2026-05-23T09:16:39.004+0000] {dagbag.py:588} INFO - Filling up the DagBag from /opt/airflow/dags/spark_interval_ingestion.py
[2026-05-23T09:16:39.014+0000] {processor.py:925} INFO - DAG(s) 'fraud_pipeline_bronze_hourly' retrieved from /opt/airflow/dags/spark_interval_ingestion.py
[2026-05-23T09:16:39.032+0000] {logging_mixin.py:190} INFO - [2026-05-23T09:16:39.032+0000] {dag.py:3239} INFO - Sync 1 DAGs
[2026-05-23T09:16:39.044+0000] {logging_mixin.py:190} INFO - [2026-05-23T09:16:39.044+0000] {dag.py:4180} INFO - Setting next_dagrun for fraud_pipeline_bronze_hourly to 2026-05-23 09:10:00+00:00, run_after=2026-05-23 09:15:00+00:00
[2026-05-23T09:16:39.050+0000] {processor.py:208} INFO - Processing /opt/airflow/dags/spark_interval_ingestion.py took 0.052 seconds
[2026-05-23T09:17:09.234+0000] {processor.py:186} INFO - Started process (PID=1504) to work on /opt/airflow/dags/spark_interval_ingestion.py
[2026-05-23T09:17:09.234+0000] {processor.py:914} INFO - Processing file /opt/airflow/dags/spark_interval_ingestion.py for tasks to queue
[2026-05-23T09:17:09.235+0000] {logging_mixin.py:190} INFO - [2026-05-23T09:17:09.235+0000] {dagbag.py:588} INFO - Filling up the DagBag from /opt/airflow/dags/spark_interval_ingestion.py
[2026-05-23T09:17:09.245+0000] {processor.py:925} INFO - DAG(s) 'fraud_pipeline_bronze_hourly' retrieved from /opt/airflow/dags/spark_interval_ingestion.py
[2026-05-23T09:17:09.263+0000] {logging_mixin.py:190} INFO - [2026-05-23T09:17:09.263+0000] {dag.py:3239} INFO - Sync 1 DAGs
[2026-05-23T09:17:09.275+0000] {logging_mixin.py:190} INFO - [2026-05-23T09:17:09.275+0000] {dag.py:4180} INFO - Setting next_dagrun for fraud_pipeline_bronze_hourly to 2026-05-23 09:10:00+00:00, run_after=2026-05-23 09:15:00+00:00
[2026-05-23T09:17:09.281+0000] {processor.py:208} INFO - Processing /opt/airflow/dags/spark_interval_ingestion.py took 0.052 seconds
[2026-05-23T09:17:39.433+0000] {processor.py:186} INFO - Started process (PID=1509) to work on /opt/airflow/dags/spark_interval_ingestion.py
[2026-05-23T09:17:39.435+0000] {processor.py:914} INFO - Processing file /opt/airflow/dags/spark_interval_ingestion.py for tasks to queue
[2026-05-23T09:17:39.437+0000] {logging_mixin.py:190} INFO - [2026-05-23T09:17:39.436+0000] {dagbag.py:588} INFO - Filling up the DagBag from /opt/airflow/dags/spark_interval_ingestion.py
[2026-05-23T09:17:39.445+0000] {processor.py:925} INFO - DAG(s) 'fraud_pipeline_bronze_hourly' retrieved from /opt/airflow/dags/spark_interval_ingestion.py
[2026-05-23T09:17:39.458+0000] {logging_mixin.py:190} INFO - [2026-05-23T09:17:39.458+0000] {dag.py:3239} INFO - Sync 1 DAGs
[2026-05-23T09:17:39.466+0000] {logging_mixin.py:190} INFO - [2026-05-23T09:17:39.466+0000] {dag.py:4180} INFO - Setting next_dagrun for fraud_pipeline_bronze_hourly to 2026-05-23 09:10:00+00:00, run_after=2026-05-23 09:15:00+00:00
[2026-05-23T09:17:39.471+0000] {processor.py:208} INFO - Processing /opt/airflow/dags/spark_interval_ingestion.py took 0.041 seconds
[2026-05-23T09:18:09.649+0000] {processor.py:186} INFO - Started process (PID=1514) to work on /opt/airflow/dags/spark_interval_ingestion.py
[2026-05-23T09:18:09.650+0000] {processor.py:914} INFO - Processing file /opt/airflow/dags/spark_interval_ingestion.py for tasks to queue
[2026-05-23T09:18:09.651+0000] {logging_mixin.py:190} INFO - [2026-05-23T09:18:09.651+0000] {dagbag.py:588} INFO - Filling up the DagBag from /opt/airflow/dags/spark_interval_ingestion.py
[2026-05-23T09:18:09.661+0000] {processor.py:925} INFO - DAG(s) 'fraud_pipeline_bronze_hourly' retrieved from /opt/airflow/dags/spark_interval_ingestion.py
[2026-05-23T09:18:09.679+0000] {logging_mixin.py:190} INFO - [2026-05-23T09:18:09.679+0000] {dag.py:3239} INFO - Sync 1 DAGs
[2026-05-23T09:18:09.688+0000] {logging_mixin.py:190} INFO - [2026-05-23T09:18:09.688+0000] {dag.py:4180} INFO - Setting next_dagrun for fraud_pipeline_bronze_hourly to 2026-05-23 09:10:00+00:00, run_after=2026-05-23 09:15:00+00:00
[2026-05-23T09:18:09.694+0000] {processor.py:208} INFO - Processing /opt/airflow/dags/spark_interval_ingestion.py took 0.050 seconds
[2026-05-23T09:18:39.906+0000] {processor.py:186} INFO - Started process (PID=1519) to work on /opt/airflow/dags/spark_interval_ingestion.py
[2026-05-23T09:18:39.907+0000] {processor.py:914} INFO - Processing file /opt/airflow/dags/spark_interval_ingestion.py for tasks to queue
[2026-05-23T09:18:39.908+0000] {logging_mixin.py:190} INFO - [2026-05-23T09:18:39.908+0000] {dagbag.py:588} INFO - Filling up the DagBag from /opt/airflow/dags/spark_interval_ingestion.py
[2026-05-23T09:18:39.921+0000] {processor.py:925} INFO - DAG(s) 'fraud_pipeline_bronze_hourly' retrieved from /opt/airflow/dags/spark_interval_ingestion.py
[2026-05-23T09:18:39.940+0000] {logging_mixin.py:190} INFO - [2026-05-23T09:18:39.940+0000] {dag.py:3239} INFO - Sync 1 DAGs
[2026-05-23T09:18:39.951+0000] {logging_mixin.py:190} INFO - [2026-05-23T09:18:39.951+0000] {dag.py:4180} INFO - Setting next_dagrun for fraud_pipeline_bronze_hourly to 2026-05-23 09:10:00+00:00, run_after=2026-05-23 09:15:00+00:00
[2026-05-23T09:18:39.957+0000] {processor.py:208} INFO - Processing /opt/airflow/dags/spark_interval_ingestion.py took 0.057 seconds
[2026-05-23T09:19:10.096+0000] {processor.py:186} INFO - Started process (PID=1524) to work on /opt/airflow/dags/spark_interval_ingestion.py
[2026-05-23T09:19:10.097+0000] {processor.py:914} INFO - Processing file /opt/airflow/dags/spark_interval_ingestion.py for tasks to queue
[2026-05-23T09:19:10.098+0000] {logging_mixin.py:190} INFO - [2026-05-23T09:19:10.098+0000] {dagbag.py:588} INFO - Filling up the DagBag from /opt/airflow/dags/spark_interval_ingestion.py
[2026-05-23T09:19:10.108+0000] {processor.py:925} INFO - DAG(s) 'fraud_pipeline_bronze_hourly' retrieved from /opt/airflow/dags/spark_interval_ingestion.py
[2026-05-23T09:19:10.126+0000] {logging_mixin.py:190} INFO - [2026-05-23T09:19:10.125+0000] {dag.py:3239} INFO - Sync 1 DAGs
[2026-05-23T09:19:10.140+0000] {logging_mixin.py:190} INFO - [2026-05-23T09:19:10.140+0000] {dag.py:4180} INFO - Setting next_dagrun for fraud_pipeline_bronze_hourly to 2026-05-23 09:10:00+00:00, run_after=2026-05-23 09:15:00+00:00
[2026-05-23T09:19:10.147+0000] {processor.py:208} INFO - Processing /opt/airflow/dags/spark_interval_ingestion.py took 0.058 seconds
[2026-05-23T09:19:40.307+0000] {processor.py:186} INFO - Started process (PID=1529) to work on /opt/airflow/dags/spark_interval_ingestion.py
[2026-05-23T09:19:40.308+0000] {processor.py:914} INFO - Processing file /opt/airflow/dags/spark_interval_ingestion.py for tasks to queue
[2026-05-23T09:19:40.309+0000] {logging_mixin.py:190} INFO - [2026-05-23T09:19:40.309+0000] {dagbag.py:588} INFO - Filling up the DagBag from /opt/airflow/dags/spark_interval_ingestion.py
[2026-05-23T09:19:40.318+0000] {processor.py:925} INFO - DAG(s) 'fraud_pipeline_bronze_hourly' retrieved from /opt/airflow/dags/spark_interval_ingestion.py
[2026-05-23T09:19:40.337+0000] {logging_mixin.py:190} INFO - [2026-05-23T09:19:40.337+0000] {dag.py:3239} INFO - Sync 1 DAGs
[2026-05-23T09:19:40.346+0000] {logging_mixin.py:190} INFO - [2026-05-23T09:19:40.346+0000] {dag.py:4180} INFO - Setting next_dagrun for fraud_pipeline_bronze_hourly to 2026-05-23 09:10:00+00:00, run_after=2026-05-23 09:15:00+00:00
[2026-05-23T09:19:40.351+0000] {processor.py:208} INFO - Processing /opt/airflow/dags/spark_interval_ingestion.py took 0.050 seconds
[2026-05-23T09:20:10.509+0000] {processor.py:186} INFO - Started process (PID=1534) to work on /opt/airflow/dags/spark_interval_ingestion.py
[2026-05-23T09:20:10.510+0000] {processor.py:914} INFO - Processing file /opt/airflow/dags/spark_interval_ingestion.py for tasks to queue
[2026-05-23T09:20:10.511+0000] {logging_mixin.py:190} INFO - [2026-05-23T09:20:10.511+0000] {dagbag.py:588} INFO - Filling up the DagBag from /opt/airflow/dags/spark_interval_ingestion.py
[2026-05-23T09:20:10.521+0000] {processor.py:925} INFO - DAG(s) 'fraud_pipeline_bronze_hourly' retrieved from /opt/airflow/dags/spark_interval_ingestion.py
[2026-05-23T09:20:10.538+0000] {logging_mixin.py:190} INFO - [2026-05-23T09:20:10.538+0000] {dag.py:3239} INFO - Sync 1 DAGs
[2026-05-23T09:20:10.548+0000] {logging_mixin.py:190} INFO - [2026-05-23T09:20:10.548+0000] {dag.py:4180} INFO - Setting next_dagrun for fraud_pipeline_bronze_hourly to 2026-05-23 09:15:00+00:00, run_after=2026-05-23 09:20:00+00:00
[2026-05-23T09:20:10.556+0000] {processor.py:208} INFO - Processing /opt/airflow/dags/spark_interval_ingestion.py took 0.053 seconds
[2026-05-23T09:20:40.737+0000] {processor.py:186} INFO - Started process (PID=1539) to work on /opt/airflow/dags/spark_interval_ingestion.py
[2026-05-23T09:20:40.737+0000] {processor.py:914} INFO - Processing file /opt/airflow/dags/spark_interval_ingestion.py for tasks to queue
[2026-05-23T09:20:40.739+0000] {logging_mixin.py:190} INFO - [2026-05-23T09:20:40.738+0000] {dagbag.py:588} INFO - Filling up the DagBag from /opt/airflow/dags/spark_interval_ingestion.py
[2026-05-23T09:20:40.752+0000] {processor.py:925} INFO - DAG(s) 'fraud_pipeline_bronze_hourly' retrieved from /opt/airflow/dags/spark_interval_ingestion.py
[2026-05-23T09:20:40.772+0000] {logging_mixin.py:190} INFO - [2026-05-23T09:20:40.771+0000] {dag.py:3239} INFO - Sync 1 DAGs
[2026-05-23T09:20:40.783+0000] {logging_mixin.py:190} INFO - [2026-05-23T09:20:40.783+0000] {dag.py:4180} INFO - Setting next_dagrun for fraud_pipeline_bronze_hourly to 2026-05-23 09:15:00+00:00, run_after=2026-05-23 09:20:00+00:00
[2026-05-23T09:20:40.789+0000] {processor.py:208} INFO - Processing /opt/airflow/dags/spark_interval_ingestion.py took 0.058 seconds
[2026-05-23T09:21:10.946+0000] {processor.py:186} INFO - Started process (PID=1544) to work on /opt/airflow/dags/spark_interval_ingestion.py
[2026-05-23T09:21:10.947+0000] {processor.py:914} INFO - Processing file /opt/airflow/dags/spark_interval_ingestion.py for tasks to queue
[2026-05-23T09:21:10.947+0000] {logging_mixin.py:190} INFO - [2026-05-23T09:21:10.947+0000] {dagbag.py:588} INFO - Filling up the DagBag from /opt/airflow/dags/spark_interval_ingestion.py
[2026-05-23T09:21:10.958+0000] {processor.py:925} INFO - DAG(s) 'fraud_pipeline_bronze_hourly' retrieved from /opt/airflow/dags/spark_interval_ingestion.py
[2026-05-23T09:21:10.974+0000] {logging_mixin.py:190} INFO - [2026-05-23T09:21:10.974+0000] {dag.py:3239} INFO - Sync 1 DAGs
[2026-05-23T09:21:10.983+0000] {logging_mixin.py:190} INFO - [2026-05-23T09:21:10.983+0000] {dag.py:4180} INFO - Setting next_dagrun for fraud_pipeline_bronze_hourly to 2026-05-23 09:15:00+00:00, run_after=2026-05-23 09:20:00+00:00
[2026-05-23T09:21:10.989+0000] {processor.py:208} INFO - Processing /opt/airflow/dags/spark_interval_ingestion.py took 0.047 seconds
[2026-05-23T09:21:41.178+0000] {processor.py:186} INFO - Started process (PID=1549) to work on /opt/airflow/dags/spark_interval_ingestion.py
[2026-05-23T09:21:41.179+0000] {processor.py:914} INFO - Processing file /opt/airflow/dags/spark_interval_ingestion.py for tasks to queue
[2026-05-23T09:21:41.181+0000] {logging_mixin.py:190} INFO - [2026-05-23T09:21:41.181+0000] {dagbag.py:588} INFO - Filling up the DagBag from /opt/airflow/dags/spark_interval_ingestion.py
[2026-05-23T09:21:41.237+0000] {processor.py:925} INFO - DAG(s) 'fraud_pipeline_bronze_hourly' retrieved from /opt/airflow/dags/spark_interval_ingestion.py
[2026-05-23T09:21:41.257+0000] {logging_mixin.py:190} INFO - [2026-05-23T09:21:41.257+0000] {dag.py:3239} INFO - Sync 1 DAGs
[2026-05-23T09:21:41.270+0000] {logging_mixin.py:190} INFO - [2026-05-23T09:21:41.270+0000] {dag.py:4180} INFO - Setting next_dagrun for fraud_pipeline_bronze_hourly to 2026-05-23 09:15:00+00:00, run_after=2026-05-23 09:20:00+00:00
[2026-05-23T09:21:41.277+0000] {processor.py:208} INFO - Processing /opt/airflow/dags/spark_interval_ingestion.py took 0.123 seconds
[2026-05-23T09:22:11.369+0000] {processor.py:186} INFO - Started process (PID=1554) to work on /opt/airflow/dags/spark_interval_ingestion.py
[2026-05-23T09:22:11.369+0000] {processor.py:914} INFO - Processing file /opt/airflow/dags/spark_interval_ingestion.py for tasks to queue
[2026-05-23T09:22:11.370+0000] {logging_mixin.py:190} INFO - [2026-05-23T09:22:11.370+0000] {dagbag.py:588} INFO - Filling up the DagBag from /opt/airflow/dags/spark_interval_ingestion.py
[2026-05-23T09:22:11.377+0000] {processor.py:925} INFO - DAG(s) 'fraud_pipeline_bronze_hourly' retrieved from /opt/airflow/dags/spark_interval_ingestion.py
[2026-05-23T09:22:11.391+0000] {logging_mixin.py:190} INFO - [2026-05-23T09:22:11.391+0000] {dag.py:3239} INFO - Sync 1 DAGs
[2026-05-23T09:22:11.402+0000] {logging_mixin.py:190} INFO - [2026-05-23T09:22:11.402+0000] {dag.py:4180} INFO - Setting next_dagrun for fraud_pipeline_bronze_hourly to 2026-05-23 09:15:00+00:00, run_after=2026-05-23 09:20:00+00:00
[2026-05-23T09:22:11.409+0000] {processor.py:208} INFO - Processing /opt/airflow/dags/spark_interval_ingestion.py took 0.044 seconds
[2026-05-23T09:22:41.581+0000] {processor.py:186} INFO - Started process (PID=1559) to work on /opt/airflow/dags/spark_interval_ingestion.py
[2026-05-23T09:22:41.582+0000] {processor.py:914} INFO - Processing file /opt/airflow/dags/spark_interval_ingestion.py for tasks to queue
[2026-05-23T09:22:41.584+0000] {logging_mixin.py:190} INFO - [2026-05-23T09:22:41.583+0000] {dagbag.py:588} INFO - Filling up the DagBag from /opt/airflow/dags/spark_interval_ingestion.py
[2026-05-23T09:22:41.594+0000] {processor.py:925} INFO - DAG(s) 'fraud_pipeline_bronze_hourly' retrieved from /opt/airflow/dags/spark_interval_ingestion.py
[2026-05-23T09:22:41.608+0000] {logging_mixin.py:190} INFO - [2026-05-23T09:22:41.608+0000] {dag.py:3239} INFO - Sync 1 DAGs
[2026-05-23T09:22:41.616+0000] {logging_mixin.py:190} INFO - [2026-05-23T09:22:41.616+0000] {dag.py:4180} INFO - Setting next_dagrun for fraud_pipeline_bronze_hourly to 2026-05-23 09:15:00+00:00, run_after=2026-05-23 09:20:00+00:00
[2026-05-23T09:22:41.622+0000] {processor.py:208} INFO - Processing /opt/airflow/dags/spark_interval_ingestion.py took 0.047 seconds
[2026-05-23T09:23:11.787+0000] {processor.py:186} INFO - Started process (PID=1564) to work on /opt/airflow/dags/spark_interval_ingestion.py
[2026-05-23T09:23:11.787+0000] {processor.py:914} INFO - Processing file /opt/airflow/dags/spark_interval_ingestion.py for tasks to queue
[2026-05-23T09:23:11.788+0000] {logging_mixin.py:190} INFO - [2026-05-23T09:23:11.788+0000] {dagbag.py:588} INFO - Filling up the DagBag from /opt/airflow/dags/spark_interval_ingestion.py
[2026-05-23T09:23:11.800+0000] {processor.py:925} INFO - DAG(s) 'fraud_pipeline_bronze_hourly' retrieved from /opt/airflow/dags/spark_interval_ingestion.py
[2026-05-23T09:23:11.821+0000] {logging_mixin.py:190} INFO - [2026-05-23T09:23:11.821+0000] {dag.py:3239} INFO - Sync 1 DAGs
[2026-05-23T09:23:11.833+0000] {logging_mixin.py:190} INFO - [2026-05-23T09:23:11.833+0000] {dag.py:4180} INFO - Setting next_dagrun for fraud_pipeline_bronze_hourly to 2026-05-23 09:15:00+00:00, run_after=2026-05-23 09:20:00+00:00
[2026-05-23T09:23:11.840+0000] {processor.py:208} INFO - Processing /opt/airflow/dags/spark_interval_ingestion.py took 0.058 seconds
[2026-05-23T09:23:41.961+0000] {processor.py:186} INFO - Started process (PID=1569) to work on /opt/airflow/dags/spark_interval_ingestion.py
[2026-05-23T09:23:41.961+0000] {processor.py:914} INFO - Processing file /opt/airflow/dags/spark_interval_ingestion.py for tasks to queue
[2026-05-23T09:23:41.962+0000] {logging_mixin.py:190} INFO - [2026-05-23T09:23:41.961+0000] {dagbag.py:588} INFO - Filling up the DagBag from /opt/airflow/dags/spark_interval_ingestion.py
[2026-05-23T09:23:41.966+0000] {processor.py:925} INFO - DAG(s) 'fraud_pipeline_bronze_hourly' retrieved from /opt/airflow/dags/spark_interval_ingestion.py
[2026-05-23T09:23:41.977+0000] {logging_mixin.py:190} INFO - [2026-05-23T09:23:41.977+0000] {dag.py:3239} INFO - Sync 1 DAGs
[2026-05-23T09:23:41.987+0000] {logging_mixin.py:190} INFO - [2026-05-23T09:23:41.987+0000] {dag.py:4180} INFO - Setting next_dagrun for fraud_pipeline_bronze_hourly to 2026-05-23 09:15:00+00:00, run_after=2026-05-23 09:20:00+00:00
[2026-05-23T09:23:41.994+0000] {processor.py:208} INFO - Processing /opt/airflow/dags/spark_interval_ingestion.py took 0.035 seconds
[2026-05-23T09:24:12.177+0000] {processor.py:186} INFO - Started process (PID=1574) to work on /opt/airflow/dags/spark_interval_ingestion.py
[2026-05-23T09:24:12.178+0000] {processor.py:914} INFO - Processing file /opt/airflow/dags/spark_interval_ingestion.py for tasks to queue
[2026-05-23T09:24:12.179+0000] {logging_mixin.py:190} INFO - [2026-05-23T09:24:12.178+0000] {dagbag.py:588} INFO - Filling up the DagBag from /opt/airflow/dags/spark_interval_ingestion.py
[2026-05-23T09:24:12.187+0000] {processor.py:925} INFO - DAG(s) 'fraud_pipeline_bronze_hourly' retrieved from /opt/airflow/dags/spark_interval_ingestion.py
[2026-05-23T09:24:12.204+0000] {logging_mixin.py:190} INFO - [2026-05-23T09:24:12.204+0000] {dag.py:3239} INFO - Sync 1 DAGs
[2026-05-23T09:24:12.217+0000] {logging_mixin.py:190} INFO - [2026-05-23T09:24:12.216+0000] {dag.py:4180} INFO - Setting next_dagrun for fraud_pipeline_bronze_hourly to 2026-05-23 09:15:00+00:00, run_after=2026-05-23 09:20:00+00:00
[2026-05-23T09:24:12.223+0000] {processor.py:208} INFO - Processing /opt/airflow/dags/spark_interval_ingestion.py took 0.051 seconds
[2026-05-23T09:24:42.398+0000] {processor.py:186} INFO - Started process (PID=1579) to work on /opt/airflow/dags/spark_interval_ingestion.py
[2026-05-23T09:24:42.399+0000] {processor.py:914} INFO - Processing file /opt/airflow/dags/spark_interval_ingestion.py for tasks to queue
[2026-05-23T09:24:42.400+0000] {logging_mixin.py:190} INFO - [2026-05-23T09:24:42.399+0000] {dagbag.py:588} INFO - Filling up the DagBag from /opt/airflow/dags/spark_interval_ingestion.py
[2026-05-23T09:24:42.411+0000] {processor.py:925} INFO - DAG(s) 'fraud_pipeline_bronze_hourly' retrieved from /opt/airflow/dags/spark_interval_ingestion.py
[2026-05-23T09:24:42.424+0000] {logging_mixin.py:190} INFO - [2026-05-23T09:24:42.424+0000] {dag.py:3239} INFO - Sync 1 DAGs
[2026-05-23T09:24:42.434+0000] {logging_mixin.py:190} INFO - [2026-05-23T09:24:42.434+0000] {dag.py:4180} INFO - Setting next_dagrun for fraud_pipeline_bronze_hourly to 2026-05-23 09:15:00+00:00, run_after=2026-05-23 09:20:00+00:00
[2026-05-23T09:24:42.439+0000] {processor.py:208} INFO - Processing /opt/airflow/dags/spark_interval_ingestion.py took 0.048 seconds
[2026-05-23T09:25:12.617+0000] {processor.py:186} INFO - Started process (PID=1584) to work on /opt/airflow/dags/spark_interval_ingestion.py
[2026-05-23T09:25:12.618+0000] {processor.py:914} INFO - Processing file /opt/airflow/dags/spark_interval_ingestion.py for tasks to queue
[2026-05-23T09:25:12.619+0000] {logging_mixin.py:190} INFO - [2026-05-23T09:25:12.619+0000] {dagbag.py:588} INFO - Filling up the DagBag from /opt/airflow/dags/spark_interval_ingestion.py
[2026-05-23T09:25:12.633+0000] {processor.py:925} INFO - DAG(s) 'fraud_pipeline_bronze_hourly' retrieved from /opt/airflow/dags/spark_interval_ingestion.py
[2026-05-23T09:25:12.657+0000] {logging_mixin.py:190} INFO - [2026-05-23T09:25:12.657+0000] {dag.py:3239} INFO - Sync 1 DAGs
[2026-05-23T09:25:12.670+0000] {logging_mixin.py:190} INFO - [2026-05-23T09:25:12.670+0000] {dag.py:4180} INFO - Setting next_dagrun for fraud_pipeline_bronze_hourly to 2026-05-23 09:20:00+00:00, run_after=2026-05-23 09:25:00+00:00
[2026-05-23T09:25:12.677+0000] {processor.py:208} INFO - Processing /opt/airflow/dags/spark_interval_ingestion.py took 0.064 seconds
[2026-05-23T09:25:42.820+0000] {processor.py:186} INFO - Started process (PID=1589) to work on /opt/airflow/dags/spark_interval_ingestion.py
[2026-05-23T09:25:42.821+0000] {processor.py:914} INFO - Processing file /opt/airflow/dags/spark_interval_ingestion.py for tasks to queue
[2026-05-23T09:25:42.822+0000] {logging_mixin.py:190} INFO - [2026-05-23T09:25:42.821+0000] {dagbag.py:588} INFO - Filling up the DagBag from /opt/airflow/dags/spark_interval_ingestion.py
[2026-05-23T09:25:42.831+0000] {processor.py:925} INFO - DAG(s) 'fraud_pipeline_bronze_hourly' retrieved from /opt/airflow/dags/spark_interval_ingestion.py
[2026-05-23T09:25:42.852+0000] {logging_mixin.py:190} INFO - [2026-05-23T09:25:42.851+0000] {dag.py:3239} INFO - Sync 1 DAGs
[2026-05-23T09:25:42.862+0000] {logging_mixin.py:190} INFO - [2026-05-23T09:25:42.862+0000] {dag.py:4180} INFO - Setting next_dagrun for fraud_pipeline_bronze_hourly to 2026-05-23 09:20:00+00:00, run_after=2026-05-23 09:25:00+00:00
[2026-05-23T09:25:42.868+0000] {processor.py:208} INFO - Processing /opt/airflow/dags/spark_interval_ingestion.py took 0.052 seconds
[2026-05-23T09:26:13.051+0000] {processor.py:186} INFO - Started process (PID=1594) to work on /opt/airflow/dags/spark_interval_ingestion.py
[2026-05-23T09:26:13.052+0000] {processor.py:914} INFO - Processing file /opt/airflow/dags/spark_interval_ingestion.py for tasks to queue
[2026-05-23T09:26:13.052+0000] {logging_mixin.py:190} INFO - [2026-05-23T09:26:13.052+0000] {dagbag.py:588} INFO - Filling up the DagBag from /opt/airflow/dags/spark_interval_ingestion.py
[2026-05-23T09:26:13.059+0000] {processor.py:925} INFO - DAG(s) 'fraud_pipeline_bronze_hourly' retrieved from /opt/airflow/dags/spark_interval_ingestion.py
[2026-05-23T09:26:13.074+0000] {logging_mixin.py:190} INFO - [2026-05-23T09:26:13.074+0000] {dag.py:3239} INFO - Sync 1 DAGs
[2026-05-23T09:26:13.084+0000] {logging_mixin.py:190} INFO - [2026-05-23T09:26:13.084+0000] {dag.py:4180} INFO - Setting next_dagrun for fraud_pipeline_bronze_hourly to 2026-05-23 09:20:00+00:00, run_after=2026-05-23 09:25:00+00:00
[2026-05-23T09:26:13.092+0000] {processor.py:208} INFO - Processing /opt/airflow/dags/spark_interval_ingestion.py took 0.044 seconds
[2026-05-23T09:26:43.238+0000] {processor.py:186} INFO - Started process (PID=1599) to work on /opt/airflow/dags/spark_interval_ingestion.py
[2026-05-23T09:26:43.238+0000] {processor.py:914} INFO - Processing file /opt/airflow/dags/spark_interval_ingestion.py for tasks to queue
[2026-05-23T09:26:43.240+0000] {logging_mixin.py:190} INFO - [2026-05-23T09:26:43.239+0000] {dagbag.py:588} INFO - Filling up the DagBag from /opt/airflow/dags/spark_interval_ingestion.py
[2026-05-23T09:26:43.250+0000] {processor.py:925} INFO - DAG(s) 'fraud_pipeline_bronze_hourly' retrieved from /opt/airflow/dags/spark_interval_ingestion.py
[2026-05-23T09:26:43.269+0000] {logging_mixin.py:190} INFO - [2026-05-23T09:26:43.269+0000] {dag.py:3239} INFO - Sync 1 DAGs
[2026-05-23T09:26:43.280+0000] {logging_mixin.py:190} INFO - [2026-05-23T09:26:43.280+0000] {dag.py:4180} INFO - Setting next_dagrun for fraud_pipeline_bronze_hourly to 2026-05-23 09:20:00+00:00, run_after=2026-05-23 09:25:00+00:00
[2026-05-23T09:26:43.286+0000] {processor.py:208} INFO - Processing /opt/airflow/dags/spark_interval_ingestion.py took 0.056 seconds
[2026-05-23T09:27:13.469+0000] {processor.py:186} INFO - Started process (PID=1604) to work on /opt/airflow/dags/spark_interval_ingestion.py
[2026-05-23T09:27:13.470+0000] {processor.py:914} INFO - Processing file /opt/airflow/dags/spark_interval_ingestion.py for tasks to queue
[2026-05-23T09:27:13.471+0000] {logging_mixin.py:190} INFO - [2026-05-23T09:27:13.471+0000] {dagbag.py:588} INFO - Filling up the DagBag from /opt/airflow/dags/spark_interval_ingestion.py
[2026-05-23T09:27:13.487+0000] {processor.py:925} INFO - DAG(s) 'fraud_pipeline_bronze_hourly' retrieved from /opt/airflow/dags/spark_interval_ingestion.py
[2026-05-23T09:27:13.506+0000] {logging_mixin.py:190} INFO - [2026-05-23T09:27:13.506+0000] {dag.py:3239} INFO - Sync 1 DAGs
[2026-05-23T09:27:13.525+0000] {logging_mixin.py:190} INFO - [2026-05-23T09:27:13.525+0000] {dag.py:4180} INFO - Setting next_dagrun for fraud_pipeline_bronze_hourly to 2026-05-23 09:20:00+00:00, run_after=2026-05-23 09:25:00+00:00
[2026-05-23T09:27:13.533+0000] {processor.py:208} INFO - Processing /opt/airflow/dags/spark_interval_ingestion.py took 0.078 seconds
[2026-05-23T09:27:43.669+0000] {processor.py:186} INFO - Started process (PID=1609) to work on /opt/airflow/dags/spark_interval_ingestion.py
[2026-05-23T09:27:43.670+0000] {processor.py:914} INFO - Processing file /opt/airflow/dags/spark_interval_ingestion.py for tasks to queue
[2026-05-23T09:27:43.671+0000] {logging_mixin.py:190} INFO - [2026-05-23T09:27:43.670+0000] {dagbag.py:588} INFO - Filling up the DagBag from /opt/airflow/dags/spark_interval_ingestion.py
[2026-05-23T09:27:43.686+0000] {processor.py:925} INFO - DAG(s) 'fraud_pipeline_bronze_hourly' retrieved from /opt/airflow/dags/spark_interval_ingestion.py
[2026-05-23T09:27:43.717+0000] {logging_mixin.py:190} INFO - [2026-05-23T09:27:43.717+0000] {dag.py:3239} INFO - Sync 1 DAGs
[2026-05-23T09:27:43.728+0000] {logging_mixin.py:190} INFO - [2026-05-23T09:27:43.728+0000] {dag.py:4180} INFO - Setting next_dagrun for fraud_pipeline_bronze_hourly to 2026-05-23 09:20:00+00:00, run_after=2026-05-23 09:25:00+00:00
[2026-05-23T09:27:43.735+0000] {processor.py:208} INFO - Processing /opt/airflow/dags/spark_interval_ingestion.py took 0.072 seconds
[2026-05-23T09:28:13.895+0000] {processor.py:186} INFO - Started process (PID=1614) to work on /opt/airflow/dags/spark_interval_ingestion.py
[2026-05-23T09:28:13.896+0000] {processor.py:914} INFO - Processing file /opt/airflow/dags/spark_interval_ingestion.py for tasks to queue
[2026-05-23T09:28:13.897+0000] {logging_mixin.py:190} INFO - [2026-05-23T09:28:13.897+0000] {dagbag.py:588} INFO - Filling up the DagBag from /opt/airflow/dags/spark_interval_ingestion.py
[2026-05-23T09:28:13.909+0000] {processor.py:925} INFO - DAG(s) 'fraud_pipeline_bronze_hourly' retrieved from /opt/airflow/dags/spark_interval_ingestion.py
[2026-05-23T09:28:13.926+0000] {logging_mixin.py:190} INFO - [2026-05-23T09:28:13.926+0000] {dag.py:3239} INFO - Sync 1 DAGs
[2026-05-23T09:28:13.937+0000] {logging_mixin.py:190} INFO - [2026-05-23T09:28:13.937+0000] {dag.py:4180} INFO - Setting next_dagrun for fraud_pipeline_bronze_hourly to 2026-05-23 09:20:00+00:00, run_after=2026-05-23 09:25:00+00:00
[2026-05-23T09:28:13.943+0000] {processor.py:208} INFO - Processing /opt/airflow/dags/spark_interval_ingestion.py took 0.052 seconds
[2026-05-23T09:28:44.108+0000] {processor.py:186} INFO - Started process (PID=1619) to work on /opt/airflow/dags/spark_interval_ingestion.py
[2026-05-23T09:28:44.108+0000] {processor.py:914} INFO - Processing file /opt/airflow/dags/spark_interval_ingestion.py for tasks to queue
[2026-05-23T09:28:44.109+0000] {logging_mixin.py:190} INFO - [2026-05-23T09:28:44.109+0000] {dagbag.py:588} INFO - Filling up the DagBag from /opt/airflow/dags/spark_interval_ingestion.py
[2026-05-23T09:28:44.120+0000] {processor.py:925} INFO - DAG(s) 'fraud_pipeline_bronze_hourly' retrieved from /opt/airflow/dags/spark_interval_ingestion.py
[2026-05-23T09:28:44.134+0000] {logging_mixin.py:190} INFO - [2026-05-23T09:28:44.134+0000] {dag.py:3239} INFO - Sync 1 DAGs
[2026-05-23T09:28:44.143+0000] {logging_mixin.py:190} INFO - [2026-05-23T09:28:44.143+0000] {dag.py:4180} INFO - Setting next_dagrun for fraud_pipeline_bronze_hourly to 2026-05-23 09:20:00+00:00, run_after=2026-05-23 09:25:00+00:00
[2026-05-23T09:28:44.148+0000] {processor.py:208} INFO - Processing /opt/airflow/dags/spark_interval_ingestion.py took 0.046 seconds
[2026-05-23T09:29:14.281+0000] {processor.py:186} INFO - Started process (PID=1624) to work on /opt/airflow/dags/spark_interval_ingestion.py
[2026-05-23T09:29:14.282+0000] {processor.py:914} INFO - Processing file /opt/airflow/dags/spark_interval_ingestion.py for tasks to queue
[2026-05-23T09:29:14.284+0000] {logging_mixin.py:190} INFO - [2026-05-23T09:29:14.284+0000] {dagbag.py:588} INFO - Filling up the DagBag from /opt/airflow/dags/spark_interval_ingestion.py
[2026-05-23T09:29:14.297+0000] {processor.py:925} INFO - DAG(s) 'fraud_pipeline_bronze_hourly' retrieved from /opt/airflow/dags/spark_interval_ingestion.py
[2026-05-23T09:29:14.320+0000] {logging_mixin.py:190} INFO - [2026-05-23T09:29:14.320+0000] {dag.py:3239} INFO - Sync 1 DAGs
[2026-05-23T09:29:14.331+0000] {logging_mixin.py:190} INFO - [2026-05-23T09:29:14.331+0000] {dag.py:4180} INFO - Setting next_dagrun for fraud_pipeline_bronze_hourly to 2026-05-23 09:20:00+00:00, run_after=2026-05-23 09:25:00+00:00
[2026-05-23T09:29:14.336+0000] {processor.py:208} INFO - Processing /opt/airflow/dags/spark_interval_ingestion.py took 0.060 seconds
[2026-05-23T09:29:44.490+0000] {processor.py:186} INFO - Started process (PID=1629) to work on /opt/airflow/dags/spark_interval_ingestion.py
[2026-05-23T09:29:44.490+0000] {processor.py:914} INFO - Processing file /opt/airflow/dags/spark_interval_ingestion.py for tasks to queue
[2026-05-23T09:29:44.491+0000] {logging_mixin.py:190} INFO - [2026-05-23T09:29:44.491+0000] {dagbag.py:588} INFO - Filling up the DagBag from /opt/airflow/dags/spark_interval_ingestion.py
[2026-05-23T09:29:44.497+0000] {processor.py:925} INFO - DAG(s) 'fraud_pipeline_bronze_hourly' retrieved from /opt/airflow/dags/spark_interval_ingestion.py
[2026-05-23T09:29:44.508+0000] {logging_mixin.py:190} INFO - [2026-05-23T09:29:44.508+0000] {dag.py:3239} INFO - Sync 1 DAGs
[2026-05-23T09:29:44.515+0000] {logging_mixin.py:190} INFO - [2026-05-23T09:29:44.515+0000] {dag.py:4180} INFO - Setting next_dagrun for fraud_pipeline_bronze_hourly to 2026-05-23 09:20:00+00:00, run_after=2026-05-23 09:25:00+00:00
[2026-05-23T09:29:44.520+0000] {processor.py:208} INFO - Processing /opt/airflow/dags/spark_interval_ingestion.py took 0.034 seconds
[2026-05-23T09:30:14.692+0000] {processor.py:186} INFO - Started process (PID=1634) to work on /opt/airflow/dags/spark_interval_ingestion.py
[2026-05-23T09:30:14.692+0000] {processor.py:914} INFO - Processing file /opt/airflow/dags/spark_interval_ingestion.py for tasks to queue
[2026-05-23T09:30:14.693+0000] {logging_mixin.py:190} INFO - [2026-05-23T09:30:14.693+0000] {dagbag.py:588} INFO - Filling up the DagBag from /opt/airflow/dags/spark_interval_ingestion.py
[2026-05-23T09:30:14.703+0000] {processor.py:925} INFO - DAG(s) 'fraud_pipeline_bronze_hourly' retrieved from /opt/airflow/dags/spark_interval_ingestion.py
[2026-05-23T09:30:14.722+0000] {logging_mixin.py:190} INFO - [2026-05-23T09:30:14.722+0000] {dag.py:3239} INFO - Sync 1 DAGs
[2026-05-23T09:30:14.732+0000] {logging_mixin.py:190} INFO - [2026-05-23T09:30:14.732+0000] {dag.py:4180} INFO - Setting next_dagrun for fraud_pipeline_bronze_hourly to 2026-05-23 09:25:00+00:00, run_after=2026-05-23 09:30:00+00:00
[2026-05-23T09:30:14.739+0000] {processor.py:208} INFO - Processing /opt/airflow/dags/spark_interval_ingestion.py took 0.052 seconds
[2026-05-23T09:30:44.885+0000] {processor.py:186} INFO - Started process (PID=1639) to work on /opt/airflow/dags/spark_interval_ingestion.py
[2026-05-23T09:30:44.886+0000] {processor.py:914} INFO - Processing file /opt/airflow/dags/spark_interval_ingestion.py for tasks to queue
[2026-05-23T09:30:44.887+0000] {logging_mixin.py:190} INFO - [2026-05-23T09:30:44.887+0000] {dagbag.py:588} INFO - Filling up the DagBag from /opt/airflow/dags/spark_interval_ingestion.py
[2026-05-23T09:30:44.898+0000] {processor.py:925} INFO - DAG(s) 'fraud_pipeline_bronze_hourly' retrieved from /opt/airflow/dags/spark_interval_ingestion.py
[2026-05-23T09:30:44.917+0000] {logging_mixin.py:190} INFO - [2026-05-23T09:30:44.917+0000] {dag.py:3239} INFO - Sync 1 DAGs
[2026-05-23T09:30:44.928+0000] {logging_mixin.py:190} INFO - [2026-05-23T09:30:44.928+0000] {dag.py:4180} INFO - Setting next_dagrun for fraud_pipeline_bronze_hourly to 2026-05-23 09:25:00+00:00, run_after=2026-05-23 09:30:00+00:00
[2026-05-23T09:30:44.933+0000] {processor.py:208} INFO - Processing /opt/airflow/dags/spark_interval_ingestion.py took 0.052 seconds
[2026-05-23T09:31:15.116+0000] {processor.py:186} INFO - Started process (PID=1644) to work on /opt/airflow/dags/spark_interval_ingestion.py
[2026-05-23T09:31:15.117+0000] {processor.py:914} INFO - Processing file /opt/airflow/dags/spark_interval_ingestion.py for tasks to queue
[2026-05-23T09:31:15.118+0000] {logging_mixin.py:190} INFO - [2026-05-23T09:31:15.118+0000] {dagbag.py:588} INFO - Filling up the DagBag from /opt/airflow/dags/spark_interval_ingestion.py
[2026-05-23T09:31:15.127+0000] {processor.py:925} INFO - DAG(s) 'fraud_pipeline_bronze_hourly' retrieved from /opt/airflow/dags/spark_interval_ingestion.py
[2026-05-23T09:31:15.146+0000] {logging_mixin.py:190} INFO - [2026-05-23T09:31:15.146+0000] {dag.py:3239} INFO - Sync 1 DAGs
[2026-05-23T09:31:15.156+0000] {logging_mixin.py:190} INFO - [2026-05-23T09:31:15.156+0000] {dag.py:4180} INFO - Setting next_dagrun for fraud_pipeline_bronze_hourly to 2026-05-23 09:25:00+00:00, run_after=2026-05-23 09:30:00+00:00
[2026-05-23T09:31:15.162+0000] {processor.py:208} INFO - Processing /opt/airflow/dags/spark_interval_ingestion.py took 0.050 seconds
[2026-05-23T09:31:45.313+0000] {processor.py:186} INFO - Started process (PID=1649) to work on /opt/airflow/dags/spark_interval_ingestion.py
[2026-05-23T09:31:45.314+0000] {processor.py:914} INFO - Processing file /opt/airflow/dags/spark_interval_ingestion.py for tasks to queue
[2026-05-23T09:31:45.315+0000] {logging_mixin.py:190} INFO - [2026-05-23T09:31:45.315+0000] {dagbag.py:588} INFO - Filling up the DagBag from /opt/airflow/dags/spark_interval_ingestion.py
[2026-05-23T09:31:45.324+0000] {processor.py:925} INFO - DAG(s) 'fraud_pipeline_bronze_hourly' retrieved from /opt/airflow/dags/spark_interval_ingestion.py
[2026-05-23T09:31:45.341+0000] {logging_mixin.py:190} INFO - [2026-05-23T09:31:45.341+0000] {dag.py:3239} INFO - Sync 1 DAGs
[2026-05-23T09:31:45.350+0000] {logging_mixin.py:190} INFO - [2026-05-23T09:31:45.350+0000] {dag.py:4180} INFO - Setting next_dagrun for fraud_pipeline_bronze_hourly to 2026-05-23 09:25:00+00:00, run_after=2026-05-23 09:30:00+00:00
[2026-05-23T09:31:45.356+0000] {processor.py:208} INFO - Processing /opt/airflow/dags/spark_interval_ingestion.py took 0.048 seconds
[2026-05-23T09:32:15.540+0000] {processor.py:186} INFO - Started process (PID=1654) to work on /opt/airflow/dags/spark_interval_ingestion.py
[2026-05-23T09:32:15.541+0000] {processor.py:914} INFO - Processing file /opt/airflow/dags/spark_interval_ingestion.py for tasks to queue
[2026-05-23T09:32:15.542+0000] {logging_mixin.py:190} INFO - [2026-05-23T09:32:15.542+0000] {dagbag.py:588} INFO - Filling up the DagBag from /opt/airflow/dags/spark_interval_ingestion.py
[2026-05-23T09:32:15.552+0000] {processor.py:925} INFO - DAG(s) 'fraud_pipeline_bronze_hourly' retrieved from /opt/airflow/dags/spark_interval_ingestion.py
[2026-05-23T09:32:15.569+0000] {logging_mixin.py:190} INFO - [2026-05-23T09:32:15.568+0000] {dag.py:3239} INFO - Sync 1 DAGs
[2026-05-23T09:32:15.579+0000] {logging_mixin.py:190} INFO - [2026-05-23T09:32:15.579+0000] {dag.py:4180} INFO - Setting next_dagrun for fraud_pipeline_bronze_hourly to 2026-05-23 09:25:00+00:00, run_after=2026-05-23 09:30:00+00:00
[2026-05-23T09:32:15.585+0000] {processor.py:208} INFO - Processing /opt/airflow/dags/spark_interval_ingestion.py took 0.050 seconds
[2026-05-23T09:32:45.761+0000] {processor.py:186} INFO - Started process (PID=1659) to work on /opt/airflow/dags/spark_interval_ingestion.py
[2026-05-23T09:32:45.762+0000] {processor.py:914} INFO - Processing file /opt/airflow/dags/spark_interval_ingestion.py for tasks to queue
[2026-05-23T09:32:45.762+0000] {logging_mixin.py:190} INFO - [2026-05-23T09:32:45.762+0000] {dagbag.py:588} INFO - Filling up the DagBag from /opt/airflow/dags/spark_interval_ingestion.py
[2026-05-23T09:32:45.771+0000] {processor.py:925} INFO - DAG(s) 'fraud_pipeline_bronze_hourly' retrieved from /opt/airflow/dags/spark_interval_ingestion.py
[2026-05-23T09:32:45.787+0000] {logging_mixin.py:190} INFO - [2026-05-23T09:32:45.787+0000] {dag.py:3239} INFO - Sync 1 DAGs
[2026-05-23T09:32:45.797+0000] {logging_mixin.py:190} INFO - [2026-05-23T09:32:45.797+0000] {dag.py:4180} INFO - Setting next_dagrun for fraud_pipeline_bronze_hourly to 2026-05-23 09:25:00+00:00, run_after=2026-05-23 09:30:00+00:00
[2026-05-23T09:32:45.805+0000] {processor.py:208} INFO - Processing /opt/airflow/dags/spark_interval_ingestion.py took 0.047 seconds
[2026-05-23T09:33:16.003+0000] {processor.py:186} INFO - Started process (PID=1664) to work on /opt/airflow/dags/spark_interval_ingestion.py
[2026-05-23T09:33:16.003+0000] {processor.py:914} INFO - Processing file /opt/airflow/dags/spark_interval_ingestion.py for tasks to queue
[2026-05-23T09:33:16.004+0000] {logging_mixin.py:190} INFO - [2026-05-23T09:33:16.004+0000] {dagbag.py:588} INFO - Filling up the DagBag from /opt/airflow/dags/spark_interval_ingestion.py
[2026-05-23T09:33:16.016+0000] {processor.py:925} INFO - DAG(s) 'fraud_pipeline_bronze_hourly' retrieved from /opt/airflow/dags/spark_interval_ingestion.py
[2026-05-23T09:33:16.032+0000] {logging_mixin.py:190} INFO - [2026-05-23T09:33:16.031+0000] {dag.py:3239} INFO - Sync 1 DAGs
[2026-05-23T09:33:16.042+0000] {logging_mixin.py:190} INFO - [2026-05-23T09:33:16.041+0000] {dag.py:4180} INFO - Setting next_dagrun for fraud_pipeline_bronze_hourly to 2026-05-23 09:25:00+00:00, run_after=2026-05-23 09:30:00+00:00
[2026-05-23T09:33:16.047+0000] {processor.py:208} INFO - Processing /opt/airflow/dags/spark_interval_ingestion.py took 0.051 seconds
[2026-05-23T09:34:16.303+0000] {processor.py:186} INFO - Started process (PID=159) to work on /opt/airflow/dags/spark_interval_ingestion.py
[2026-05-23T09:34:16.305+0000] {processor.py:914} INFO - Processing file /opt/airflow/dags/spark_interval_ingestion.py for tasks to queue
[2026-05-23T09:34:16.305+0000] {logging_mixin.py:190} INFO - [2026-05-23T09:34:16.305+0000] {dagbag.py:588} INFO - Filling up the DagBag from /opt/airflow/dags/spark_interval_ingestion.py
[2026-05-23T09:34:16.322+0000] {processor.py:925} INFO - DAG(s) 'fraud_pipeline_bronze_hourly' retrieved from /opt/airflow/dags/spark_interval_ingestion.py
[2026-05-23T09:34:16.413+0000] {logging_mixin.py:190} INFO - [2026-05-23T09:34:16.412+0000] {override.py:1932} INFO - Created Permission View: can read on DAG:fraud_pipeline_bronze_hourly
[2026-05-23T09:34:16.416+0000] {logging_mixin.py:190} INFO - [2026-05-23T09:34:16.416+0000] {override.py:1932} INFO - Created Permission View: can delete on DAG:fraud_pipeline_bronze_hourly
[2026-05-23T09:34:16.417+0000] {logging_mixin.py:190} INFO - [2026-05-23T09:34:16.417+0000] {override.py:1932} INFO - Created Permission View: can edit on DAG:fraud_pipeline_bronze_hourly
[2026-05-23T09:34:16.419+0000] {logging_mixin.py:190} INFO - [2026-05-23T09:34:16.419+0000] {override.py:1932} INFO - Created Permission View: can delete on DAG Run:fraud_pipeline_bronze_hourly
[2026-05-23T09:34:16.421+0000] {logging_mixin.py:190} INFO - [2026-05-23T09:34:16.421+0000] {override.py:1932} INFO - Created Permission View: can read on DAG Run:fraud_pipeline_bronze_hourly
[2026-05-23T09:34:16.422+0000] {logging_mixin.py:190} INFO - [2026-05-23T09:34:16.422+0000] {override.py:1932} INFO - Created Permission View: can create on DAG Run:fraud_pipeline_bronze_hourly
[2026-05-23T09:34:16.423+0000] {logging_mixin.py:190} INFO - [2026-05-23T09:34:16.423+0000] {override.py:1932} INFO - Created Permission View: menu access on DAG Run:fraud_pipeline_bronze_hourly
[2026-05-23T09:34:16.423+0000] {logging_mixin.py:190} INFO - [2026-05-23T09:34:16.423+0000] {dag.py:3239} INFO - Sync 1 DAGs
[2026-05-23T09:34:16.427+0000] {logging_mixin.py:190} INFO - [2026-05-23T09:34:16.427+0000] {dag.py:3262} INFO - Creating ORM DAG for fraud_pipeline_bronze_hourly
[2026-05-23T09:34:16.430+0000] {logging_mixin.py:190} INFO - [2026-05-23T09:34:16.430+0000] {dag.py:4180} INFO - Setting next_dagrun for fraud_pipeline_bronze_hourly to 2026-05-23 09:25:00+00:00, run_after=2026-05-23 09:30:00+00:00
[2026-05-23T09:34:16.439+0000] {processor.py:208} INFO - Processing /opt/airflow/dags/spark_interval_ingestion.py took 0.139 seconds
[2026-05-23T09:34:46.510+0000] {processor.py:186} INFO - Started process (PID=164) to work on /opt/airflow/dags/spark_interval_ingestion.py
[2026-05-23T09:34:46.511+0000] {processor.py:914} INFO - Processing file /opt/airflow/dags/spark_interval_ingestion.py for tasks to queue
[2026-05-23T09:34:46.512+0000] {logging_mixin.py:190} INFO - [2026-05-23T09:34:46.512+0000] {dagbag.py:588} INFO - Filling up the DagBag from /opt/airflow/dags/spark_interval_ingestion.py
[2026-05-23T09:34:46.525+0000] {processor.py:925} INFO - DAG(s) 'fraud_pipeline_bronze_hourly' retrieved from /opt/airflow/dags/spark_interval_ingestion.py
[2026-05-23T09:34:46.544+0000] {logging_mixin.py:190} INFO - [2026-05-23T09:34:46.544+0000] {dag.py:3239} INFO - Sync 1 DAGs
[2026-05-23T09:34:46.557+0000] {logging_mixin.py:190} INFO - [2026-05-23T09:34:46.557+0000] {dag.py:4180} INFO - Setting next_dagrun for fraud_pipeline_bronze_hourly to 2026-05-23 09:25:00+00:00, run_after=2026-05-23 09:30:00+00:00
[2026-05-23T09:34:46.565+0000] {processor.py:208} INFO - Processing /opt/airflow/dags/spark_interval_ingestion.py took 0.061 seconds
[2026-05-23T09:35:58.901+0000] {processor.py:186} INFO - Started process (PID=160) to work on /opt/airflow/dags/spark_interval_ingestion.py
[2026-05-23T09:35:58.902+0000] {processor.py:914} INFO - Processing file /opt/airflow/dags/spark_interval_ingestion.py for tasks to queue
[2026-05-23T09:35:58.903+0000] {logging_mixin.py:190} INFO - [2026-05-23T09:35:58.903+0000] {dagbag.py:588} INFO - Filling up the DagBag from /opt/airflow/dags/spark_interval_ingestion.py
[2026-05-23T09:35:58.917+0000] {processor.py:925} INFO - DAG(s) 'fraud_pipeline_bronze_hourly' retrieved from /opt/airflow/dags/spark_interval_ingestion.py
[2026-05-23T09:35:59.019+0000] {logging_mixin.py:190} INFO - [2026-05-23T09:35:59.018+0000] {override.py:1932} INFO - Created Permission View: can read on DAG:fraud_pipeline_bronze_hourly
[2026-05-23T09:35:59.022+0000] {logging_mixin.py:190} INFO - [2026-05-23T09:35:59.022+0000] {override.py:1932} INFO - Created Permission View: can delete on DAG:fraud_pipeline_bronze_hourly
[2026-05-23T09:35:59.023+0000] {logging_mixin.py:190} INFO - [2026-05-23T09:35:59.023+0000] {override.py:1932} INFO - Created Permission View: can edit on DAG:fraud_pipeline_bronze_hourly
[2026-05-23T09:35:59.025+0000] {logging_mixin.py:190} INFO - [2026-05-23T09:35:59.025+0000] {override.py:1932} INFO - Created Permission View: can read on DAG Run:fraud_pipeline_bronze_hourly
[2026-05-23T09:35:59.027+0000] {logging_mixin.py:190} INFO - [2026-05-23T09:35:59.026+0000] {override.py:1932} INFO - Created Permission View: menu access on DAG Run:fraud_pipeline_bronze_hourly
[2026-05-23T09:35:59.028+0000] {logging_mixin.py:190} INFO - [2026-05-23T09:35:59.028+0000] {override.py:1932} INFO - Created Permission View: can create on DAG Run:fraud_pipeline_bronze_hourly
[2026-05-23T09:35:59.029+0000] {logging_mixin.py:190} INFO - [2026-05-23T09:35:59.029+0000] {override.py:1932} INFO - Created Permission View: can delete on DAG Run:fraud_pipeline_bronze_hourly
[2026-05-23T09:35:59.029+0000] {logging_mixin.py:190} INFO - [2026-05-23T09:35:59.029+0000] {dag.py:3239} INFO - Sync 1 DAGs
[2026-05-23T09:35:59.033+0000] {logging_mixin.py:190} INFO - [2026-05-23T09:35:59.033+0000] {dag.py:3262} INFO - Creating ORM DAG for fraud_pipeline_bronze_hourly
[2026-05-23T09:35:59.038+0000] {logging_mixin.py:190} INFO - [2026-05-23T09:35:59.038+0000] {dag.py:4180} INFO - Setting next_dagrun for fraud_pipeline_bronze_hourly to 2026-05-23 09:30:00+00:00, run_after=2026-05-23 09:35:00+00:00
[2026-05-23T09:35:59.044+0000] {processor.py:208} INFO - Processing /opt/airflow/dags/spark_interval_ingestion.py took 0.146 seconds
[2026-05-23T09:36:29.083+0000] {processor.py:186} INFO - Started process (PID=165) to work on /opt/airflow/dags/spark_interval_ingestion.py
[2026-05-23T09:36:29.083+0000] {processor.py:914} INFO - Processing file /opt/airflow/dags/spark_interval_ingestion.py for tasks to queue
[2026-05-23T09:36:29.084+0000] {logging_mixin.py:190} INFO - [2026-05-23T09:36:29.084+0000] {dagbag.py:588} INFO - Filling up the DagBag from /opt/airflow/dags/spark_interval_ingestion.py
[2026-05-23T09:36:29.094+0000] {processor.py:925} INFO - DAG(s) 'fraud_pipeline_bronze_hourly' retrieved from /opt/airflow/dags/spark_interval_ingestion.py
[2026-05-23T09:36:29.114+0000] {logging_mixin.py:190} INFO - [2026-05-23T09:36:29.114+0000] {dag.py:3239} INFO - Sync 1 DAGs
[2026-05-23T09:36:29.126+0000] {logging_mixin.py:190} INFO - [2026-05-23T09:36:29.126+0000] {dag.py:4180} INFO - Setting next_dagrun for fraud_pipeline_bronze_hourly to 2026-05-23 09:30:00+00:00, run_after=2026-05-23 09:35:00+00:00
[2026-05-23T09:36:29.136+0000] {processor.py:208} INFO - Processing /opt/airflow/dags/spark_interval_ingestion.py took 0.058 seconds
[2026-05-23T09:36:59.269+0000] {processor.py:186} INFO - Started process (PID=170) to work on /opt/airflow/dags/spark_interval_ingestion.py
[2026-05-23T09:36:59.270+0000] {processor.py:914} INFO - Processing file /opt/airflow/dags/spark_interval_ingestion.py for tasks to queue
[2026-05-23T09:36:59.271+0000] {logging_mixin.py:190} INFO - [2026-05-23T09:36:59.271+0000] {dagbag.py:588} INFO - Filling up the DagBag from /opt/airflow/dags/spark_interval_ingestion.py
[2026-05-23T09:36:59.282+0000] {processor.py:925} INFO - DAG(s) 'fraud_pipeline_bronze_hourly' retrieved from /opt/airflow/dags/spark_interval_ingestion.py
[2026-05-23T09:36:59.300+0000] {logging_mixin.py:190} INFO - [2026-05-23T09:36:59.300+0000] {dag.py:3239} INFO - Sync 1 DAGs
[2026-05-23T09:36:59.312+0000] {logging_mixin.py:190} INFO - [2026-05-23T09:36:59.312+0000] {dag.py:4180} INFO - Setting next_dagrun for fraud_pipeline_bronze_hourly to 2026-05-23 09:30:00+00:00, run_after=2026-05-23 09:35:00+00:00
[2026-05-23T09:36:59.319+0000] {processor.py:208} INFO - Processing /opt/airflow/dags/spark_interval_ingestion.py took 0.052 seconds
[2026-05-23T09:37:29.507+0000] {processor.py:186} INFO - Started process (PID=175) to work on /opt/airflow/dags/spark_interval_ingestion.py
[2026-05-23T09:37:29.508+0000] {processor.py:914} INFO - Processing file /opt/airflow/dags/spark_interval_ingestion.py for tasks to queue
[2026-05-23T09:37:29.508+0000] {logging_mixin.py:190} INFO - [2026-05-23T09:37:29.508+0000] {dagbag.py:588} INFO - Filling up the DagBag from /opt/airflow/dags/spark_interval_ingestion.py
[2026-05-23T09:37:29.516+0000] {processor.py:925} INFO - DAG(s) 'fraud_pipeline_bronze_hourly' retrieved from /opt/airflow/dags/spark_interval_ingestion.py
[2026-05-23T09:37:29.529+0000] {logging_mixin.py:190} INFO - [2026-05-23T09:37:29.529+0000] {dag.py:3239} INFO - Sync 1 DAGs
[2026-05-23T09:37:29.538+0000] {logging_mixin.py:190} INFO - [2026-05-23T09:37:29.538+0000] {dag.py:4180} INFO - Setting next_dagrun for fraud_pipeline_bronze_hourly to 2026-05-23 09:30:00+00:00, run_after=2026-05-23 09:35:00+00:00
[2026-05-23T09:37:29.544+0000] {processor.py:208} INFO - Processing /opt/airflow/dags/spark_interval_ingestion.py took 0.041 seconds
[2026-05-23T09:37:59.718+0000] {processor.py:186} INFO - Started process (PID=180) to work on /opt/airflow/dags/spark_interval_ingestion.py
[2026-05-23T09:37:59.718+0000] {processor.py:914} INFO - Processing file /opt/airflow/dags/spark_interval_ingestion.py for tasks to queue
[2026-05-23T09:37:59.719+0000] {logging_mixin.py:190} INFO - [2026-05-23T09:37:59.719+0000] {dagbag.py:588} INFO - Filling up the DagBag from /opt/airflow/dags/spark_interval_ingestion.py
[2026-05-23T09:37:59.727+0000] {processor.py:925} INFO - DAG(s) 'fraud_pipeline_bronze_hourly' retrieved from /opt/airflow/dags/spark_interval_ingestion.py
[2026-05-23T09:37:59.745+0000] {logging_mixin.py:190} INFO - [2026-05-23T09:37:59.745+0000] {dag.py:3239} INFO - Sync 1 DAGs
[2026-05-23T09:37:59.757+0000] {logging_mixin.py:190} INFO - [2026-05-23T09:37:59.757+0000] {dag.py:4180} INFO - Setting next_dagrun for fraud_pipeline_bronze_hourly to 2026-05-23 09:30:00+00:00, run_after=2026-05-23 09:35:00+00:00
[2026-05-23T09:37:59.763+0000] {processor.py:208} INFO - Processing /opt/airflow/dags/spark_interval_ingestion.py took 0.051 seconds
[2026-05-23T09:38:29.937+0000] {processor.py:186} INFO - Started process (PID=185) to work on /opt/airflow/dags/spark_interval_ingestion.py
[2026-05-23T09:38:29.938+0000] {processor.py:914} INFO - Processing file /opt/airflow/dags/spark_interval_ingestion.py for tasks to queue
[2026-05-23T09:38:29.939+0000] {logging_mixin.py:190} INFO - [2026-05-23T09:38:29.939+0000] {dagbag.py:588} INFO - Filling up the DagBag from /opt/airflow/dags/spark_interval_ingestion.py
[2026-05-23T09:38:29.957+0000] {processor.py:925} INFO - DAG(s) 'fraud_pipeline_bronze_hourly' retrieved from /opt/airflow/dags/spark_interval_ingestion.py
[2026-05-23T09:38:29.979+0000] {logging_mixin.py:190} INFO - [2026-05-23T09:38:29.978+0000] {dag.py:3239} INFO - Sync 1 DAGs
[2026-05-23T09:38:29.998+0000] {logging_mixin.py:190} INFO - [2026-05-23T09:38:29.998+0000] {dag.py:4180} INFO - Setting next_dagrun for fraud_pipeline_bronze_hourly to 2026-05-23 09:30:00+00:00, run_after=2026-05-23 09:35:00+00:00
[2026-05-23T09:38:30.006+0000] {processor.py:208} INFO - Processing /opt/airflow/dags/spark_interval_ingestion.py took 0.076 seconds
[2026-05-23T09:39:26.222+0000] {processor.py:186} INFO - Started process (PID=160) to work on /opt/airflow/dags/spark_interval_ingestion.py
[2026-05-23T09:39:26.223+0000] {processor.py:914} INFO - Processing file /opt/airflow/dags/spark_interval_ingestion.py for tasks to queue
[2026-05-23T09:39:26.223+0000] {logging_mixin.py:190} INFO - [2026-05-23T09:39:26.223+0000] {dagbag.py:588} INFO - Filling up the DagBag from /opt/airflow/dags/spark_interval_ingestion.py
[2026-05-23T09:39:26.241+0000] {processor.py:925} INFO - DAG(s) 'fraud_pipeline_bronze_hourly' retrieved from /opt/airflow/dags/spark_interval_ingestion.py
[2026-05-23T09:39:26.345+0000] {logging_mixin.py:190} INFO - [2026-05-23T09:39:26.345+0000] {override.py:1932} INFO - Created Permission View: can read on DAG:fraud_pipeline_bronze_hourly
[2026-05-23T09:39:26.349+0000] {logging_mixin.py:190} INFO - [2026-05-23T09:39:26.349+0000] {override.py:1932} INFO - Created Permission View: can edit on DAG:fraud_pipeline_bronze_hourly
[2026-05-23T09:39:26.351+0000] {logging_mixin.py:190} INFO - [2026-05-23T09:39:26.350+0000] {override.py:1932} INFO - Created Permission View: can delete on DAG:fraud_pipeline_bronze_hourly
[2026-05-23T09:39:26.352+0000] {logging_mixin.py:190} INFO - [2026-05-23T09:39:26.352+0000] {override.py:1932} INFO - Created Permission View: can read on DAG Run:fraud_pipeline_bronze_hourly
[2026-05-23T09:39:26.354+0000] {logging_mixin.py:190} INFO - [2026-05-23T09:39:26.354+0000] {override.py:1932} INFO - Created Permission View: menu access on DAG Run:fraud_pipeline_bronze_hourly
[2026-05-23T09:39:26.356+0000] {logging_mixin.py:190} INFO - [2026-05-23T09:39:26.355+0000] {override.py:1932} INFO - Created Permission View: can delete on DAG Run:fraud_pipeline_bronze_hourly
[2026-05-23T09:39:26.357+0000] {logging_mixin.py:190} INFO - [2026-05-23T09:39:26.357+0000] {override.py:1932} INFO - Created Permission View: can create on DAG Run:fraud_pipeline_bronze_hourly
[2026-05-23T09:39:26.358+0000] {logging_mixin.py:190} INFO - [2026-05-23T09:39:26.357+0000] {dag.py:3239} INFO - Sync 1 DAGs
[2026-05-23T09:39:26.364+0000] {logging_mixin.py:190} INFO - [2026-05-23T09:39:26.364+0000] {dag.py:3262} INFO - Creating ORM DAG for fraud_pipeline_bronze_hourly
[2026-05-23T09:39:26.369+0000] {logging_mixin.py:190} INFO - [2026-05-23T09:39:26.369+0000] {dag.py:4180} INFO - Setting next_dagrun for fraud_pipeline_bronze_hourly to 2026-05-23 09:30:00+00:00, run_after=2026-05-23 09:35:00+00:00
[2026-05-23T09:39:26.378+0000] {processor.py:208} INFO - Processing /opt/airflow/dags/spark_interval_ingestion.py took 0.160 seconds
[2026-05-23T09:39:56.552+0000] {processor.py:186} INFO - Started process (PID=165) to work on /opt/airflow/dags/spark_interval_ingestion.py
[2026-05-23T09:39:56.555+0000] {processor.py:914} INFO - Processing file /opt/airflow/dags/spark_interval_ingestion.py for tasks to queue
[2026-05-23T09:39:56.556+0000] {logging_mixin.py:190} INFO - [2026-05-23T09:39:56.556+0000] {dagbag.py:588} INFO - Filling up the DagBag from /opt/airflow/dags/spark_interval_ingestion.py
[2026-05-23T09:39:56.575+0000] {processor.py:925} INFO - DAG(s) 'fraud_pipeline_bronze_hourly' retrieved from /opt/airflow/dags/spark_interval_ingestion.py
[2026-05-23T09:39:56.595+0000] {logging_mixin.py:190} INFO - [2026-05-23T09:39:56.595+0000] {dag.py:3239} INFO - Sync 1 DAGs
[2026-05-23T09:39:56.608+0000] {logging_mixin.py:190} INFO - [2026-05-23T09:39:56.608+0000] {dag.py:4180} INFO - Setting next_dagrun for fraud_pipeline_bronze_hourly to 2026-05-23 09:30:00+00:00, run_after=2026-05-23 09:35:00+00:00
[2026-05-23T09:39:56.614+0000] {processor.py:208} INFO - Processing /opt/airflow/dags/spark_interval_ingestion.py took 0.068 seconds
[2026-05-23T09:40:26.760+0000] {processor.py:186} INFO - Started process (PID=170) to work on /opt/airflow/dags/spark_interval_ingestion.py
[2026-05-23T09:40:26.761+0000] {processor.py:914} INFO - Processing file /opt/airflow/dags/spark_interval_ingestion.py for tasks to queue
[2026-05-23T09:40:26.762+0000] {logging_mixin.py:190} INFO - [2026-05-23T09:40:26.761+0000] {dagbag.py:588} INFO - Filling up the DagBag from /opt/airflow/dags/spark_interval_ingestion.py
[2026-05-23T09:40:26.769+0000] {processor.py:925} INFO - DAG(s) 'fraud_pipeline_bronze_hourly' retrieved from /opt/airflow/dags/spark_interval_ingestion.py
[2026-05-23T09:40:26.785+0000] {logging_mixin.py:190} INFO - [2026-05-23T09:40:26.785+0000] {dag.py:3239} INFO - Sync 1 DAGs
[2026-05-23T09:40:26.799+0000] {logging_mixin.py:190} INFO - [2026-05-23T09:40:26.799+0000] {dag.py:4180} INFO - Setting next_dagrun for fraud_pipeline_bronze_hourly to 2026-05-23 09:35:00+00:00, run_after=2026-05-23 09:40:00+00:00
[2026-05-23T09:40:26.807+0000] {processor.py:208} INFO - Processing /opt/airflow/dags/spark_interval_ingestion.py took 0.051 seconds
[2026-05-23T09:40:56.954+0000] {processor.py:186} INFO - Started process (PID=342) to work on /opt/airflow/dags/spark_interval_ingestion.py
[2026-05-23T09:40:56.954+0000] {processor.py:914} INFO - Processing file /opt/airflow/dags/spark_interval_ingestion.py for tasks to queue
[2026-05-23T09:40:56.955+0000] {logging_mixin.py:190} INFO - [2026-05-23T09:40:56.955+0000] {dagbag.py:588} INFO - Filling up the DagBag from /opt/airflow/dags/spark_interval_ingestion.py
[2026-05-23T09:40:56.966+0000] {processor.py:925} INFO - DAG(s) 'fraud_pipeline_bronze_hourly' retrieved from /opt/airflow/dags/spark_interval_ingestion.py
[2026-05-23T09:40:56.980+0000] {logging_mixin.py:190} INFO - [2026-05-23T09:40:56.980+0000] {dag.py:3239} INFO - Sync 1 DAGs
[2026-05-23T09:40:56.991+0000] {logging_mixin.py:190} INFO - [2026-05-23T09:40:56.991+0000] {dag.py:4180} INFO - Setting next_dagrun for fraud_pipeline_bronze_hourly to 2026-05-23 09:40:00+00:00, run_after=2026-05-23 09:45:00+00:00
[2026-05-23T09:40:56.998+0000] {processor.py:208} INFO - Processing /opt/airflow/dags/spark_interval_ingestion.py took 0.054 seconds
[2026-05-23T09:41:27.098+0000] {processor.py:186} INFO - Started process (PID=517) to work on /opt/airflow/dags/spark_interval_ingestion.py
[2026-05-23T09:41:27.099+0000] {processor.py:914} INFO - Processing file /opt/airflow/dags/spark_interval_ingestion.py for tasks to queue
[2026-05-23T09:41:27.100+0000] {logging_mixin.py:190} INFO - [2026-05-23T09:41:27.099+0000] {dagbag.py:588} INFO - Filling up the DagBag from /opt/airflow/dags/spark_interval_ingestion.py
[2026-05-23T09:41:27.106+0000] {processor.py:925} INFO - DAG(s) 'fraud_pipeline_bronze_hourly' retrieved from /opt/airflow/dags/spark_interval_ingestion.py
[2026-05-23T09:41:27.118+0000] {logging_mixin.py:190} INFO - [2026-05-23T09:41:27.118+0000] {dag.py:3239} INFO - Sync 1 DAGs
[2026-05-23T09:41:27.127+0000] {logging_mixin.py:190} INFO - [2026-05-23T09:41:27.127+0000] {dag.py:4180} INFO - Setting next_dagrun for fraud_pipeline_bronze_hourly to 2026-05-23 09:40:00+00:00, run_after=2026-05-23 09:45:00+00:00
[2026-05-23T09:41:27.132+0000] {processor.py:208} INFO - Processing /opt/airflow/dags/spark_interval_ingestion.py took 0.036 seconds
[2026-05-23T09:41:57.278+0000] {processor.py:186} INFO - Started process (PID=525) to work on /opt/airflow/dags/spark_interval_ingestion.py
[2026-05-23T09:41:57.279+0000] {processor.py:914} INFO - Processing file /opt/airflow/dags/spark_interval_ingestion.py for tasks to queue
[2026-05-23T09:41:57.280+0000] {logging_mixin.py:190} INFO - [2026-05-23T09:41:57.280+0000] {dagbag.py:588} INFO - Filling up the DagBag from /opt/airflow/dags/spark_interval_ingestion.py
[2026-05-23T09:41:57.294+0000] {processor.py:925} INFO - DAG(s) 'fraud_pipeline_bronze_hourly' retrieved from /opt/airflow/dags/spark_interval_ingestion.py
[2026-05-23T09:41:57.325+0000] {logging_mixin.py:190} INFO - [2026-05-23T09:41:57.325+0000] {dag.py:3239} INFO - Sync 1 DAGs
[2026-05-23T09:41:57.351+0000] {logging_mixin.py:190} INFO - [2026-05-23T09:41:57.351+0000] {dag.py:4180} INFO - Setting next_dagrun for fraud_pipeline_bronze_hourly to 2026-05-23 09:40:00+00:00, run_after=2026-05-23 09:45:00+00:00
[2026-05-23T09:41:57.358+0000] {processor.py:208} INFO - Processing /opt/airflow/dags/spark_interval_ingestion.py took 0.086 seconds
[2026-05-23T09:42:27.462+0000] {processor.py:186} INFO - Started process (PID=531) to work on /opt/airflow/dags/spark_interval_ingestion.py
[2026-05-23T09:42:27.463+0000] {processor.py:914} INFO - Processing file /opt/airflow/dags/spark_interval_ingestion.py for tasks to queue
[2026-05-23T09:42:27.464+0000] {logging_mixin.py:190} INFO - [2026-05-23T09:42:27.463+0000] {dagbag.py:588} INFO - Filling up the DagBag from /opt/airflow/dags/spark_interval_ingestion.py
[2026-05-23T09:42:27.484+0000] {processor.py:925} INFO - DAG(s) 'fraud_pipeline_bronze_hourly' retrieved from /opt/airflow/dags/spark_interval_ingestion.py
[2026-05-23T09:42:27.504+0000] {logging_mixin.py:190} INFO - [2026-05-23T09:42:27.504+0000] {dag.py:3239} INFO - Sync 1 DAGs
[2026-05-23T09:42:27.517+0000] {logging_mixin.py:190} INFO - [2026-05-23T09:42:27.516+0000] {dag.py:4180} INFO - Setting next_dagrun for fraud_pipeline_bronze_hourly to 2026-05-23 09:40:00+00:00, run_after=2026-05-23 09:45:00+00:00
[2026-05-23T09:42:27.526+0000] {processor.py:208} INFO - Processing /opt/airflow/dags/spark_interval_ingestion.py took 0.070 seconds
[2026-05-23T09:42:57.691+0000] {processor.py:186} INFO - Started process (PID=536) to work on /opt/airflow/dags/spark_interval_ingestion.py
[2026-05-23T09:42:57.692+0000] {processor.py:914} INFO - Processing file /opt/airflow/dags/spark_interval_ingestion.py for tasks to queue
[2026-05-23T09:42:57.693+0000] {logging_mixin.py:190} INFO - [2026-05-23T09:42:57.693+0000] {dagbag.py:588} INFO - Filling up the DagBag from /opt/airflow/dags/spark_interval_ingestion.py
[2026-05-23T09:42:57.705+0000] {processor.py:925} INFO - DAG(s) 'fraud_pipeline_bronze_hourly' retrieved from /opt/airflow/dags/spark_interval_ingestion.py
[2026-05-23T09:42:57.722+0000] {logging_mixin.py:190} INFO - [2026-05-23T09:42:57.722+0000] {dag.py:3239} INFO - Sync 1 DAGs
[2026-05-23T09:42:57.737+0000] {logging_mixin.py:190} INFO - [2026-05-23T09:42:57.736+0000] {dag.py:4180} INFO - Setting next_dagrun for fraud_pipeline_bronze_hourly to 2026-05-23 09:40:00+00:00, run_after=2026-05-23 09:45:00+00:00
[2026-05-23T09:42:57.744+0000] {processor.py:208} INFO - Processing /opt/airflow/dags/spark_interval_ingestion.py took 0.059 seconds
[2026-05-23T09:43:27.909+0000] {processor.py:186} INFO - Started process (PID=542) to work on /opt/airflow/dags/spark_interval_ingestion.py
[2026-05-23T09:43:27.909+0000] {processor.py:914} INFO - Processing file /opt/airflow/dags/spark_interval_ingestion.py for tasks to queue
[2026-05-23T09:43:27.910+0000] {logging_mixin.py:190} INFO - [2026-05-23T09:43:27.910+0000] {dagbag.py:588} INFO - Filling up the DagBag from /opt/airflow/dags/spark_interval_ingestion.py
[2026-05-23T09:43:27.918+0000] {processor.py:925} INFO - DAG(s) 'fraud_pipeline_bronze_hourly' retrieved from /opt/airflow/dags/spark_interval_ingestion.py
[2026-05-23T09:43:27.931+0000] {logging_mixin.py:190} INFO - [2026-05-23T09:43:27.931+0000] {dag.py:3239} INFO - Sync 1 DAGs
[2026-05-23T09:43:27.941+0000] {logging_mixin.py:190} INFO - [2026-05-23T09:43:27.941+0000] {dag.py:4180} INFO - Setting next_dagrun for fraud_pipeline_bronze_hourly to 2026-05-23 09:40:00+00:00, run_after=2026-05-23 09:45:00+00:00
[2026-05-23T09:43:27.947+0000] {processor.py:208} INFO - Processing /opt/airflow/dags/spark_interval_ingestion.py took 0.041 seconds
[2026-05-23T09:43:58.102+0000] {processor.py:186} INFO - Started process (PID=547) to work on /opt/airflow/dags/spark_interval_ingestion.py
[2026-05-23T09:43:58.103+0000] {processor.py:914} INFO - Processing file /opt/airflow/dags/spark_interval_ingestion.py for tasks to queue
[2026-05-23T09:43:58.103+0000] {logging_mixin.py:190} INFO - [2026-05-23T09:43:58.103+0000] {dagbag.py:588} INFO - Filling up the DagBag from /opt/airflow/dags/spark_interval_ingestion.py
[2026-05-23T09:43:58.113+0000] {processor.py:925} INFO - DAG(s) 'fraud_pipeline_bronze_hourly' retrieved from /opt/airflow/dags/spark_interval_ingestion.py
[2026-05-23T09:43:58.128+0000] {logging_mixin.py:190} INFO - [2026-05-23T09:43:58.128+0000] {dag.py:3239} INFO - Sync 1 DAGs
[2026-05-23T09:43:58.139+0000] {logging_mixin.py:190} INFO - [2026-05-23T09:43:58.139+0000] {dag.py:4180} INFO - Setting next_dagrun for fraud_pipeline_bronze_hourly to 2026-05-23 09:40:00+00:00, run_after=2026-05-23 09:45:00+00:00
[2026-05-23T09:43:58.145+0000] {processor.py:208} INFO - Processing /opt/airflow/dags/spark_interval_ingestion.py took 0.048 seconds
[2026-05-23T09:44:28.304+0000] {processor.py:186} INFO - Started process (PID=600) to work on /opt/airflow/dags/spark_interval_ingestion.py
[2026-05-23T09:44:28.305+0000] {processor.py:914} INFO - Processing file /opt/airflow/dags/spark_interval_ingestion.py for tasks to queue
[2026-05-23T09:44:28.306+0000] {logging_mixin.py:190} INFO - [2026-05-23T09:44:28.305+0000] {dagbag.py:588} INFO - Filling up the DagBag from /opt/airflow/dags/spark_interval_ingestion.py
[2026-05-23T09:44:28.317+0000] {processor.py:925} INFO - DAG(s) 'fraud_pipeline_bronze_hourly' retrieved from /opt/airflow/dags/spark_interval_ingestion.py
[2026-05-23T09:44:28.333+0000] {logging_mixin.py:190} INFO - [2026-05-23T09:44:28.333+0000] {dag.py:3239} INFO - Sync 1 DAGs
[2026-05-23T09:44:28.345+0000] {logging_mixin.py:190} INFO - [2026-05-23T09:44:28.344+0000] {dag.py:4180} INFO - Setting next_dagrun for fraud_pipeline_bronze_hourly to 2026-05-23 09:40:00+00:00, run_after=2026-05-23 09:45:00+00:00
[2026-05-23T09:44:28.350+0000] {processor.py:208} INFO - Processing /opt/airflow/dags/spark_interval_ingestion.py took 0.052 seconds
[2026-05-23T09:44:58.516+0000] {processor.py:186} INFO - Started process (PID=605) to work on /opt/airflow/dags/spark_interval_ingestion.py
[2026-05-23T09:44:58.517+0000] {processor.py:914} INFO - Processing file /opt/airflow/dags/spark_interval_ingestion.py for tasks to queue
[2026-05-23T09:44:58.518+0000] {logging_mixin.py:190} INFO - [2026-05-23T09:44:58.517+0000] {dagbag.py:588} INFO - Filling up the DagBag from /opt/airflow/dags/spark_interval_ingestion.py
[2026-05-23T09:44:58.528+0000] {processor.py:925} INFO - DAG(s) 'fraud_pipeline_bronze_hourly' retrieved from /opt/airflow/dags/spark_interval_ingestion.py
[2026-05-23T09:44:58.544+0000] {logging_mixin.py:190} INFO - [2026-05-23T09:44:58.544+0000] {dag.py:3239} INFO - Sync 1 DAGs
[2026-05-23T09:44:58.554+0000] {logging_mixin.py:190} INFO - [2026-05-23T09:44:58.554+0000] {dag.py:4180} INFO - Setting next_dagrun for fraud_pipeline_bronze_hourly to 2026-05-23 09:40:00+00:00, run_after=2026-05-23 09:45:00+00:00
[2026-05-23T09:44:58.560+0000] {processor.py:208} INFO - Processing /opt/airflow/dags/spark_interval_ingestion.py took 0.050 seconds
[2026-05-23T09:45:28.717+0000] {processor.py:186} INFO - Started process (PID=766) to work on /opt/airflow/dags/spark_interval_ingestion.py
[2026-05-23T09:45:28.718+0000] {processor.py:914} INFO - Processing file /opt/airflow/dags/spark_interval_ingestion.py for tasks to queue
[2026-05-23T09:45:28.719+0000] {logging_mixin.py:190} INFO - [2026-05-23T09:45:28.719+0000] {dagbag.py:588} INFO - Filling up the DagBag from /opt/airflow/dags/spark_interval_ingestion.py
[2026-05-23T09:45:28.725+0000] {processor.py:925} INFO - DAG(s) 'fraud_pipeline_bronze_hourly' retrieved from /opt/airflow/dags/spark_interval_ingestion.py
[2026-05-23T09:45:28.738+0000] {logging_mixin.py:190} INFO - [2026-05-23T09:45:28.738+0000] {dag.py:3239} INFO - Sync 1 DAGs
[2026-05-23T09:45:28.747+0000] {logging_mixin.py:190} INFO - [2026-05-23T09:45:28.747+0000] {dag.py:4180} INFO - Setting next_dagrun for fraud_pipeline_bronze_hourly to 2026-05-23 09:45:00+00:00, run_after=2026-05-23 09:50:00+00:00
[2026-05-23T09:45:28.753+0000] {processor.py:208} INFO - Processing /opt/airflow/dags/spark_interval_ingestion.py took 0.039 seconds
[2026-05-23T09:45:58.918+0000] {processor.py:186} INFO - Started process (PID=844) to work on /opt/airflow/dags/spark_interval_ingestion.py
[2026-05-23T09:45:58.919+0000] {processor.py:914} INFO - Processing file /opt/airflow/dags/spark_interval_ingestion.py for tasks to queue
[2026-05-23T09:45:58.919+0000] {logging_mixin.py:190} INFO - [2026-05-23T09:45:58.919+0000] {dagbag.py:588} INFO - Filling up the DagBag from /opt/airflow/dags/spark_interval_ingestion.py
[2026-05-23T09:45:58.925+0000] {processor.py:925} INFO - DAG(s) 'fraud_pipeline_bronze_hourly' retrieved from /opt/airflow/dags/spark_interval_ingestion.py
[2026-05-23T09:45:58.947+0000] {logging_mixin.py:190} INFO - [2026-05-23T09:45:58.946+0000] {dag.py:3239} INFO - Sync 1 DAGs
[2026-05-23T09:45:58.960+0000] {logging_mixin.py:190} INFO - [2026-05-23T09:45:58.959+0000] {dag.py:4180} INFO - Setting next_dagrun for fraud_pipeline_bronze_hourly to 2026-05-23 09:45:00+00:00, run_after=2026-05-23 09:50:00+00:00
[2026-05-23T09:45:58.968+0000] {processor.py:208} INFO - Processing /opt/airflow/dags/spark_interval_ingestion.py took 0.054 seconds
[2026-05-23T09:46:29.141+0000] {processor.py:186} INFO - Started process (PID=984) to work on /opt/airflow/dags/spark_interval_ingestion.py
[2026-05-23T09:46:29.142+0000] {processor.py:914} INFO - Processing file /opt/airflow/dags/spark_interval_ingestion.py for tasks to queue
[2026-05-23T09:46:29.143+0000] {logging_mixin.py:190} INFO - [2026-05-23T09:46:29.143+0000] {dagbag.py:588} INFO - Filling up the DagBag from /opt/airflow/dags/spark_interval_ingestion.py
[2026-05-23T09:46:29.157+0000] {processor.py:925} INFO - DAG(s) 'fraud_pipeline_bronze_hourly' retrieved from /opt/airflow/dags/spark_interval_ingestion.py
[2026-05-23T09:46:29.178+0000] {logging_mixin.py:190} INFO - [2026-05-23T09:46:29.178+0000] {dag.py:3239} INFO - Sync 1 DAGs
[2026-05-23T09:46:29.192+0000] {logging_mixin.py:190} INFO - [2026-05-23T09:46:29.191+0000] {dag.py:4180} INFO - Setting next_dagrun for fraud_pipeline_bronze_hourly to 2026-05-23 09:45:00+00:00, run_after=2026-05-23 09:50:00+00:00
[2026-05-23T09:46:29.197+0000] {processor.py:208} INFO - Processing /opt/airflow/dags/spark_interval_ingestion.py took 0.063 seconds
[2026-05-23T09:46:59.359+0000] {processor.py:186} INFO - Started process (PID=989) to work on /opt/airflow/dags/spark_interval_ingestion.py
[2026-05-23T09:46:59.360+0000] {processor.py:914} INFO - Processing file /opt/airflow/dags/spark_interval_ingestion.py for tasks to queue
[2026-05-23T09:46:59.361+0000] {logging_mixin.py:190} INFO - [2026-05-23T09:46:59.360+0000] {dagbag.py:588} INFO - Filling up the DagBag from /opt/airflow/dags/spark_interval_ingestion.py
[2026-05-23T09:46:59.367+0000] {processor.py:925} INFO - DAG(s) 'fraud_pipeline_bronze_hourly' retrieved from /opt/airflow/dags/spark_interval_ingestion.py
[2026-05-23T09:46:59.378+0000] {logging_mixin.py:190} INFO - [2026-05-23T09:46:59.378+0000] {dag.py:3239} INFO - Sync 1 DAGs
[2026-05-23T09:46:59.387+0000] {logging_mixin.py:190} INFO - [2026-05-23T09:46:59.387+0000] {dag.py:4180} INFO - Setting next_dagrun for fraud_pipeline_bronze_hourly to 2026-05-23 09:45:00+00:00, run_after=2026-05-23 09:50:00+00:00
[2026-05-23T09:46:59.392+0000] {processor.py:208} INFO - Processing /opt/airflow/dags/spark_interval_ingestion.py took 0.036 seconds
[2026-05-23T09:47:29.601+0000] {processor.py:186} INFO - Started process (PID=995) to work on /opt/airflow/dags/spark_interval_ingestion.py
[2026-05-23T09:47:29.602+0000] {processor.py:914} INFO - Processing file /opt/airflow/dags/spark_interval_ingestion.py for tasks to queue
[2026-05-23T09:47:29.603+0000] {logging_mixin.py:190} INFO - [2026-05-23T09:47:29.603+0000] {dagbag.py:588} INFO - Filling up the DagBag from /opt/airflow/dags/spark_interval_ingestion.py
[2026-05-23T09:47:29.613+0000] {processor.py:925} INFO - DAG(s) 'fraud_pipeline_bronze_hourly' retrieved from /opt/airflow/dags/spark_interval_ingestion.py
[2026-05-23T09:47:29.631+0000] {logging_mixin.py:190} INFO - [2026-05-23T09:47:29.631+0000] {dag.py:3239} INFO - Sync 1 DAGs
[2026-05-23T09:47:29.643+0000] {logging_mixin.py:190} INFO - [2026-05-23T09:47:29.643+0000] {dag.py:4180} INFO - Setting next_dagrun for fraud_pipeline_bronze_hourly to 2026-05-23 09:45:00+00:00, run_after=2026-05-23 09:50:00+00:00
[2026-05-23T09:47:29.649+0000] {processor.py:208} INFO - Processing /opt/airflow/dags/spark_interval_ingestion.py took 0.054 seconds
[2026-05-23T09:47:59.851+0000] {processor.py:186} INFO - Started process (PID=1000) to work on /opt/airflow/dags/spark_interval_ingestion.py
[2026-05-23T09:47:59.852+0000] {processor.py:914} INFO - Processing file /opt/airflow/dags/spark_interval_ingestion.py for tasks to queue
[2026-05-23T09:47:59.853+0000] {logging_mixin.py:190} INFO - [2026-05-23T09:47:59.853+0000] {dagbag.py:588} INFO - Filling up the DagBag from /opt/airflow/dags/spark_interval_ingestion.py
[2026-05-23T09:47:59.865+0000] {processor.py:925} INFO - DAG(s) 'fraud_pipeline_bronze_hourly' retrieved from /opt/airflow/dags/spark_interval_ingestion.py
[2026-05-23T09:47:59.881+0000] {logging_mixin.py:190} INFO - [2026-05-23T09:47:59.881+0000] {dag.py:3239} INFO - Sync 1 DAGs
[2026-05-23T09:47:59.892+0000] {logging_mixin.py:190} INFO - [2026-05-23T09:47:59.892+0000] {dag.py:4180} INFO - Setting next_dagrun for fraud_pipeline_bronze_hourly to 2026-05-23 09:45:00+00:00, run_after=2026-05-23 09:50:00+00:00
[2026-05-23T09:47:59.897+0000] {processor.py:208} INFO - Processing /opt/airflow/dags/spark_interval_ingestion.py took 0.052 seconds
[2026-05-23T09:48:30.053+0000] {processor.py:186} INFO - Started process (PID=1006) to work on /opt/airflow/dags/spark_interval_ingestion.py
[2026-05-23T09:48:30.054+0000] {processor.py:914} INFO - Processing file /opt/airflow/dags/spark_interval_ingestion.py for tasks to queue
[2026-05-23T09:48:30.055+0000] {logging_mixin.py:190} INFO - [2026-05-23T09:48:30.054+0000] {dagbag.py:588} INFO - Filling up the DagBag from /opt/airflow/dags/spark_interval_ingestion.py
[2026-05-23T09:48:30.071+0000] {processor.py:925} INFO - DAG(s) 'fraud_pipeline_bronze_hourly' retrieved from /opt/airflow/dags/spark_interval_ingestion.py
[2026-05-23T09:48:30.094+0000] {logging_mixin.py:190} INFO - [2026-05-23T09:48:30.094+0000] {dag.py:3239} INFO - Sync 1 DAGs
[2026-05-23T09:48:30.106+0000] {logging_mixin.py:190} INFO - [2026-05-23T09:48:30.106+0000] {dag.py:4180} INFO - Setting next_dagrun for fraud_pipeline_bronze_hourly to 2026-05-23 09:45:00+00:00, run_after=2026-05-23 09:50:00+00:00
[2026-05-23T09:48:30.112+0000] {processor.py:208} INFO - Processing /opt/airflow/dags/spark_interval_ingestion.py took 0.065 seconds
[2026-05-23T09:49:00.266+0000] {processor.py:186} INFO - Started process (PID=1209) to work on /opt/airflow/dags/spark_interval_ingestion.py
[2026-05-23T09:49:00.267+0000] {processor.py:914} INFO - Processing file /opt/airflow/dags/spark_interval_ingestion.py for tasks to queue
[2026-05-23T09:49:00.268+0000] {logging_mixin.py:190} INFO - [2026-05-23T09:49:00.268+0000] {dagbag.py:588} INFO - Filling up the DagBag from /opt/airflow/dags/spark_interval_ingestion.py
[2026-05-23T09:49:00.283+0000] {processor.py:925} INFO - DAG(s) 'fraud_pipeline_bronze_hourly' retrieved from /opt/airflow/dags/spark_interval_ingestion.py
[2026-05-23T09:49:00.303+0000] {logging_mixin.py:190} INFO - [2026-05-23T09:49:00.303+0000] {dag.py:3239} INFO - Sync 1 DAGs
[2026-05-23T09:49:00.317+0000] {logging_mixin.py:190} INFO - [2026-05-23T09:49:00.316+0000] {dag.py:4180} INFO - Setting next_dagrun for fraud_pipeline_bronze_hourly to 2026-05-23 09:45:00+00:00, run_after=2026-05-23 09:50:00+00:00
[2026-05-23T09:49:00.323+0000] {processor.py:208} INFO - Processing /opt/airflow/dags/spark_interval_ingestion.py took 0.065 seconds
[2026-05-23T09:49:30.495+0000] {processor.py:186} INFO - Started process (PID=1259) to work on /opt/airflow/dags/spark_interval_ingestion.py
[2026-05-23T09:49:30.496+0000] {processor.py:914} INFO - Processing file /opt/airflow/dags/spark_interval_ingestion.py for tasks to queue
[2026-05-23T09:49:30.497+0000] {logging_mixin.py:190} INFO - [2026-05-23T09:49:30.497+0000] {dagbag.py:588} INFO - Filling up the DagBag from /opt/airflow/dags/spark_interval_ingestion.py
[2026-05-23T09:49:30.509+0000] {processor.py:925} INFO - DAG(s) 'fraud_pipeline_bronze_hourly' retrieved from /opt/airflow/dags/spark_interval_ingestion.py
[2026-05-23T09:49:30.523+0000] {logging_mixin.py:190} INFO - [2026-05-23T09:49:30.523+0000] {dag.py:3239} INFO - Sync 1 DAGs
[2026-05-23T09:49:30.534+0000] {logging_mixin.py:190} INFO - [2026-05-23T09:49:30.534+0000] {dag.py:4180} INFO - Setting next_dagrun for fraud_pipeline_bronze_hourly to 2026-05-23 09:45:00+00:00, run_after=2026-05-23 09:50:00+00:00
[2026-05-23T09:49:30.540+0000] {processor.py:208} INFO - Processing /opt/airflow/dags/spark_interval_ingestion.py took 0.050 seconds
[2026-05-23T09:50:00.737+0000] {processor.py:186} INFO - Started process (PID=1280) to work on /opt/airflow/dags/spark_interval_ingestion.py
[2026-05-23T09:50:00.739+0000] {processor.py:914} INFO - Processing file /opt/airflow/dags/spark_interval_ingestion.py for tasks to queue
[2026-05-23T09:50:00.740+0000] {logging_mixin.py:190} INFO - [2026-05-23T09:50:00.740+0000] {dagbag.py:588} INFO - Filling up the DagBag from /opt/airflow/dags/spark_interval_ingestion.py
[2026-05-23T09:50:00.770+0000] {processor.py:925} INFO - DAG(s) 'fraud_pipeline_bronze_hourly' retrieved from /opt/airflow/dags/spark_interval_ingestion.py
[2026-05-23T09:50:00.782+0000] {logging_mixin.py:190} INFO - [2026-05-23T09:50:00.782+0000] {dag.py:3239} INFO - Sync 1 DAGs
[2026-05-23T09:50:00.793+0000] {logging_mixin.py:190} INFO - [2026-05-23T09:50:00.793+0000] {dag.py:4180} INFO - Setting next_dagrun for fraud_pipeline_bronze_hourly to 2026-05-23 09:50:00+00:00, run_after=2026-05-23 09:55:00+00:00
[2026-05-23T09:50:00.799+0000] {processor.py:208} INFO - Processing /opt/airflow/dags/spark_interval_ingestion.py took 0.067 seconds
[2026-05-23T09:50:30.955+0000] {processor.py:186} INFO - Started process (PID=1478) to work on /opt/airflow/dags/spark_interval_ingestion.py
[2026-05-23T09:50:30.956+0000] {processor.py:914} INFO - Processing file /opt/airflow/dags/spark_interval_ingestion.py for tasks to queue
[2026-05-23T09:50:30.957+0000] {logging_mixin.py:190} INFO - [2026-05-23T09:50:30.956+0000] {dagbag.py:588} INFO - Filling up the DagBag from /opt/airflow/dags/spark_interval_ingestion.py
[2026-05-23T09:50:30.968+0000] {processor.py:925} INFO - DAG(s) 'fraud_pipeline_bronze_hourly' retrieved from /opt/airflow/dags/spark_interval_ingestion.py
[2026-05-23T09:50:30.986+0000] {logging_mixin.py:190} INFO - [2026-05-23T09:50:30.986+0000] {dag.py:3239} INFO - Sync 1 DAGs
[2026-05-23T09:50:30.997+0000] {logging_mixin.py:190} INFO - [2026-05-23T09:50:30.997+0000] {dag.py:4180} INFO - Setting next_dagrun for fraud_pipeline_bronze_hourly to 2026-05-23 09:50:00+00:00, run_after=2026-05-23 09:55:00+00:00
[2026-05-23T09:50:31.004+0000] {processor.py:208} INFO - Processing /opt/airflow/dags/spark_interval_ingestion.py took 0.057 seconds
[2026-05-23T09:51:01.165+0000] {processor.py:186} INFO - Started process (PID=1484) to work on /opt/airflow/dags/spark_interval_ingestion.py
[2026-05-23T09:51:01.165+0000] {processor.py:914} INFO - Processing file /opt/airflow/dags/spark_interval_ingestion.py for tasks to queue
[2026-05-23T09:51:01.165+0000] {logging_mixin.py:190} INFO - [2026-05-23T09:51:01.165+0000] {dagbag.py:588} INFO - Filling up the DagBag from /opt/airflow/dags/spark_interval_ingestion.py
[2026-05-23T09:51:01.171+0000] {processor.py:925} INFO - DAG(s) 'fraud_pipeline_bronze_hourly' retrieved from /opt/airflow/dags/spark_interval_ingestion.py
[2026-05-23T09:51:01.183+0000] {logging_mixin.py:190} INFO - [2026-05-23T09:51:01.182+0000] {dag.py:3239} INFO - Sync 1 DAGs
[2026-05-23T09:51:01.194+0000] {logging_mixin.py:190} INFO - [2026-05-23T09:51:01.194+0000] {dag.py:4180} INFO - Setting next_dagrun for fraud_pipeline_bronze_hourly to 2026-05-23 09:50:00+00:00, run_after=2026-05-23 09:55:00+00:00
[2026-05-23T09:51:01.200+0000] {processor.py:208} INFO - Processing /opt/airflow/dags/spark_interval_ingestion.py took 0.038 seconds
[2026-05-23T09:51:31.385+0000] {processor.py:186} INFO - Started process (PID=1490) to work on /opt/airflow/dags/spark_interval_ingestion.py
[2026-05-23T09:51:31.386+0000] {processor.py:914} INFO - Processing file /opt/airflow/dags/spark_interval_ingestion.py for tasks to queue
[2026-05-23T09:51:31.387+0000] {logging_mixin.py:190} INFO - [2026-05-23T09:51:31.387+0000] {dagbag.py:588} INFO - Filling up the DagBag from /opt/airflow/dags/spark_interval_ingestion.py
[2026-05-23T09:51:31.401+0000] {processor.py:925} INFO - DAG(s) 'fraud_pipeline_bronze_hourly' retrieved from /opt/airflow/dags/spark_interval_ingestion.py
[2026-05-23T09:51:31.429+0000] {logging_mixin.py:190} INFO - [2026-05-23T09:51:31.428+0000] {dag.py:3239} INFO - Sync 1 DAGs
[2026-05-23T09:51:31.453+0000] {logging_mixin.py:190} INFO - [2026-05-23T09:51:31.453+0000] {dag.py:4180} INFO - Setting next_dagrun for fraud_pipeline_bronze_hourly to 2026-05-23 09:50:00+00:00, run_after=2026-05-23 09:55:00+00:00
[2026-05-23T09:51:31.463+0000] {processor.py:208} INFO - Processing /opt/airflow/dags/spark_interval_ingestion.py took 0.086 seconds
[2026-05-23T09:52:01.607+0000] {processor.py:186} INFO - Started process (PID=1537) to work on /opt/airflow/dags/spark_interval_ingestion.py
[2026-05-23T09:52:01.609+0000] {processor.py:914} INFO - Processing file /opt/airflow/dags/spark_interval_ingestion.py for tasks to queue
[2026-05-23T09:52:01.610+0000] {logging_mixin.py:190} INFO - [2026-05-23T09:52:01.610+0000] {dagbag.py:588} INFO - Filling up the DagBag from /opt/airflow/dags/spark_interval_ingestion.py
[2026-05-23T09:52:01.631+0000] {processor.py:925} INFO - DAG(s) 'fraud_pipeline_bronze_hourly' retrieved from /opt/airflow/dags/spark_interval_ingestion.py
[2026-05-23T09:52:01.649+0000] {logging_mixin.py:190} INFO - [2026-05-23T09:52:01.649+0000] {dag.py:3239} INFO - Sync 1 DAGs
[2026-05-23T09:52:01.662+0000] {logging_mixin.py:190} INFO - [2026-05-23T09:52:01.662+0000] {dag.py:4180} INFO - Setting next_dagrun for fraud_pipeline_bronze_hourly to 2026-05-23 09:50:00+00:00, run_after=2026-05-23 09:55:00+00:00
[2026-05-23T09:52:01.668+0000] {processor.py:208} INFO - Processing /opt/airflow/dags/spark_interval_ingestion.py took 0.067 seconds
[2026-05-23T09:52:31.856+0000] {processor.py:186} INFO - Started process (PID=1543) to work on /opt/airflow/dags/spark_interval_ingestion.py
[2026-05-23T09:52:31.856+0000] {processor.py:914} INFO - Processing file /opt/airflow/dags/spark_interval_ingestion.py for tasks to queue
[2026-05-23T09:52:31.860+0000] {logging_mixin.py:190} INFO - [2026-05-23T09:52:31.858+0000] {dagbag.py:588} INFO - Filling up the DagBag from /opt/airflow/dags/spark_interval_ingestion.py
[2026-05-23T09:52:31.878+0000] {processor.py:925} INFO - DAG(s) 'fraud_pipeline_bronze_hourly' retrieved from /opt/airflow/dags/spark_interval_ingestion.py
[2026-05-23T09:52:31.897+0000] {logging_mixin.py:190} INFO - [2026-05-23T09:52:31.897+0000] {dag.py:3239} INFO - Sync 1 DAGs
[2026-05-23T09:52:31.910+0000] {logging_mixin.py:190} INFO - [2026-05-23T09:52:31.910+0000] {dag.py:4180} INFO - Setting next_dagrun for fraud_pipeline_bronze_hourly to 2026-05-23 09:50:00+00:00, run_after=2026-05-23 09:55:00+00:00
[2026-05-23T09:52:31.919+0000] {processor.py:208} INFO - Processing /opt/airflow/dags/spark_interval_ingestion.py took 0.069 seconds
[2026-05-23T09:53:02.082+0000] {processor.py:186} INFO - Started process (PID=1548) to work on /opt/airflow/dags/spark_interval_ingestion.py
[2026-05-23T09:53:02.083+0000] {processor.py:914} INFO - Processing file /opt/airflow/dags/spark_interval_ingestion.py for tasks to queue
[2026-05-23T09:53:02.085+0000] {logging_mixin.py:190} INFO - [2026-05-23T09:53:02.084+0000] {dagbag.py:588} INFO - Filling up the DagBag from /opt/airflow/dags/spark_interval_ingestion.py
[2026-05-23T09:53:02.094+0000] {processor.py:925} INFO - DAG(s) 'fraud_pipeline_bronze_hourly' retrieved from /opt/airflow/dags/spark_interval_ingestion.py
[2026-05-23T09:53:02.108+0000] {logging_mixin.py:190} INFO - [2026-05-23T09:53:02.108+0000] {dag.py:3239} INFO - Sync 1 DAGs
[2026-05-23T09:53:02.119+0000] {logging_mixin.py:190} INFO - [2026-05-23T09:53:02.119+0000] {dag.py:4180} INFO - Setting next_dagrun for fraud_pipeline_bronze_hourly to 2026-05-23 09:50:00+00:00, run_after=2026-05-23 09:55:00+00:00
[2026-05-23T09:53:02.125+0000] {processor.py:208} INFO - Processing /opt/airflow/dags/spark_interval_ingestion.py took 0.048 seconds
[2026-05-23T09:53:32.300+0000] {processor.py:186} INFO - Started process (PID=1595) to work on /opt/airflow/dags/spark_interval_ingestion.py
[2026-05-23T09:53:32.301+0000] {processor.py:914} INFO - Processing file /opt/airflow/dags/spark_interval_ingestion.py for tasks to queue
[2026-05-23T09:53:32.303+0000] {logging_mixin.py:190} INFO - [2026-05-23T09:53:32.302+0000] {dagbag.py:588} INFO - Filling up the DagBag from /opt/airflow/dags/spark_interval_ingestion.py
[2026-05-23T09:53:32.315+0000] {processor.py:925} INFO - DAG(s) 'fraud_pipeline_bronze_hourly' retrieved from /opt/airflow/dags/spark_interval_ingestion.py
[2026-05-23T09:53:32.342+0000] {logging_mixin.py:190} INFO - [2026-05-23T09:53:32.342+0000] {dag.py:3239} INFO - Sync 1 DAGs
[2026-05-23T09:53:32.355+0000] {logging_mixin.py:190} INFO - [2026-05-23T09:53:32.355+0000] {dag.py:4180} INFO - Setting next_dagrun for fraud_pipeline_bronze_hourly to 2026-05-23 09:50:00+00:00, run_after=2026-05-23 09:55:00+00:00
[2026-05-23T09:53:32.364+0000] {processor.py:208} INFO - Processing /opt/airflow/dags/spark_interval_ingestion.py took 0.070 seconds
[2026-05-23T09:54:02.502+0000] {processor.py:186} INFO - Started process (PID=1600) to work on /opt/airflow/dags/spark_interval_ingestion.py
[2026-05-23T09:54:02.503+0000] {processor.py:914} INFO - Processing file /opt/airflow/dags/spark_interval_ingestion.py for tasks to queue
[2026-05-23T09:54:02.505+0000] {logging_mixin.py:190} INFO - [2026-05-23T09:54:02.504+0000] {dagbag.py:588} INFO - Filling up the DagBag from /opt/airflow/dags/spark_interval_ingestion.py
[2026-05-23T09:54:02.514+0000] {processor.py:925} INFO - DAG(s) 'fraud_pipeline_bronze_hourly' retrieved from /opt/airflow/dags/spark_interval_ingestion.py
[2026-05-23T09:54:02.538+0000] {logging_mixin.py:190} INFO - [2026-05-23T09:54:02.537+0000] {dag.py:3239} INFO - Sync 1 DAGs
[2026-05-23T09:54:02.551+0000] {logging_mixin.py:190} INFO - [2026-05-23T09:54:02.551+0000] {dag.py:4180} INFO - Setting next_dagrun for fraud_pipeline_bronze_hourly to 2026-05-23 09:50:00+00:00, run_after=2026-05-23 09:55:00+00:00
[2026-05-23T09:54:02.558+0000] {processor.py:208} INFO - Processing /opt/airflow/dags/spark_interval_ingestion.py took 0.063 seconds
[2026-05-23T09:54:32.791+0000] {processor.py:186} INFO - Started process (PID=1605) to work on /opt/airflow/dags/spark_interval_ingestion.py
[2026-05-23T09:54:32.793+0000] {processor.py:914} INFO - Processing file /opt/airflow/dags/spark_interval_ingestion.py for tasks to queue
[2026-05-23T09:54:32.795+0000] {logging_mixin.py:190} INFO - [2026-05-23T09:54:32.794+0000] {dagbag.py:588} INFO - Filling up the DagBag from /opt/airflow/dags/spark_interval_ingestion.py
[2026-05-23T09:54:32.810+0000] {processor.py:925} INFO - DAG(s) 'fraud_pipeline_bronze_hourly' retrieved from /opt/airflow/dags/spark_interval_ingestion.py
[2026-05-23T09:54:32.842+0000] {logging_mixin.py:190} INFO - [2026-05-23T09:54:32.842+0000] {dag.py:3239} INFO - Sync 1 DAGs
[2026-05-23T09:54:32.862+0000] {logging_mixin.py:190} INFO - [2026-05-23T09:54:32.862+0000] {dag.py:4180} INFO - Setting next_dagrun for fraud_pipeline_bronze_hourly to 2026-05-23 09:50:00+00:00, run_after=2026-05-23 09:55:00+00:00
[2026-05-23T09:54:32.872+0000] {processor.py:208} INFO - Processing /opt/airflow/dags/spark_interval_ingestion.py took 0.087 seconds
[2026-05-23T09:55:03.001+0000] {processor.py:186} INFO - Started process (PID=1805) to work on /opt/airflow/dags/spark_interval_ingestion.py
[2026-05-23T09:55:03.001+0000] {processor.py:914} INFO - Processing file /opt/airflow/dags/spark_interval_ingestion.py for tasks to queue
[2026-05-23T09:55:03.002+0000] {logging_mixin.py:190} INFO - [2026-05-23T09:55:03.002+0000] {dagbag.py:588} INFO - Filling up the DagBag from /opt/airflow/dags/spark_interval_ingestion.py
[2026-05-23T09:55:03.009+0000] {processor.py:925} INFO - DAG(s) 'fraud_pipeline_bronze_hourly' retrieved from /opt/airflow/dags/spark_interval_ingestion.py
[2026-05-23T09:55:03.025+0000] {logging_mixin.py:190} INFO - [2026-05-23T09:55:03.025+0000] {dag.py:3239} INFO - Sync 1 DAGs
[2026-05-23T09:55:03.036+0000] {logging_mixin.py:190} INFO - [2026-05-23T09:55:03.036+0000] {dag.py:4180} INFO - Setting next_dagrun for fraud_pipeline_bronze_hourly to 2026-05-23 09:55:00+00:00, run_after=2026-05-23 10:00:00+00:00
[2026-05-23T09:55:03.047+0000] {processor.py:208} INFO - Processing /opt/airflow/dags/spark_interval_ingestion.py took 0.051 seconds
[2026-05-23T09:55:33.246+0000] {processor.py:186} INFO - Started process (PID=1819) to work on /opt/airflow/dags/spark_interval_ingestion.py
[2026-05-23T09:55:33.247+0000] {processor.py:914} INFO - Processing file /opt/airflow/dags/spark_interval_ingestion.py for tasks to queue
[2026-05-23T09:55:33.248+0000] {logging_mixin.py:190} INFO - [2026-05-23T09:55:33.247+0000] {dagbag.py:588} INFO - Filling up the DagBag from /opt/airflow/dags/spark_interval_ingestion.py
[2026-05-23T09:55:33.256+0000] {processor.py:925} INFO - DAG(s) 'fraud_pipeline_bronze_hourly' retrieved from /opt/airflow/dags/spark_interval_ingestion.py
[2026-05-23T09:55:33.271+0000] {logging_mixin.py:190} INFO - [2026-05-23T09:55:33.271+0000] {dag.py:3239} INFO - Sync 1 DAGs
[2026-05-23T09:55:33.280+0000] {logging_mixin.py:190} INFO - [2026-05-23T09:55:33.280+0000] {dag.py:4180} INFO - Setting next_dagrun for fraud_pipeline_bronze_hourly to 2026-05-23 09:55:00+00:00, run_after=2026-05-23 10:00:00+00:00
[2026-05-23T09:55:33.285+0000] {processor.py:208} INFO - Processing /opt/airflow/dags/spark_interval_ingestion.py took 0.043 seconds
[2026-05-23T09:56:03.457+0000] {processor.py:186} INFO - Started process (PID=1824) to work on /opt/airflow/dags/spark_interval_ingestion.py
[2026-05-23T09:56:03.458+0000] {processor.py:914} INFO - Processing file /opt/airflow/dags/spark_interval_ingestion.py for tasks to queue
[2026-05-23T09:56:03.458+0000] {logging_mixin.py:190} INFO - [2026-05-23T09:56:03.458+0000] {dagbag.py:588} INFO - Filling up the DagBag from /opt/airflow/dags/spark_interval_ingestion.py
[2026-05-23T09:56:03.470+0000] {processor.py:925} INFO - DAG(s) 'fraud_pipeline_bronze_hourly' retrieved from /opt/airflow/dags/spark_interval_ingestion.py
[2026-05-23T09:56:03.493+0000] {logging_mixin.py:190} INFO - [2026-05-23T09:56:03.493+0000] {dag.py:3239} INFO - Sync 1 DAGs
[2026-05-23T09:56:03.508+0000] {logging_mixin.py:190} INFO - [2026-05-23T09:56:03.508+0000] {dag.py:4180} INFO - Setting next_dagrun for fraud_pipeline_bronze_hourly to 2026-05-23 09:55:00+00:00, run_after=2026-05-23 10:00:00+00:00
[2026-05-23T09:56:03.515+0000] {processor.py:208} INFO - Processing /opt/airflow/dags/spark_interval_ingestion.py took 0.063 seconds
[2026-05-23T09:56:33.669+0000] {processor.py:186} INFO - Started process (PID=1830) to work on /opt/airflow/dags/spark_interval_ingestion.py
[2026-05-23T09:56:33.670+0000] {processor.py:914} INFO - Processing file /opt/airflow/dags/spark_interval_ingestion.py for tasks to queue
[2026-05-23T09:56:33.671+0000] {logging_mixin.py:190} INFO - [2026-05-23T09:56:33.671+0000] {dagbag.py:588} INFO - Filling up the DagBag from /opt/airflow/dags/spark_interval_ingestion.py
[2026-05-23T09:56:33.693+0000] {processor.py:925} INFO - DAG(s) 'fraud_pipeline_bronze_hourly' retrieved from /opt/airflow/dags/spark_interval_ingestion.py
[2026-05-23T09:56:33.712+0000] {logging_mixin.py:190} INFO - [2026-05-23T09:56:33.712+0000] {dag.py:3239} INFO - Sync 1 DAGs
[2026-05-23T09:56:33.725+0000] {logging_mixin.py:190} INFO - [2026-05-23T09:56:33.725+0000] {dag.py:4180} INFO - Setting next_dagrun for fraud_pipeline_bronze_hourly to 2026-05-23 09:55:00+00:00, run_after=2026-05-23 10:00:00+00:00
[2026-05-23T09:56:33.735+0000] {processor.py:208} INFO - Processing /opt/airflow/dags/spark_interval_ingestion.py took 0.072 seconds
[2026-05-23T09:57:03.879+0000] {processor.py:186} INFO - Started process (PID=2035) to work on /opt/airflow/dags/spark_interval_ingestion.py
[2026-05-23T09:57:03.879+0000] {processor.py:914} INFO - Processing file /opt/airflow/dags/spark_interval_ingestion.py for tasks to queue
[2026-05-23T09:57:03.880+0000] {logging_mixin.py:190} INFO - [2026-05-23T09:57:03.880+0000] {dagbag.py:588} INFO - Filling up the DagBag from /opt/airflow/dags/spark_interval_ingestion.py
[2026-05-23T09:57:03.895+0000] {processor.py:925} INFO - DAG(s) 'fraud_pipeline_bronze_hourly' retrieved from /opt/airflow/dags/spark_interval_ingestion.py
[2026-05-23T09:57:03.916+0000] {logging_mixin.py:190} INFO - [2026-05-23T09:57:03.916+0000] {dag.py:3239} INFO - Sync 1 DAGs
[2026-05-23T09:57:03.929+0000] {logging_mixin.py:190} INFO - [2026-05-23T09:57:03.929+0000] {dag.py:4180} INFO - Setting next_dagrun for fraud_pipeline_bronze_hourly to 2026-05-23 09:55:00+00:00, run_after=2026-05-23 10:00:00+00:00
[2026-05-23T09:57:03.935+0000] {processor.py:208} INFO - Processing /opt/airflow/dags/spark_interval_ingestion.py took 0.063 seconds
[2026-05-23T09:57:34.102+0000] {processor.py:186} INFO - Started process (PID=2044) to work on /opt/airflow/dags/spark_interval_ingestion.py
[2026-05-23T09:57:34.102+0000] {processor.py:914} INFO - Processing file /opt/airflow/dags/spark_interval_ingestion.py for tasks to queue
[2026-05-23T09:57:34.104+0000] {logging_mixin.py:190} INFO - [2026-05-23T09:57:34.104+0000] {dagbag.py:588} INFO - Filling up the DagBag from /opt/airflow/dags/spark_interval_ingestion.py
[2026-05-23T09:57:34.113+0000] {processor.py:925} INFO - DAG(s) 'fraud_pipeline_bronze_hourly' retrieved from /opt/airflow/dags/spark_interval_ingestion.py
[2026-05-23T09:57:34.132+0000] {logging_mixin.py:190} INFO - [2026-05-23T09:57:34.132+0000] {dag.py:3239} INFO - Sync 1 DAGs
[2026-05-23T09:57:34.143+0000] {logging_mixin.py:190} INFO - [2026-05-23T09:57:34.143+0000] {dag.py:4180} INFO - Setting next_dagrun for fraud_pipeline_bronze_hourly to 2026-05-23 09:55:00+00:00, run_after=2026-05-23 10:00:00+00:00
[2026-05-23T09:57:34.150+0000] {processor.py:208} INFO - Processing /opt/airflow/dags/spark_interval_ingestion.py took 0.054 seconds
[2026-05-23T09:58:04.287+0000] {processor.py:186} INFO - Started process (PID=2050) to work on /opt/airflow/dags/spark_interval_ingestion.py
[2026-05-23T09:58:04.288+0000] {processor.py:914} INFO - Processing file /opt/airflow/dags/spark_interval_ingestion.py for tasks to queue
[2026-05-23T09:58:04.288+0000] {logging_mixin.py:190} INFO - [2026-05-23T09:58:04.288+0000] {dagbag.py:588} INFO - Filling up the DagBag from /opt/airflow/dags/spark_interval_ingestion.py
[2026-05-23T09:58:04.295+0000] {processor.py:925} INFO - DAG(s) 'fraud_pipeline_bronze_hourly' retrieved from /opt/airflow/dags/spark_interval_ingestion.py
[2026-05-23T09:58:04.311+0000] {logging_mixin.py:190} INFO - [2026-05-23T09:58:04.311+0000] {dag.py:3239} INFO - Sync 1 DAGs
[2026-05-23T09:58:04.323+0000] {logging_mixin.py:190} INFO - [2026-05-23T09:58:04.323+0000] {dag.py:4180} INFO - Setting next_dagrun for fraud_pipeline_bronze_hourly to 2026-05-23 09:55:00+00:00, run_after=2026-05-23 10:00:00+00:00
[2026-05-23T09:58:04.331+0000] {processor.py:208} INFO - Processing /opt/airflow/dags/spark_interval_ingestion.py took 0.047 seconds
[2026-05-23T09:58:34.480+0000] {processor.py:186} INFO - Started process (PID=2297) to work on /opt/airflow/dags/spark_interval_ingestion.py
[2026-05-23T09:58:34.481+0000] {processor.py:914} INFO - Processing file /opt/airflow/dags/spark_interval_ingestion.py for tasks to queue
[2026-05-23T09:58:34.482+0000] {logging_mixin.py:190} INFO - [2026-05-23T09:58:34.481+0000] {dagbag.py:588} INFO - Filling up the DagBag from /opt/airflow/dags/spark_interval_ingestion.py
[2026-05-23T09:58:34.490+0000] {processor.py:925} INFO - DAG(s) 'fraud_pipeline_bronze_hourly' retrieved from /opt/airflow/dags/spark_interval_ingestion.py
[2026-05-23T09:58:34.505+0000] {logging_mixin.py:190} INFO - [2026-05-23T09:58:34.505+0000] {dag.py:3239} INFO - Sync 1 DAGs
[2026-05-23T09:58:34.518+0000] {logging_mixin.py:190} INFO - [2026-05-23T09:58:34.518+0000] {dag.py:4180} INFO - Setting next_dagrun for fraud_pipeline_bronze_hourly to 2026-05-23 09:55:00+00:00, run_after=2026-05-23 10:00:00+00:00
[2026-05-23T09:58:34.525+0000] {processor.py:208} INFO - Processing /opt/airflow/dags/spark_interval_ingestion.py took 0.049 seconds
[2026-05-23T09:59:04.679+0000] {processor.py:186} INFO - Started process (PID=2303) to work on /opt/airflow/dags/spark_interval_ingestion.py
[2026-05-23T09:59:04.679+0000] {processor.py:914} INFO - Processing file /opt/airflow/dags/spark_interval_ingestion.py for tasks to queue
[2026-05-23T09:59:04.680+0000] {logging_mixin.py:190} INFO - [2026-05-23T09:59:04.680+0000] {dagbag.py:588} INFO - Filling up the DagBag from /opt/airflow/dags/spark_interval_ingestion.py
[2026-05-23T09:59:04.689+0000] {processor.py:925} INFO - DAG(s) 'fraud_pipeline_bronze_hourly' retrieved from /opt/airflow/dags/spark_interval_ingestion.py
[2026-05-23T09:59:04.705+0000] {logging_mixin.py:190} INFO - [2026-05-23T09:59:04.705+0000] {dag.py:3239} INFO - Sync 1 DAGs
[2026-05-23T09:59:04.717+0000] {logging_mixin.py:190} INFO - [2026-05-23T09:59:04.717+0000] {dag.py:4180} INFO - Setting next_dagrun for fraud_pipeline_bronze_hourly to 2026-05-23 09:55:00+00:00, run_after=2026-05-23 10:00:00+00:00
[2026-05-23T09:59:04.724+0000] {processor.py:208} INFO - Processing /opt/airflow/dags/spark_interval_ingestion.py took 0.050 seconds
[2026-05-23T09:59:34.929+0000] {processor.py:186} INFO - Started process (PID=2309) to work on /opt/airflow/dags/spark_interval_ingestion.py
[2026-05-23T09:59:34.930+0000] {processor.py:914} INFO - Processing file /opt/airflow/dags/spark_interval_ingestion.py for tasks to queue
[2026-05-23T09:59:34.931+0000] {logging_mixin.py:190} INFO - [2026-05-23T09:59:34.931+0000] {dagbag.py:588} INFO - Filling up the DagBag from /opt/airflow/dags/spark_interval_ingestion.py
[2026-05-23T09:59:34.941+0000] {processor.py:925} INFO - DAG(s) 'fraud_pipeline_bronze_hourly' retrieved from /opt/airflow/dags/spark_interval_ingestion.py
[2026-05-23T09:59:34.958+0000] {logging_mixin.py:190} INFO - [2026-05-23T09:59:34.957+0000] {dag.py:3239} INFO - Sync 1 DAGs
[2026-05-23T09:59:34.970+0000] {logging_mixin.py:190} INFO - [2026-05-23T09:59:34.970+0000] {dag.py:4180} INFO - Setting next_dagrun for fraud_pipeline_bronze_hourly to 2026-05-23 09:55:00+00:00, run_after=2026-05-23 10:00:00+00:00
[2026-05-23T09:59:34.977+0000] {processor.py:208} INFO - Processing /opt/airflow/dags/spark_interval_ingestion.py took 0.051 seconds
[2026-05-23T10:00:05.124+0000] {processor.py:186} INFO - Started process (PID=2510) to work on /opt/airflow/dags/spark_interval_ingestion.py
[2026-05-23T10:00:05.125+0000] {processor.py:914} INFO - Processing file /opt/airflow/dags/spark_interval_ingestion.py for tasks to queue
[2026-05-23T10:00:05.126+0000] {logging_mixin.py:190} INFO - [2026-05-23T10:00:05.125+0000] {dagbag.py:588} INFO - Filling up the DagBag from /opt/airflow/dags/spark_interval_ingestion.py
[2026-05-23T10:00:05.138+0000] {processor.py:925} INFO - DAG(s) 'fraud_pipeline_bronze_hourly' retrieved from /opt/airflow/dags/spark_interval_ingestion.py
[2026-05-23T10:00:05.163+0000] {logging_mixin.py:190} INFO - [2026-05-23T10:00:05.163+0000] {dag.py:3239} INFO - Sync 1 DAGs
[2026-05-23T10:00:05.180+0000] {logging_mixin.py:190} INFO - [2026-05-23T10:00:05.179+0000] {dag.py:4180} INFO - Setting next_dagrun for fraud_pipeline_bronze_hourly to 2026-05-23 10:00:00+00:00, run_after=2026-05-23 10:05:00+00:00
[2026-05-23T10:00:05.187+0000] {processor.py:208} INFO - Processing /opt/airflow/dags/spark_interval_ingestion.py took 0.067 seconds
[2026-05-23T10:00:35.341+0000] {processor.py:186} INFO - Started process (PID=2561) to work on /opt/airflow/dags/spark_interval_ingestion.py
[2026-05-23T10:00:35.341+0000] {processor.py:914} INFO - Processing file /opt/airflow/dags/spark_interval_ingestion.py for tasks to queue
[2026-05-23T10:00:35.342+0000] {logging_mixin.py:190} INFO - [2026-05-23T10:00:35.342+0000] {dagbag.py:588} INFO - Filling up the DagBag from /opt/airflow/dags/spark_interval_ingestion.py
[2026-05-23T10:00:35.357+0000] {processor.py:925} INFO - DAG(s) 'fraud_pipeline_bronze_hourly' retrieved from /opt/airflow/dags/spark_interval_ingestion.py
[2026-05-23T10:00:35.379+0000] {logging_mixin.py:190} INFO - [2026-05-23T10:00:35.378+0000] {dag.py:3239} INFO - Sync 1 DAGs
[2026-05-23T10:00:35.394+0000] {logging_mixin.py:190} INFO - [2026-05-23T10:00:35.394+0000] {dag.py:4180} INFO - Setting next_dagrun for fraud_pipeline_bronze_hourly to 2026-05-23 10:00:00+00:00, run_after=2026-05-23 10:05:00+00:00
[2026-05-23T10:00:35.401+0000] {processor.py:208} INFO - Processing /opt/airflow/dags/spark_interval_ingestion.py took 0.068 seconds
[2026-05-23T10:01:05.586+0000] {processor.py:186} INFO - Started process (PID=2569) to work on /opt/airflow/dags/spark_interval_ingestion.py
[2026-05-23T10:01:05.587+0000] {processor.py:914} INFO - Processing file /opt/airflow/dags/spark_interval_ingestion.py for tasks to queue
[2026-05-23T10:01:05.589+0000] {logging_mixin.py:190} INFO - [2026-05-23T10:01:05.589+0000] {dagbag.py:588} INFO - Filling up the DagBag from /opt/airflow/dags/spark_interval_ingestion.py
[2026-05-23T10:01:05.603+0000] {processor.py:925} INFO - DAG(s) 'fraud_pipeline_bronze_hourly' retrieved from /opt/airflow/dags/spark_interval_ingestion.py
[2026-05-23T10:01:05.628+0000] {logging_mixin.py:190} INFO - [2026-05-23T10:01:05.627+0000] {dag.py:3239} INFO - Sync 1 DAGs
[2026-05-23T10:01:05.646+0000] {logging_mixin.py:190} INFO - [2026-05-23T10:01:05.646+0000] {dag.py:4180} INFO - Setting next_dagrun for fraud_pipeline_bronze_hourly to 2026-05-23 10:00:00+00:00, run_after=2026-05-23 10:05:00+00:00
[2026-05-23T10:01:05.654+0000] {processor.py:208} INFO - Processing /opt/airflow/dags/spark_interval_ingestion.py took 0.075 seconds
[2026-05-23T10:03:50.548+0000] {processor.py:186} INFO - Started process (PID=159) to work on /opt/airflow/dags/spark_interval_ingestion.py
[2026-05-23T10:03:50.549+0000] {processor.py:914} INFO - Processing file /opt/airflow/dags/spark_interval_ingestion.py for tasks to queue
[2026-05-23T10:03:50.551+0000] {logging_mixin.py:190} INFO - [2026-05-23T10:03:50.551+0000] {dagbag.py:588} INFO - Filling up the DagBag from /opt/airflow/dags/spark_interval_ingestion.py
[2026-05-23T10:03:50.563+0000] {processor.py:925} INFO - DAG(s) 'fraud_pipeline_bronze_hourly' retrieved from /opt/airflow/dags/spark_interval_ingestion.py
[2026-05-23T10:03:50.657+0000] {logging_mixin.py:190} INFO - [2026-05-23T10:03:50.657+0000] {override.py:1932} INFO - Created Permission View: can read on DAG:fraud_pipeline_bronze_hourly
[2026-05-23T10:03:50.660+0000] {logging_mixin.py:190} INFO - [2026-05-23T10:03:50.660+0000] {override.py:1932} INFO - Created Permission View: can edit on DAG:fraud_pipeline_bronze_hourly
[2026-05-23T10:03:50.662+0000] {logging_mixin.py:190} INFO - [2026-05-23T10:03:50.662+0000] {override.py:1932} INFO - Created Permission View: can delete on DAG:fraud_pipeline_bronze_hourly
[2026-05-23T10:03:50.665+0000] {logging_mixin.py:190} INFO - [2026-05-23T10:03:50.665+0000] {override.py:1932} INFO - Created Permission View: can create on DAG Run:fraud_pipeline_bronze_hourly
[2026-05-23T10:03:50.667+0000] {logging_mixin.py:190} INFO - [2026-05-23T10:03:50.667+0000] {override.py:1932} INFO - Created Permission View: can read on DAG Run:fraud_pipeline_bronze_hourly
[2026-05-23T10:03:50.669+0000] {logging_mixin.py:190} INFO - [2026-05-23T10:03:50.669+0000] {override.py:1932} INFO - Created Permission View: can delete on DAG Run:fraud_pipeline_bronze_hourly
[2026-05-23T10:03:50.671+0000] {logging_mixin.py:190} INFO - [2026-05-23T10:03:50.671+0000] {override.py:1932} INFO - Created Permission View: menu access on DAG Run:fraud_pipeline_bronze_hourly
[2026-05-23T10:03:50.671+0000] {logging_mixin.py:190} INFO - [2026-05-23T10:03:50.671+0000] {dag.py:3239} INFO - Sync 1 DAGs
[2026-05-23T10:03:50.677+0000] {logging_mixin.py:190} INFO - [2026-05-23T10:03:50.677+0000] {dag.py:3262} INFO - Creating ORM DAG for fraud_pipeline_bronze_hourly
[2026-05-23T10:03:50.681+0000] {logging_mixin.py:190} INFO - [2026-05-23T10:03:50.681+0000] {dag.py:4180} INFO - Setting next_dagrun for fraud_pipeline_bronze_hourly to 2026-05-23 09:55:00+00:00, run_after=2026-05-23 10:00:00+00:00
[2026-05-23T10:03:50.690+0000] {processor.py:208} INFO - Processing /opt/airflow/dags/spark_interval_ingestion.py took 0.145 seconds
[2026-05-23T10:04:20.715+0000] {processor.py:186} INFO - Started process (PID=330) to work on /opt/airflow/dags/spark_interval_ingestion.py
[2026-05-23T10:04:20.716+0000] {processor.py:914} INFO - Processing file /opt/airflow/dags/spark_interval_ingestion.py for tasks to queue
[2026-05-23T10:04:20.716+0000] {logging_mixin.py:190} INFO - [2026-05-23T10:04:20.716+0000] {dagbag.py:588} INFO - Filling up the DagBag from /opt/airflow/dags/spark_interval_ingestion.py
[2026-05-23T10:04:20.722+0000] {processor.py:925} INFO - DAG(s) 'fraud_pipeline_bronze_hourly' retrieved from /opt/airflow/dags/spark_interval_ingestion.py
[2026-05-23T10:04:20.735+0000] {logging_mixin.py:190} INFO - [2026-05-23T10:04:20.735+0000] {dag.py:3239} INFO - Sync 1 DAGs
[2026-05-23T10:04:20.744+0000] {logging_mixin.py:190} INFO - [2026-05-23T10:04:20.744+0000] {dag.py:4180} INFO - Setting next_dagrun for fraud_pipeline_bronze_hourly to 2026-05-23 10:00:00+00:00, run_after=2026-05-23 10:05:00+00:00
[2026-05-23T10:04:20.751+0000] {processor.py:208} INFO - Processing /opt/airflow/dags/spark_interval_ingestion.py took 0.039 seconds
[2026-05-23T10:04:50.883+0000] {processor.py:186} INFO - Started process (PID=338) to work on /opt/airflow/dags/spark_interval_ingestion.py
[2026-05-23T10:04:50.883+0000] {processor.py:914} INFO - Processing file /opt/airflow/dags/spark_interval_ingestion.py for tasks to queue
[2026-05-23T10:04:50.884+0000] {logging_mixin.py:190} INFO - [2026-05-23T10:04:50.884+0000] {dagbag.py:588} INFO - Filling up the DagBag from /opt/airflow/dags/spark_interval_ingestion.py
[2026-05-23T10:04:50.890+0000] {processor.py:925} INFO - DAG(s) 'fraud_pipeline_bronze_hourly' retrieved from /opt/airflow/dags/spark_interval_ingestion.py
[2026-05-23T10:04:50.901+0000] {logging_mixin.py:190} INFO - [2026-05-23T10:04:50.901+0000] {dag.py:3239} INFO - Sync 1 DAGs
[2026-05-23T10:04:50.910+0000] {logging_mixin.py:190} INFO - [2026-05-23T10:04:50.910+0000] {dag.py:4180} INFO - Setting next_dagrun for fraud_pipeline_bronze_hourly to 2026-05-23 10:00:00+00:00, run_after=2026-05-23 10:05:00+00:00
[2026-05-23T10:04:50.915+0000] {processor.py:208} INFO - Processing /opt/airflow/dags/spark_interval_ingestion.py took 0.034 seconds
[2026-05-23T10:05:21.101+0000] {processor.py:186} INFO - Started process (PID=681) to work on /opt/airflow/dags/spark_interval_ingestion.py
[2026-05-23T10:05:21.102+0000] {processor.py:914} INFO - Processing file /opt/airflow/dags/spark_interval_ingestion.py for tasks to queue
[2026-05-23T10:05:21.104+0000] {logging_mixin.py:190} INFO - [2026-05-23T10:05:21.104+0000] {dagbag.py:588} INFO - Filling up the DagBag from /opt/airflow/dags/spark_interval_ingestion.py
[2026-05-23T10:05:21.122+0000] {processor.py:925} INFO - DAG(s) 'fraud_pipeline_bronze_hourly' retrieved from /opt/airflow/dags/spark_interval_ingestion.py
[2026-05-23T10:05:21.152+0000] {logging_mixin.py:190} INFO - [2026-05-23T10:05:21.151+0000] {dag.py:3239} INFO - Sync 1 DAGs
[2026-05-23T10:05:21.166+0000] {logging_mixin.py:190} INFO - [2026-05-23T10:05:21.166+0000] {dag.py:4180} INFO - Setting next_dagrun for fraud_pipeline_bronze_hourly to 2026-05-23 10:05:00+00:00, run_after=2026-05-23 10:10:00+00:00
[2026-05-23T10:05:21.172+0000] {processor.py:208} INFO - Processing /opt/airflow/dags/spark_interval_ingestion.py took 0.078 seconds
[2026-05-23T10:05:51.314+0000] {processor.py:186} INFO - Started process (PID=768) to work on /opt/airflow/dags/spark_interval_ingestion.py
[2026-05-23T10:05:51.315+0000] {processor.py:914} INFO - Processing file /opt/airflow/dags/spark_interval_ingestion.py for tasks to queue
[2026-05-23T10:05:51.317+0000] {logging_mixin.py:190} INFO - [2026-05-23T10:05:51.316+0000] {dagbag.py:588} INFO - Filling up the DagBag from /opt/airflow/dags/spark_interval_ingestion.py
[2026-05-23T10:05:51.333+0000] {processor.py:925} INFO - DAG(s) 'fraud_pipeline_bronze_hourly' retrieved from /opt/airflow/dags/spark_interval_ingestion.py
[2026-05-23T10:05:51.350+0000] {logging_mixin.py:190} INFO - [2026-05-23T10:05:51.350+0000] {dag.py:3239} INFO - Sync 1 DAGs
[2026-05-23T10:05:51.362+0000] {logging_mixin.py:190} INFO - [2026-05-23T10:05:51.362+0000] {dag.py:4180} INFO - Setting next_dagrun for fraud_pipeline_bronze_hourly to 2026-05-23 10:05:00+00:00, run_after=2026-05-23 10:10:00+00:00
[2026-05-23T10:05:51.369+0000] {processor.py:208} INFO - Processing /opt/airflow/dags/spark_interval_ingestion.py took 0.061 seconds
[2026-05-23T10:06:21.514+0000] {processor.py:186} INFO - Started process (PID=973) to work on /opt/airflow/dags/spark_interval_ingestion.py
[2026-05-23T10:06:21.514+0000] {processor.py:914} INFO - Processing file /opt/airflow/dags/spark_interval_ingestion.py for tasks to queue
[2026-05-23T10:06:21.516+0000] {logging_mixin.py:190} INFO - [2026-05-23T10:06:21.516+0000] {dagbag.py:588} INFO - Filling up the DagBag from /opt/airflow/dags/spark_interval_ingestion.py
[2026-05-23T10:06:21.526+0000] {processor.py:925} INFO - DAG(s) 'fraud_pipeline_bronze_hourly' retrieved from /opt/airflow/dags/spark_interval_ingestion.py
[2026-05-23T10:06:21.544+0000] {logging_mixin.py:190} INFO - [2026-05-23T10:06:21.544+0000] {dag.py:3239} INFO - Sync 1 DAGs
[2026-05-23T10:06:21.554+0000] {logging_mixin.py:190} INFO - [2026-05-23T10:06:21.554+0000] {dag.py:4180} INFO - Setting next_dagrun for fraud_pipeline_bronze_hourly to 2026-05-23 10:05:00+00:00, run_after=2026-05-23 10:10:00+00:00
[2026-05-23T10:06:21.561+0000] {processor.py:208} INFO - Processing /opt/airflow/dags/spark_interval_ingestion.py took 0.053 seconds
[2026-05-23T10:06:51.725+0000] {processor.py:186} INFO - Started process (PID=981) to work on /opt/airflow/dags/spark_interval_ingestion.py
[2026-05-23T10:06:51.725+0000] {processor.py:914} INFO - Processing file /opt/airflow/dags/spark_interval_ingestion.py for tasks to queue
[2026-05-23T10:06:51.726+0000] {logging_mixin.py:190} INFO - [2026-05-23T10:06:51.726+0000] {dagbag.py:588} INFO - Filling up the DagBag from /opt/airflow/dags/spark_interval_ingestion.py
[2026-05-23T10:06:51.736+0000] {processor.py:925} INFO - DAG(s) 'fraud_pipeline_bronze_hourly' retrieved from /opt/airflow/dags/spark_interval_ingestion.py
[2026-05-23T10:06:51.752+0000] {logging_mixin.py:190} INFO - [2026-05-23T10:06:51.752+0000] {dag.py:3239} INFO - Sync 1 DAGs
[2026-05-23T10:06:51.769+0000] {logging_mixin.py:190} INFO - [2026-05-23T10:06:51.769+0000] {dag.py:4180} INFO - Setting next_dagrun for fraud_pipeline_bronze_hourly to 2026-05-23 10:05:00+00:00, run_after=2026-05-23 10:10:00+00:00
[2026-05-23T10:06:51.775+0000] {processor.py:208} INFO - Processing /opt/airflow/dags/spark_interval_ingestion.py took 0.063 seconds
[2026-05-23T10:07:21.900+0000] {processor.py:186} INFO - Started process (PID=989) to work on /opt/airflow/dags/spark_interval_ingestion.py
[2026-05-23T10:07:21.901+0000] {processor.py:914} INFO - Processing file /opt/airflow/dags/spark_interval_ingestion.py for tasks to queue
[2026-05-23T10:07:21.902+0000] {logging_mixin.py:190} INFO - [2026-05-23T10:07:21.902+0000] {dagbag.py:588} INFO - Filling up the DagBag from /opt/airflow/dags/spark_interval_ingestion.py
[2026-05-23T10:07:21.914+0000] {processor.py:925} INFO - DAG(s) 'fraud_pipeline_bronze_hourly' retrieved from /opt/airflow/dags/spark_interval_ingestion.py
[2026-05-23T10:07:21.933+0000] {logging_mixin.py:190} INFO - [2026-05-23T10:07:21.933+0000] {dag.py:3239} INFO - Sync 1 DAGs
[2026-05-23T10:07:21.946+0000] {logging_mixin.py:190} INFO - [2026-05-23T10:07:21.945+0000] {dag.py:4180} INFO - Setting next_dagrun for fraud_pipeline_bronze_hourly to 2026-05-23 10:05:00+00:00, run_after=2026-05-23 10:10:00+00:00
[2026-05-23T10:07:21.953+0000] {processor.py:208} INFO - Processing /opt/airflow/dags/spark_interval_ingestion.py took 0.058 seconds
[2026-05-23T10:07:52.094+0000] {processor.py:186} INFO - Started process (PID=994) to work on /opt/airflow/dags/spark_interval_ingestion.py
[2026-05-23T10:07:52.094+0000] {processor.py:914} INFO - Processing file /opt/airflow/dags/spark_interval_ingestion.py for tasks to queue
[2026-05-23T10:07:52.096+0000] {logging_mixin.py:190} INFO - [2026-05-23T10:07:52.095+0000] {dagbag.py:588} INFO - Filling up the DagBag from /opt/airflow/dags/spark_interval_ingestion.py
[2026-05-23T10:07:52.106+0000] {processor.py:925} INFO - DAG(s) 'fraud_pipeline_bronze_hourly' retrieved from /opt/airflow/dags/spark_interval_ingestion.py
[2026-05-23T10:07:52.124+0000] {logging_mixin.py:190} INFO - [2026-05-23T10:07:52.124+0000] {dag.py:3239} INFO - Sync 1 DAGs
[2026-05-23T10:07:52.135+0000] {logging_mixin.py:190} INFO - [2026-05-23T10:07:52.135+0000] {dag.py:4180} INFO - Setting next_dagrun for fraud_pipeline_bronze_hourly to 2026-05-23 10:05:00+00:00, run_after=2026-05-23 10:10:00+00:00
[2026-05-23T10:07:52.143+0000] {processor.py:208} INFO - Processing /opt/airflow/dags/spark_interval_ingestion.py took 0.054 seconds
[2026-05-23T10:08:22.329+0000] {processor.py:186} INFO - Started process (PID=1001) to work on /opt/airflow/dags/spark_interval_ingestion.py
[2026-05-23T10:08:22.330+0000] {processor.py:914} INFO - Processing file /opt/airflow/dags/spark_interval_ingestion.py for tasks to queue
[2026-05-23T10:08:22.331+0000] {logging_mixin.py:190} INFO - [2026-05-23T10:08:22.331+0000] {dagbag.py:588} INFO - Filling up the DagBag from /opt/airflow/dags/spark_interval_ingestion.py
[2026-05-23T10:08:22.345+0000] {processor.py:925} INFO - DAG(s) 'fraud_pipeline_bronze_hourly' retrieved from /opt/airflow/dags/spark_interval_ingestion.py
[2026-05-23T10:08:22.386+0000] {logging_mixin.py:190} INFO - [2026-05-23T10:08:22.386+0000] {dag.py:3239} INFO - Sync 1 DAGs
[2026-05-23T10:08:22.400+0000] {logging_mixin.py:190} INFO - [2026-05-23T10:08:22.400+0000] {dag.py:4180} INFO - Setting next_dagrun for fraud_pipeline_bronze_hourly to 2026-05-23 10:05:00+00:00, run_after=2026-05-23 10:10:00+00:00
[2026-05-23T10:08:22.408+0000] {processor.py:208} INFO - Processing /opt/airflow/dags/spark_interval_ingestion.py took 0.085 seconds
[2026-05-23T10:08:52.520+0000] {processor.py:186} INFO - Started process (PID=1006) to work on /opt/airflow/dags/spark_interval_ingestion.py
[2026-05-23T10:08:52.521+0000] {processor.py:914} INFO - Processing file /opt/airflow/dags/spark_interval_ingestion.py for tasks to queue
[2026-05-23T10:08:52.522+0000] {logging_mixin.py:190} INFO - [2026-05-23T10:08:52.521+0000] {dagbag.py:588} INFO - Filling up the DagBag from /opt/airflow/dags/spark_interval_ingestion.py
[2026-05-23T10:08:52.536+0000] {processor.py:925} INFO - DAG(s) 'fraud_pipeline_bronze_hourly' retrieved from /opt/airflow/dags/spark_interval_ingestion.py
[2026-05-23T10:08:52.564+0000] {logging_mixin.py:190} INFO - [2026-05-23T10:08:52.564+0000] {dag.py:3239} INFO - Sync 1 DAGs
[2026-05-23T10:08:52.582+0000] {logging_mixin.py:190} INFO - [2026-05-23T10:08:52.582+0000] {dag.py:4180} INFO - Setting next_dagrun for fraud_pipeline_bronze_hourly to 2026-05-23 10:05:00+00:00, run_after=2026-05-23 10:10:00+00:00
[2026-05-23T10:08:52.589+0000] {processor.py:208} INFO - Processing /opt/airflow/dags/spark_interval_ingestion.py took 0.075 seconds
[2026-05-23T10:09:22.785+0000] {processor.py:186} INFO - Started process (PID=1053) to work on /opt/airflow/dags/spark_interval_ingestion.py
[2026-05-23T10:09:22.786+0000] {processor.py:914} INFO - Processing file /opt/airflow/dags/spark_interval_ingestion.py for tasks to queue
[2026-05-23T10:09:22.787+0000] {logging_mixin.py:190} INFO - [2026-05-23T10:09:22.787+0000] {dagbag.py:588} INFO - Filling up the DagBag from /opt/airflow/dags/spark_interval_ingestion.py
[2026-05-23T10:09:22.800+0000] {processor.py:925} INFO - DAG(s) 'fraud_pipeline_bronze_hourly' retrieved from /opt/airflow/dags/spark_interval_ingestion.py
[2026-05-23T10:09:22.824+0000] {logging_mixin.py:190} INFO - [2026-05-23T10:09:22.824+0000] {dag.py:3239} INFO - Sync 1 DAGs
[2026-05-23T10:09:22.839+0000] {logging_mixin.py:190} INFO - [2026-05-23T10:09:22.839+0000] {dag.py:4180} INFO - Setting next_dagrun for fraud_pipeline_bronze_hourly to 2026-05-23 10:05:00+00:00, run_after=2026-05-23 10:10:00+00:00
[2026-05-23T10:09:22.849+0000] {processor.py:208} INFO - Processing /opt/airflow/dags/spark_interval_ingestion.py took 0.069 seconds
[2026-05-23T10:10:20.039+0000] {processor.py:186} INFO - Started process (PID=159) to work on /opt/airflow/dags/spark_interval_ingestion.py
[2026-05-23T10:10:20.042+0000] {processor.py:914} INFO - Processing file /opt/airflow/dags/spark_interval_ingestion.py for tasks to queue
[2026-05-23T10:10:20.042+0000] {logging_mixin.py:190} INFO - [2026-05-23T10:10:20.042+0000] {dagbag.py:588} INFO - Filling up the DagBag from /opt/airflow/dags/spark_interval_ingestion.py
[2026-05-23T10:10:20.052+0000] {processor.py:925} INFO - DAG(s) 'fraud_pipeline_bronze_hourly' retrieved from /opt/airflow/dags/spark_interval_ingestion.py
[2026-05-23T10:10:20.139+0000] {logging_mixin.py:190} INFO - [2026-05-23T10:10:20.138+0000] {override.py:1932} INFO - Created Permission View: can edit on DAG:fraud_pipeline_bronze_hourly
[2026-05-23T10:10:20.142+0000] {logging_mixin.py:190} INFO - [2026-05-23T10:10:20.142+0000] {override.py:1932} INFO - Created Permission View: can read on DAG:fraud_pipeline_bronze_hourly
[2026-05-23T10:10:20.143+0000] {logging_mixin.py:190} INFO - [2026-05-23T10:10:20.143+0000] {override.py:1932} INFO - Created Permission View: can delete on DAG:fraud_pipeline_bronze_hourly
[2026-05-23T10:10:20.145+0000] {logging_mixin.py:190} INFO - [2026-05-23T10:10:20.145+0000] {override.py:1932} INFO - Created Permission View: menu access on DAG Run:fraud_pipeline_bronze_hourly
[2026-05-23T10:10:20.146+0000] {logging_mixin.py:190} INFO - [2026-05-23T10:10:20.146+0000] {override.py:1932} INFO - Created Permission View: can read on DAG Run:fraud_pipeline_bronze_hourly
[2026-05-23T10:10:20.148+0000] {logging_mixin.py:190} INFO - [2026-05-23T10:10:20.148+0000] {override.py:1932} INFO - Created Permission View: can create on DAG Run:fraud_pipeline_bronze_hourly
[2026-05-23T10:10:20.149+0000] {logging_mixin.py:190} INFO - [2026-05-23T10:10:20.149+0000] {override.py:1932} INFO - Created Permission View: can delete on DAG Run:fraud_pipeline_bronze_hourly
[2026-05-23T10:10:20.149+0000] {logging_mixin.py:190} INFO - [2026-05-23T10:10:20.149+0000] {dag.py:3239} INFO - Sync 1 DAGs
[2026-05-23T10:10:20.153+0000] {logging_mixin.py:190} INFO - [2026-05-23T10:10:20.153+0000] {dag.py:3262} INFO - Creating ORM DAG for fraud_pipeline_bronze_hourly
[2026-05-23T10:10:20.157+0000] {logging_mixin.py:190} INFO - [2026-05-23T10:10:20.157+0000] {dag.py:4180} INFO - Setting next_dagrun for fraud_pipeline_bronze_hourly to 2026-05-23 10:05:00+00:00, run_after=2026-05-23 10:10:00+00:00
[2026-05-23T10:10:20.163+0000] {processor.py:208} INFO - Processing /opt/airflow/dags/spark_interval_ingestion.py took 0.127 seconds
[2026-05-23T10:10:50.213+0000] {processor.py:186} INFO - Started process (PID=164) to work on /opt/airflow/dags/spark_interval_ingestion.py
[2026-05-23T10:10:50.214+0000] {processor.py:914} INFO - Processing file /opt/airflow/dags/spark_interval_ingestion.py for tasks to queue
[2026-05-23T10:10:50.215+0000] {logging_mixin.py:190} INFO - [2026-05-23T10:10:50.215+0000] {dagbag.py:588} INFO - Filling up the DagBag from /opt/airflow/dags/spark_interval_ingestion.py
[2026-05-23T10:10:50.229+0000] {processor.py:925} INFO - DAG(s) 'fraud_pipeline_bronze_hourly' retrieved from /opt/airflow/dags/spark_interval_ingestion.py
[2026-05-23T10:10:50.249+0000] {logging_mixin.py:190} INFO - [2026-05-23T10:10:50.249+0000] {dag.py:3239} INFO - Sync 1 DAGs
[2026-05-23T10:10:50.260+0000] {logging_mixin.py:190} INFO - [2026-05-23T10:10:50.260+0000] {dag.py:4180} INFO - Setting next_dagrun for fraud_pipeline_bronze_hourly to 2026-05-23 10:05:00+00:00, run_after=2026-05-23 10:10:00+00:00
[2026-05-23T10:10:50.266+0000] {processor.py:208} INFO - Processing /opt/airflow/dags/spark_interval_ingestion.py took 0.061 seconds
[2026-05-23T10:11:20.419+0000] {processor.py:186} INFO - Started process (PID=169) to work on /opt/airflow/dags/spark_interval_ingestion.py
[2026-05-23T10:11:20.419+0000] {processor.py:914} INFO - Processing file /opt/airflow/dags/spark_interval_ingestion.py for tasks to queue
[2026-05-23T10:11:20.420+0000] {logging_mixin.py:190} INFO - [2026-05-23T10:11:20.420+0000] {dagbag.py:588} INFO - Filling up the DagBag from /opt/airflow/dags/spark_interval_ingestion.py
[2026-05-23T10:11:20.429+0000] {processor.py:925} INFO - DAG(s) 'fraud_pipeline_bronze_hourly' retrieved from /opt/airflow/dags/spark_interval_ingestion.py
[2026-05-23T10:11:20.448+0000] {logging_mixin.py:190} INFO - [2026-05-23T10:11:20.448+0000] {dag.py:3239} INFO - Sync 1 DAGs
[2026-05-23T10:11:20.459+0000] {logging_mixin.py:190} INFO - [2026-05-23T10:11:20.459+0000] {dag.py:4180} INFO - Setting next_dagrun for fraud_pipeline_bronze_hourly to 2026-05-23 10:05:00+00:00, run_after=2026-05-23 10:10:00+00:00
[2026-05-23T10:11:20.466+0000] {processor.py:208} INFO - Processing /opt/airflow/dags/spark_interval_ingestion.py took 0.050 seconds
[2026-05-23T10:11:50.635+0000] {processor.py:186} INFO - Started process (PID=174) to work on /opt/airflow/dags/spark_interval_ingestion.py
[2026-05-23T10:11:50.636+0000] {processor.py:914} INFO - Processing file /opt/airflow/dags/spark_interval_ingestion.py for tasks to queue
[2026-05-23T10:11:50.637+0000] {logging_mixin.py:190} INFO - [2026-05-23T10:11:50.636+0000] {dagbag.py:588} INFO - Filling up the DagBag from /opt/airflow/dags/spark_interval_ingestion.py
[2026-05-23T10:11:50.649+0000] {processor.py:925} INFO - DAG(s) 'fraud_pipeline_bronze_hourly' retrieved from /opt/airflow/dags/spark_interval_ingestion.py
[2026-05-23T10:11:50.674+0000] {logging_mixin.py:190} INFO - [2026-05-23T10:11:50.674+0000] {dag.py:3239} INFO - Sync 1 DAGs
[2026-05-23T10:11:50.688+0000] {logging_mixin.py:190} INFO - [2026-05-23T10:11:50.688+0000] {dag.py:4180} INFO - Setting next_dagrun for fraud_pipeline_bronze_hourly to 2026-05-23 10:05:00+00:00, run_after=2026-05-23 10:10:00+00:00
[2026-05-23T10:11:50.696+0000] {processor.py:208} INFO - Processing /opt/airflow/dags/spark_interval_ingestion.py took 0.066 seconds
[2026-05-23T10:12:20.835+0000] {processor.py:186} INFO - Started process (PID=179) to work on /opt/airflow/dags/spark_interval_ingestion.py
[2026-05-23T10:12:20.835+0000] {processor.py:914} INFO - Processing file /opt/airflow/dags/spark_interval_ingestion.py for tasks to queue
[2026-05-23T10:12:20.836+0000] {logging_mixin.py:190} INFO - [2026-05-23T10:12:20.836+0000] {dagbag.py:588} INFO - Filling up the DagBag from /opt/airflow/dags/spark_interval_ingestion.py
[2026-05-23T10:12:20.851+0000] {processor.py:925} INFO - DAG(s) 'fraud_pipeline_bronze_hourly' retrieved from /opt/airflow/dags/spark_interval_ingestion.py
[2026-05-23T10:12:20.869+0000] {logging_mixin.py:190} INFO - [2026-05-23T10:12:20.869+0000] {dag.py:3239} INFO - Sync 1 DAGs
[2026-05-23T10:12:20.880+0000] {logging_mixin.py:190} INFO - [2026-05-23T10:12:20.880+0000] {dag.py:4180} INFO - Setting next_dagrun for fraud_pipeline_bronze_hourly to 2026-05-23 10:05:00+00:00, run_after=2026-05-23 10:10:00+00:00
[2026-05-23T10:12:20.891+0000] {processor.py:208} INFO - Processing /opt/airflow/dags/spark_interval_ingestion.py took 0.061 seconds
[2026-05-23T10:12:51.064+0000] {processor.py:186} INFO - Started process (PID=184) to work on /opt/airflow/dags/spark_interval_ingestion.py
[2026-05-23T10:12:51.065+0000] {processor.py:914} INFO - Processing file /opt/airflow/dags/spark_interval_ingestion.py for tasks to queue
[2026-05-23T10:12:51.066+0000] {logging_mixin.py:190} INFO - [2026-05-23T10:12:51.066+0000] {dagbag.py:588} INFO - Filling up the DagBag from /opt/airflow/dags/spark_interval_ingestion.py
[2026-05-23T10:12:51.078+0000] {processor.py:925} INFO - DAG(s) 'fraud_pipeline_bronze_hourly' retrieved from /opt/airflow/dags/spark_interval_ingestion.py
[2026-05-23T10:12:51.095+0000] {logging_mixin.py:190} INFO - [2026-05-23T10:12:51.095+0000] {dag.py:3239} INFO - Sync 1 DAGs
[2026-05-23T10:12:51.105+0000] {logging_mixin.py:190} INFO - [2026-05-23T10:12:51.105+0000] {dag.py:4180} INFO - Setting next_dagrun for fraud_pipeline_bronze_hourly to 2026-05-23 10:05:00+00:00, run_after=2026-05-23 10:10:00+00:00
[2026-05-23T10:12:51.112+0000] {processor.py:208} INFO - Processing /opt/airflow/dags/spark_interval_ingestion.py took 0.052 seconds
[2026-05-23T10:13:21.268+0000] {processor.py:186} INFO - Started process (PID=276) to work on /opt/airflow/dags/spark_interval_ingestion.py
[2026-05-23T10:13:21.269+0000] {processor.py:914} INFO - Processing file /opt/airflow/dags/spark_interval_ingestion.py for tasks to queue
[2026-05-23T10:13:21.270+0000] {logging_mixin.py:190} INFO - [2026-05-23T10:13:21.270+0000] {dagbag.py:588} INFO - Filling up the DagBag from /opt/airflow/dags/spark_interval_ingestion.py
[2026-05-23T10:13:21.286+0000] {processor.py:925} INFO - DAG(s) 'fraud_pipeline_bronze_hourly' retrieved from /opt/airflow/dags/spark_interval_ingestion.py
[2026-05-23T10:13:21.304+0000] {logging_mixin.py:190} INFO - [2026-05-23T10:13:21.304+0000] {dag.py:3239} INFO - Sync 1 DAGs
[2026-05-23T10:13:21.316+0000] {logging_mixin.py:190} INFO - [2026-05-23T10:13:21.315+0000] {dag.py:4180} INFO - Setting next_dagrun for fraud_pipeline_bronze_hourly to 2026-05-23 10:10:00+00:00, run_after=2026-05-23 10:15:00+00:00
[2026-05-23T10:13:21.326+0000] {processor.py:208} INFO - Processing /opt/airflow/dags/spark_interval_ingestion.py took 0.063 seconds
[2026-05-23T10:13:51.471+0000] {processor.py:186} INFO - Started process (PID=546) to work on /opt/airflow/dags/spark_interval_ingestion.py
[2026-05-23T10:13:51.472+0000] {processor.py:914} INFO - Processing file /opt/airflow/dags/spark_interval_ingestion.py for tasks to queue
[2026-05-23T10:13:51.473+0000] {logging_mixin.py:190} INFO - [2026-05-23T10:13:51.473+0000] {dagbag.py:588} INFO - Filling up the DagBag from /opt/airflow/dags/spark_interval_ingestion.py
[2026-05-23T10:13:51.488+0000] {processor.py:925} INFO - DAG(s) 'fraud_pipeline_bronze_hourly' retrieved from /opt/airflow/dags/spark_interval_ingestion.py
[2026-05-23T10:13:51.508+0000] {logging_mixin.py:190} INFO - [2026-05-23T10:13:51.507+0000] {dag.py:3239} INFO - Sync 1 DAGs
[2026-05-23T10:13:51.522+0000] {logging_mixin.py:190} INFO - [2026-05-23T10:13:51.522+0000] {dag.py:4180} INFO - Setting next_dagrun for fraud_pipeline_bronze_hourly to 2026-05-23 10:10:00+00:00, run_after=2026-05-23 10:15:00+00:00
[2026-05-23T10:13:51.528+0000] {processor.py:208} INFO - Processing /opt/airflow/dags/spark_interval_ingestion.py took 0.062 seconds
[2026-05-23T10:14:21.732+0000] {processor.py:186} INFO - Started process (PID=551) to work on /opt/airflow/dags/spark_interval_ingestion.py
[2026-05-23T10:14:21.733+0000] {processor.py:914} INFO - Processing file /opt/airflow/dags/spark_interval_ingestion.py for tasks to queue
[2026-05-23T10:14:21.734+0000] {logging_mixin.py:190} INFO - [2026-05-23T10:14:21.734+0000] {dagbag.py:588} INFO - Filling up the DagBag from /opt/airflow/dags/spark_interval_ingestion.py
[2026-05-23T10:14:21.753+0000] {processor.py:925} INFO - DAG(s) 'fraud_pipeline_bronze_hourly' retrieved from /opt/airflow/dags/spark_interval_ingestion.py
[2026-05-23T10:14:21.775+0000] {logging_mixin.py:190} INFO - [2026-05-23T10:14:21.774+0000] {dag.py:3239} INFO - Sync 1 DAGs
[2026-05-23T10:14:21.789+0000] {logging_mixin.py:190} INFO - [2026-05-23T10:14:21.789+0000] {dag.py:4180} INFO - Setting next_dagrun for fraud_pipeline_bronze_hourly to 2026-05-23 10:10:00+00:00, run_after=2026-05-23 10:15:00+00:00
[2026-05-23T10:14:21.797+0000] {processor.py:208} INFO - Processing /opt/airflow/dags/spark_interval_ingestion.py took 0.071 seconds
[2026-05-23T10:14:51.964+0000] {processor.py:186} INFO - Started process (PID=556) to work on /opt/airflow/dags/spark_interval_ingestion.py
[2026-05-23T10:14:51.965+0000] {processor.py:914} INFO - Processing file /opt/airflow/dags/spark_interval_ingestion.py for tasks to queue
[2026-05-23T10:14:51.966+0000] {logging_mixin.py:190} INFO - [2026-05-23T10:14:51.965+0000] {dagbag.py:588} INFO - Filling up the DagBag from /opt/airflow/dags/spark_interval_ingestion.py
[2026-05-23T10:14:51.978+0000] {processor.py:925} INFO - DAG(s) 'fraud_pipeline_bronze_hourly' retrieved from /opt/airflow/dags/spark_interval_ingestion.py
[2026-05-23T10:14:52.000+0000] {logging_mixin.py:190} INFO - [2026-05-23T10:14:52.000+0000] {dag.py:3239} INFO - Sync 1 DAGs
[2026-05-23T10:14:52.013+0000] {logging_mixin.py:190} INFO - [2026-05-23T10:14:52.013+0000] {dag.py:4180} INFO - Setting next_dagrun for fraud_pipeline_bronze_hourly to 2026-05-23 10:10:00+00:00, run_after=2026-05-23 10:15:00+00:00
[2026-05-23T10:14:52.019+0000] {processor.py:208} INFO - Processing /opt/airflow/dags/spark_interval_ingestion.py took 0.061 seconds
[2026-05-23T10:15:22.187+0000] {processor.py:186} INFO - Started process (PID=874) to work on /opt/airflow/dags/spark_interval_ingestion.py
[2026-05-23T10:15:22.188+0000] {processor.py:914} INFO - Processing file /opt/airflow/dags/spark_interval_ingestion.py for tasks to queue
[2026-05-23T10:15:22.189+0000] {logging_mixin.py:190} INFO - [2026-05-23T10:15:22.189+0000] {dagbag.py:588} INFO - Filling up the DagBag from /opt/airflow/dags/spark_interval_ingestion.py
[2026-05-23T10:15:22.199+0000] {processor.py:925} INFO - DAG(s) 'fraud_pipeline_bronze_hourly' retrieved from /opt/airflow/dags/spark_interval_ingestion.py
[2026-05-23T10:15:22.214+0000] {logging_mixin.py:190} INFO - [2026-05-23T10:15:22.214+0000] {dag.py:3239} INFO - Sync 1 DAGs
[2026-05-23T10:15:22.227+0000] {logging_mixin.py:190} INFO - [2026-05-23T10:15:22.227+0000] {dag.py:4180} INFO - Setting next_dagrun for fraud_pipeline_bronze_hourly to 2026-05-23 10:15:00+00:00, run_after=2026-05-23 10:20:00+00:00
[2026-05-23T10:15:22.233+0000] {processor.py:208} INFO - Processing /opt/airflow/dags/spark_interval_ingestion.py took 0.051 seconds
[2026-05-23T10:15:52.382+0000] {processor.py:186} INFO - Started process (PID=879) to work on /opt/airflow/dags/spark_interval_ingestion.py
[2026-05-23T10:15:52.383+0000] {processor.py:914} INFO - Processing file /opt/airflow/dags/spark_interval_ingestion.py for tasks to queue
[2026-05-23T10:15:52.384+0000] {logging_mixin.py:190} INFO - [2026-05-23T10:15:52.384+0000] {dagbag.py:588} INFO - Filling up the DagBag from /opt/airflow/dags/spark_interval_ingestion.py
[2026-05-23T10:15:52.393+0000] {processor.py:925} INFO - DAG(s) 'fraud_pipeline_bronze_hourly' retrieved from /opt/airflow/dags/spark_interval_ingestion.py
[2026-05-23T10:15:52.414+0000] {logging_mixin.py:190} INFO - [2026-05-23T10:15:52.414+0000] {dag.py:3239} INFO - Sync 1 DAGs
[2026-05-23T10:15:52.430+0000] {logging_mixin.py:190} INFO - [2026-05-23T10:15:52.429+0000] {dag.py:4180} INFO - Setting next_dagrun for fraud_pipeline_bronze_hourly to 2026-05-23 10:15:00+00:00, run_after=2026-05-23 10:20:00+00:00
[2026-05-23T10:15:52.437+0000] {processor.py:208} INFO - Processing /opt/airflow/dags/spark_interval_ingestion.py took 0.060 seconds
[2026-05-23T10:16:22.589+0000] {processor.py:186} INFO - Started process (PID=884) to work on /opt/airflow/dags/spark_interval_ingestion.py
[2026-05-23T10:16:22.590+0000] {processor.py:914} INFO - Processing file /opt/airflow/dags/spark_interval_ingestion.py for tasks to queue
[2026-05-23T10:16:22.591+0000] {logging_mixin.py:190} INFO - [2026-05-23T10:16:22.591+0000] {dagbag.py:588} INFO - Filling up the DagBag from /opt/airflow/dags/spark_interval_ingestion.py
[2026-05-23T10:16:22.599+0000] {processor.py:925} INFO - DAG(s) 'fraud_pipeline_bronze_hourly' retrieved from /opt/airflow/dags/spark_interval_ingestion.py
[2026-05-23T10:16:22.613+0000] {logging_mixin.py:190} INFO - [2026-05-23T10:16:22.613+0000] {dag.py:3239} INFO - Sync 1 DAGs
[2026-05-23T10:16:22.624+0000] {logging_mixin.py:190} INFO - [2026-05-23T10:16:22.624+0000] {dag.py:4180} INFO - Setting next_dagrun for fraud_pipeline_bronze_hourly to 2026-05-23 10:15:00+00:00, run_after=2026-05-23 10:20:00+00:00
[2026-05-23T10:16:22.630+0000] {processor.py:208} INFO - Processing /opt/airflow/dags/spark_interval_ingestion.py took 0.046 seconds
[2026-05-23T10:16:52.885+0000] {processor.py:186} INFO - Started process (PID=889) to work on /opt/airflow/dags/spark_interval_ingestion.py
[2026-05-23T10:16:52.886+0000] {processor.py:914} INFO - Processing file /opt/airflow/dags/spark_interval_ingestion.py for tasks to queue
[2026-05-23T10:16:52.888+0000] {logging_mixin.py:190} INFO - [2026-05-23T10:16:52.887+0000] {dagbag.py:588} INFO - Filling up the DagBag from /opt/airflow/dags/spark_interval_ingestion.py
[2026-05-23T10:16:52.914+0000] {processor.py:925} INFO - DAG(s) 'fraud_pipeline_bronze_hourly' retrieved from /opt/airflow/dags/spark_interval_ingestion.py
[2026-05-23T10:16:52.942+0000] {logging_mixin.py:190} INFO - [2026-05-23T10:16:52.941+0000] {dag.py:3239} INFO - Sync 1 DAGs
[2026-05-23T10:16:52.953+0000] {logging_mixin.py:190} INFO - [2026-05-23T10:16:52.953+0000] {dag.py:4180} INFO - Setting next_dagrun for fraud_pipeline_bronze_hourly to 2026-05-23 10:15:00+00:00, run_after=2026-05-23 10:20:00+00:00
[2026-05-23T10:16:52.961+0000] {processor.py:208} INFO - Processing /opt/airflow/dags/spark_interval_ingestion.py took 0.102 seconds
[2026-05-23T10:17:23.109+0000] {processor.py:186} INFO - Started process (PID=894) to work on /opt/airflow/dags/spark_interval_ingestion.py
[2026-05-23T10:17:23.110+0000] {processor.py:914} INFO - Processing file /opt/airflow/dags/spark_interval_ingestion.py for tasks to queue
[2026-05-23T10:17:23.110+0000] {logging_mixin.py:190} INFO - [2026-05-23T10:17:23.110+0000] {dagbag.py:588} INFO - Filling up the DagBag from /opt/airflow/dags/spark_interval_ingestion.py
[2026-05-23T10:17:23.119+0000] {processor.py:925} INFO - DAG(s) 'fraud_pipeline_bronze_hourly' retrieved from /opt/airflow/dags/spark_interval_ingestion.py
[2026-05-23T10:17:23.143+0000] {logging_mixin.py:190} INFO - [2026-05-23T10:17:23.143+0000] {dag.py:3239} INFO - Sync 1 DAGs
[2026-05-23T10:17:23.159+0000] {logging_mixin.py:190} INFO - [2026-05-23T10:17:23.159+0000] {dag.py:4180} INFO - Setting next_dagrun for fraud_pipeline_bronze_hourly to 2026-05-23 10:15:00+00:00, run_after=2026-05-23 10:20:00+00:00
[2026-05-23T10:17:23.166+0000] {processor.py:208} INFO - Processing /opt/airflow/dags/spark_interval_ingestion.py took 0.062 seconds
[2026-05-23T10:17:53.365+0000] {processor.py:186} INFO - Started process (PID=899) to work on /opt/airflow/dags/spark_interval_ingestion.py
[2026-05-23T10:17:53.365+0000] {processor.py:914} INFO - Processing file /opt/airflow/dags/spark_interval_ingestion.py for tasks to queue
[2026-05-23T10:17:53.366+0000] {logging_mixin.py:190} INFO - [2026-05-23T10:17:53.366+0000] {dagbag.py:588} INFO - Filling up the DagBag from /opt/airflow/dags/spark_interval_ingestion.py
[2026-05-23T10:17:53.378+0000] {processor.py:925} INFO - DAG(s) 'fraud_pipeline_bronze_hourly' retrieved from /opt/airflow/dags/spark_interval_ingestion.py
[2026-05-23T10:17:53.395+0000] {logging_mixin.py:190} INFO - [2026-05-23T10:17:53.395+0000] {dag.py:3239} INFO - Sync 1 DAGs
[2026-05-23T10:17:53.406+0000] {logging_mixin.py:190} INFO - [2026-05-23T10:17:53.406+0000] {dag.py:4180} INFO - Setting next_dagrun for fraud_pipeline_bronze_hourly to 2026-05-23 10:15:00+00:00, run_after=2026-05-23 10:20:00+00:00
[2026-05-23T10:17:53.412+0000] {processor.py:208} INFO - Processing /opt/airflow/dags/spark_interval_ingestion.py took 0.053 seconds
[2026-05-23T10:18:23.556+0000] {processor.py:186} INFO - Started process (PID=904) to work on /opt/airflow/dags/spark_interval_ingestion.py
[2026-05-23T10:18:23.557+0000] {processor.py:914} INFO - Processing file /opt/airflow/dags/spark_interval_ingestion.py for tasks to queue
[2026-05-23T10:18:23.558+0000] {logging_mixin.py:190} INFO - [2026-05-23T10:18:23.557+0000] {dagbag.py:588} INFO - Filling up the DagBag from /opt/airflow/dags/spark_interval_ingestion.py
[2026-05-23T10:18:23.564+0000] {processor.py:925} INFO - DAG(s) 'fraud_pipeline_bronze_hourly' retrieved from /opt/airflow/dags/spark_interval_ingestion.py
[2026-05-23T10:18:23.585+0000] {logging_mixin.py:190} INFO - [2026-05-23T10:18:23.585+0000] {dag.py:3239} INFO - Sync 1 DAGs
[2026-05-23T10:18:23.601+0000] {logging_mixin.py:190} INFO - [2026-05-23T10:18:23.601+0000] {dag.py:4180} INFO - Setting next_dagrun for fraud_pipeline_bronze_hourly to 2026-05-23 10:15:00+00:00, run_after=2026-05-23 10:20:00+00:00
[2026-05-23T10:18:23.608+0000] {processor.py:208} INFO - Processing /opt/airflow/dags/spark_interval_ingestion.py took 0.056 seconds
[2026-05-23T10:18:53.760+0000] {processor.py:186} INFO - Started process (PID=909) to work on /opt/airflow/dags/spark_interval_ingestion.py
[2026-05-23T10:18:53.760+0000] {processor.py:914} INFO - Processing file /opt/airflow/dags/spark_interval_ingestion.py for tasks to queue
[2026-05-23T10:18:53.761+0000] {logging_mixin.py:190} INFO - [2026-05-23T10:18:53.761+0000] {dagbag.py:588} INFO - Filling up the DagBag from /opt/airflow/dags/spark_interval_ingestion.py
[2026-05-23T10:18:53.772+0000] {processor.py:925} INFO - DAG(s) 'fraud_pipeline_bronze_hourly' retrieved from /opt/airflow/dags/spark_interval_ingestion.py
[2026-05-23T10:18:53.787+0000] {logging_mixin.py:190} INFO - [2026-05-23T10:18:53.787+0000] {dag.py:3239} INFO - Sync 1 DAGs
[2026-05-23T10:18:53.798+0000] {logging_mixin.py:190} INFO - [2026-05-23T10:18:53.798+0000] {dag.py:4180} INFO - Setting next_dagrun for fraud_pipeline_bronze_hourly to 2026-05-23 10:15:00+00:00, run_after=2026-05-23 10:20:00+00:00
[2026-05-23T10:18:53.805+0000] {processor.py:208} INFO - Processing /opt/airflow/dags/spark_interval_ingestion.py took 0.051 seconds
[2026-05-23T10:19:24.007+0000] {processor.py:186} INFO - Started process (PID=914) to work on /opt/airflow/dags/spark_interval_ingestion.py
[2026-05-23T10:19:24.008+0000] {processor.py:914} INFO - Processing file /opt/airflow/dags/spark_interval_ingestion.py for tasks to queue
[2026-05-23T10:19:24.009+0000] {logging_mixin.py:190} INFO - [2026-05-23T10:19:24.008+0000] {dagbag.py:588} INFO - Filling up the DagBag from /opt/airflow/dags/spark_interval_ingestion.py
[2026-05-23T10:19:24.020+0000] {processor.py:925} INFO - DAG(s) 'fraud_pipeline_bronze_hourly' retrieved from /opt/airflow/dags/spark_interval_ingestion.py
[2026-05-23T10:19:24.044+0000] {logging_mixin.py:190} INFO - [2026-05-23T10:19:24.044+0000] {dag.py:3239} INFO - Sync 1 DAGs
[2026-05-23T10:19:24.062+0000] {logging_mixin.py:190} INFO - [2026-05-23T10:19:24.062+0000] {dag.py:4180} INFO - Setting next_dagrun for fraud_pipeline_bronze_hourly to 2026-05-23 10:15:00+00:00, run_after=2026-05-23 10:20:00+00:00
[2026-05-23T10:19:24.069+0000] {processor.py:208} INFO - Processing /opt/airflow/dags/spark_interval_ingestion.py took 0.068 seconds
[2026-05-23T10:19:54.204+0000] {processor.py:186} INFO - Started process (PID=919) to work on /opt/airflow/dags/spark_interval_ingestion.py
[2026-05-23T10:19:54.205+0000] {processor.py:914} INFO - Processing file /opt/airflow/dags/spark_interval_ingestion.py for tasks to queue
[2026-05-23T10:19:54.206+0000] {logging_mixin.py:190} INFO - [2026-05-23T10:19:54.206+0000] {dagbag.py:588} INFO - Filling up the DagBag from /opt/airflow/dags/spark_interval_ingestion.py
[2026-05-23T10:19:54.216+0000] {processor.py:925} INFO - DAG(s) 'fraud_pipeline_bronze_hourly' retrieved from /opt/airflow/dags/spark_interval_ingestion.py
[2026-05-23T10:19:54.232+0000] {logging_mixin.py:190} INFO - [2026-05-23T10:19:54.232+0000] {dag.py:3239} INFO - Sync 1 DAGs
[2026-05-23T10:19:54.244+0000] {logging_mixin.py:190} INFO - [2026-05-23T10:19:54.244+0000] {dag.py:4180} INFO - Setting next_dagrun for fraud_pipeline_bronze_hourly to 2026-05-23 10:15:00+00:00, run_after=2026-05-23 10:20:00+00:00
[2026-05-23T10:19:54.250+0000] {processor.py:208} INFO - Processing /opt/airflow/dags/spark_interval_ingestion.py took 0.051 seconds
[2026-05-23T10:20:24.434+0000] {processor.py:186} INFO - Started process (PID=1159) to work on /opt/airflow/dags/spark_interval_ingestion.py
[2026-05-23T10:20:24.436+0000] {processor.py:914} INFO - Processing file /opt/airflow/dags/spark_interval_ingestion.py for tasks to queue
[2026-05-23T10:20:24.438+0000] {logging_mixin.py:190} INFO - [2026-05-23T10:20:24.438+0000] {dagbag.py:588} INFO - Filling up the DagBag from /opt/airflow/dags/spark_interval_ingestion.py
[2026-05-23T10:20:24.448+0000] {processor.py:925} INFO - DAG(s) 'fraud_pipeline_bronze_hourly' retrieved from /opt/airflow/dags/spark_interval_ingestion.py
[2026-05-23T10:20:24.465+0000] {logging_mixin.py:190} INFO - [2026-05-23T10:20:24.465+0000] {dag.py:3239} INFO - Sync 1 DAGs
[2026-05-23T10:20:24.476+0000] {logging_mixin.py:190} INFO - [2026-05-23T10:20:24.476+0000] {dag.py:4180} INFO - Setting next_dagrun for fraud_pipeline_bronze_hourly to 2026-05-23 10:20:00+00:00, run_after=2026-05-23 10:25:00+00:00
[2026-05-23T10:20:24.482+0000] {processor.py:208} INFO - Processing /opt/airflow/dags/spark_interval_ingestion.py took 0.053 seconds
[2026-05-23T10:20:54.603+0000] {processor.py:186} INFO - Started process (PID=1164) to work on /opt/airflow/dags/spark_interval_ingestion.py
[2026-05-23T10:20:54.604+0000] {processor.py:914} INFO - Processing file /opt/airflow/dags/spark_interval_ingestion.py for tasks to queue
[2026-05-23T10:20:54.605+0000] {logging_mixin.py:190} INFO - [2026-05-23T10:20:54.604+0000] {dagbag.py:588} INFO - Filling up the DagBag from /opt/airflow/dags/spark_interval_ingestion.py
[2026-05-23T10:20:54.613+0000] {processor.py:925} INFO - DAG(s) 'fraud_pipeline_bronze_hourly' retrieved from /opt/airflow/dags/spark_interval_ingestion.py
[2026-05-23T10:20:54.630+0000] {logging_mixin.py:190} INFO - [2026-05-23T10:20:54.630+0000] {dag.py:3239} INFO - Sync 1 DAGs
[2026-05-23T10:20:54.643+0000] {logging_mixin.py:190} INFO - [2026-05-23T10:20:54.643+0000] {dag.py:4180} INFO - Setting next_dagrun for fraud_pipeline_bronze_hourly to 2026-05-23 10:20:00+00:00, run_after=2026-05-23 10:25:00+00:00
[2026-05-23T10:20:54.654+0000] {processor.py:208} INFO - Processing /opt/airflow/dags/spark_interval_ingestion.py took 0.054 seconds
[2026-05-23T10:21:24.790+0000] {processor.py:186} INFO - Started process (PID=1169) to work on /opt/airflow/dags/spark_interval_ingestion.py
[2026-05-23T10:21:24.791+0000] {processor.py:914} INFO - Processing file /opt/airflow/dags/spark_interval_ingestion.py for tasks to queue
[2026-05-23T10:21:24.792+0000] {logging_mixin.py:190} INFO - [2026-05-23T10:21:24.791+0000] {dagbag.py:588} INFO - Filling up the DagBag from /opt/airflow/dags/spark_interval_ingestion.py
[2026-05-23T10:21:24.799+0000] {processor.py:925} INFO - DAG(s) 'fraud_pipeline_bronze_hourly' retrieved from /opt/airflow/dags/spark_interval_ingestion.py
[2026-05-23T10:21:24.812+0000] {logging_mixin.py:190} INFO - [2026-05-23T10:21:24.812+0000] {dag.py:3239} INFO - Sync 1 DAGs
[2026-05-23T10:21:24.822+0000] {logging_mixin.py:190} INFO - [2026-05-23T10:21:24.822+0000] {dag.py:4180} INFO - Setting next_dagrun for fraud_pipeline_bronze_hourly to 2026-05-23 10:20:00+00:00, run_after=2026-05-23 10:25:00+00:00
[2026-05-23T10:21:24.828+0000] {processor.py:208} INFO - Processing /opt/airflow/dags/spark_interval_ingestion.py took 0.041 seconds
[2026-05-23T10:21:55.039+0000] {processor.py:186} INFO - Started process (PID=1174) to work on /opt/airflow/dags/spark_interval_ingestion.py
[2026-05-23T10:21:55.041+0000] {processor.py:914} INFO - Processing file /opt/airflow/dags/spark_interval_ingestion.py for tasks to queue
[2026-05-23T10:21:55.042+0000] {logging_mixin.py:190} INFO - [2026-05-23T10:21:55.042+0000] {dagbag.py:588} INFO - Filling up the DagBag from /opt/airflow/dags/spark_interval_ingestion.py
[2026-05-23T10:21:55.058+0000] {processor.py:925} INFO - DAG(s) 'fraud_pipeline_bronze_hourly' retrieved from /opt/airflow/dags/spark_interval_ingestion.py
[2026-05-23T10:21:55.078+0000] {logging_mixin.py:190} INFO - [2026-05-23T10:21:55.077+0000] {dag.py:3239} INFO - Sync 1 DAGs
[2026-05-23T10:21:55.095+0000] {logging_mixin.py:190} INFO - [2026-05-23T10:21:55.095+0000] {dag.py:4180} INFO - Setting next_dagrun for fraud_pipeline_bronze_hourly to 2026-05-23 10:20:00+00:00, run_after=2026-05-23 10:25:00+00:00
[2026-05-23T10:21:55.102+0000] {processor.py:208} INFO - Processing /opt/airflow/dags/spark_interval_ingestion.py took 0.076 seconds
[2026-05-23T10:22:25.266+0000] {processor.py:186} INFO - Started process (PID=1179) to work on /opt/airflow/dags/spark_interval_ingestion.py
[2026-05-23T10:22:25.267+0000] {processor.py:914} INFO - Processing file /opt/airflow/dags/spark_interval_ingestion.py for tasks to queue
[2026-05-23T10:22:25.268+0000] {logging_mixin.py:190} INFO - [2026-05-23T10:22:25.268+0000] {dagbag.py:588} INFO - Filling up the DagBag from /opt/airflow/dags/spark_interval_ingestion.py
[2026-05-23T10:22:25.279+0000] {processor.py:925} INFO - DAG(s) 'fraud_pipeline_bronze_hourly' retrieved from /opt/airflow/dags/spark_interval_ingestion.py
[2026-05-23T10:22:25.297+0000] {logging_mixin.py:190} INFO - [2026-05-23T10:22:25.297+0000] {dag.py:3239} INFO - Sync 1 DAGs
[2026-05-23T10:22:25.308+0000] {logging_mixin.py:190} INFO - [2026-05-23T10:22:25.308+0000] {dag.py:4180} INFO - Setting next_dagrun for fraud_pipeline_bronze_hourly to 2026-05-23 10:20:00+00:00, run_after=2026-05-23 10:25:00+00:00
[2026-05-23T10:22:25.314+0000] {processor.py:208} INFO - Processing /opt/airflow/dags/spark_interval_ingestion.py took 0.053 seconds
[2026-05-23T10:22:55.477+0000] {processor.py:186} INFO - Started process (PID=1184) to work on /opt/airflow/dags/spark_interval_ingestion.py
[2026-05-23T10:22:55.478+0000] {processor.py:914} INFO - Processing file /opt/airflow/dags/spark_interval_ingestion.py for tasks to queue
[2026-05-23T10:22:55.479+0000] {logging_mixin.py:190} INFO - [2026-05-23T10:22:55.478+0000] {dagbag.py:588} INFO - Filling up the DagBag from /opt/airflow/dags/spark_interval_ingestion.py
[2026-05-23T10:22:55.491+0000] {processor.py:925} INFO - DAG(s) 'fraud_pipeline_bronze_hourly' retrieved from /opt/airflow/dags/spark_interval_ingestion.py
[2026-05-23T10:22:55.512+0000] {logging_mixin.py:190} INFO - [2026-05-23T10:22:55.512+0000] {dag.py:3239} INFO - Sync 1 DAGs
[2026-05-23T10:22:55.525+0000] {logging_mixin.py:190} INFO - [2026-05-23T10:22:55.525+0000] {dag.py:4180} INFO - Setting next_dagrun for fraud_pipeline_bronze_hourly to 2026-05-23 10:20:00+00:00, run_after=2026-05-23 10:25:00+00:00
[2026-05-23T10:22:55.532+0000] {processor.py:208} INFO - Processing /opt/airflow/dags/spark_interval_ingestion.py took 0.060 seconds
[2026-05-23T10:23:25.681+0000] {processor.py:186} INFO - Started process (PID=1189) to work on /opt/airflow/dags/spark_interval_ingestion.py
[2026-05-23T10:23:25.681+0000] {processor.py:914} INFO - Processing file /opt/airflow/dags/spark_interval_ingestion.py for tasks to queue
[2026-05-23T10:23:25.682+0000] {logging_mixin.py:190} INFO - [2026-05-23T10:23:25.682+0000] {dagbag.py:588} INFO - Filling up the DagBag from /opt/airflow/dags/spark_interval_ingestion.py
[2026-05-23T10:23:25.689+0000] {processor.py:925} INFO - DAG(s) 'fraud_pipeline_bronze_hourly' retrieved from /opt/airflow/dags/spark_interval_ingestion.py
[2026-05-23T10:23:25.707+0000] {logging_mixin.py:190} INFO - [2026-05-23T10:23:25.707+0000] {dag.py:3239} INFO - Sync 1 DAGs
[2026-05-23T10:23:25.716+0000] {logging_mixin.py:190} INFO - [2026-05-23T10:23:25.716+0000] {dag.py:4180} INFO - Setting next_dagrun for fraud_pipeline_bronze_hourly to 2026-05-23 10:20:00+00:00, run_after=2026-05-23 10:25:00+00:00
[2026-05-23T10:23:25.722+0000] {processor.py:208} INFO - Processing /opt/airflow/dags/spark_interval_ingestion.py took 0.045 seconds
[2026-05-23T10:23:55.895+0000] {processor.py:186} INFO - Started process (PID=1194) to work on /opt/airflow/dags/spark_interval_ingestion.py
[2026-05-23T10:23:55.895+0000] {processor.py:914} INFO - Processing file /opt/airflow/dags/spark_interval_ingestion.py for tasks to queue
[2026-05-23T10:23:55.896+0000] {logging_mixin.py:190} INFO - [2026-05-23T10:23:55.896+0000] {dagbag.py:588} INFO - Filling up the DagBag from /opt/airflow/dags/spark_interval_ingestion.py
[2026-05-23T10:23:55.912+0000] {processor.py:925} INFO - DAG(s) 'fraud_pipeline_bronze_hourly' retrieved from /opt/airflow/dags/spark_interval_ingestion.py
[2026-05-23T10:23:55.933+0000] {logging_mixin.py:190} INFO - [2026-05-23T10:23:55.933+0000] {dag.py:3239} INFO - Sync 1 DAGs
[2026-05-23T10:23:55.947+0000] {logging_mixin.py:190} INFO - [2026-05-23T10:23:55.947+0000] {dag.py:4180} INFO - Setting next_dagrun for fraud_pipeline_bronze_hourly to 2026-05-23 10:20:00+00:00, run_after=2026-05-23 10:25:00+00:00
[2026-05-23T10:23:55.953+0000] {processor.py:208} INFO - Processing /opt/airflow/dags/spark_interval_ingestion.py took 0.065 seconds
[2026-05-23T10:24:26.089+0000] {processor.py:186} INFO - Started process (PID=1199) to work on /opt/airflow/dags/spark_interval_ingestion.py
[2026-05-23T10:24:26.089+0000] {processor.py:914} INFO - Processing file /opt/airflow/dags/spark_interval_ingestion.py for tasks to queue
[2026-05-23T10:24:26.090+0000] {logging_mixin.py:190} INFO - [2026-05-23T10:24:26.089+0000] {dagbag.py:588} INFO - Filling up the DagBag from /opt/airflow/dags/spark_interval_ingestion.py
[2026-05-23T10:24:26.098+0000] {processor.py:925} INFO - DAG(s) 'fraud_pipeline_bronze_hourly' retrieved from /opt/airflow/dags/spark_interval_ingestion.py
[2026-05-23T10:24:26.114+0000] {logging_mixin.py:190} INFO - [2026-05-23T10:24:26.114+0000] {dag.py:3239} INFO - Sync 1 DAGs
[2026-05-23T10:24:26.125+0000] {logging_mixin.py:190} INFO - [2026-05-23T10:24:26.124+0000] {dag.py:4180} INFO - Setting next_dagrun for fraud_pipeline_bronze_hourly to 2026-05-23 10:20:00+00:00, run_after=2026-05-23 10:25:00+00:00
[2026-05-23T10:24:26.132+0000] {processor.py:208} INFO - Processing /opt/airflow/dags/spark_interval_ingestion.py took 0.048 seconds
[2026-05-23T10:24:56.312+0000] {processor.py:186} INFO - Started process (PID=1204) to work on /opt/airflow/dags/spark_interval_ingestion.py
[2026-05-23T10:24:56.313+0000] {processor.py:914} INFO - Processing file /opt/airflow/dags/spark_interval_ingestion.py for tasks to queue
[2026-05-23T10:24:56.314+0000] {logging_mixin.py:190} INFO - [2026-05-23T10:24:56.313+0000] {dagbag.py:588} INFO - Filling up the DagBag from /opt/airflow/dags/spark_interval_ingestion.py
[2026-05-23T10:24:56.322+0000] {processor.py:925} INFO - DAG(s) 'fraud_pipeline_bronze_hourly' retrieved from /opt/airflow/dags/spark_interval_ingestion.py
[2026-05-23T10:24:56.338+0000] {logging_mixin.py:190} INFO - [2026-05-23T10:24:56.338+0000] {dag.py:3239} INFO - Sync 1 DAGs
[2026-05-23T10:24:56.351+0000] {logging_mixin.py:190} INFO - [2026-05-23T10:24:56.350+0000] {dag.py:4180} INFO - Setting next_dagrun for fraud_pipeline_bronze_hourly to 2026-05-23 10:20:00+00:00, run_after=2026-05-23 10:25:00+00:00
[2026-05-23T10:24:56.357+0000] {processor.py:208} INFO - Processing /opt/airflow/dags/spark_interval_ingestion.py took 0.052 seconds
[2026-05-23T10:25:26.568+0000] {processor.py:186} INFO - Started process (PID=1685) to work on /opt/airflow/dags/spark_interval_ingestion.py
[2026-05-23T10:25:26.568+0000] {processor.py:914} INFO - Processing file /opt/airflow/dags/spark_interval_ingestion.py for tasks to queue
[2026-05-23T10:25:26.570+0000] {logging_mixin.py:190} INFO - [2026-05-23T10:25:26.569+0000] {dagbag.py:588} INFO - Filling up the DagBag from /opt/airflow/dags/spark_interval_ingestion.py
[2026-05-23T10:25:26.586+0000] {processor.py:925} INFO - DAG(s) 'fraud_pipeline_bronze_hourly' retrieved from /opt/airflow/dags/spark_interval_ingestion.py
[2026-05-23T10:25:26.609+0000] {logging_mixin.py:190} INFO - [2026-05-23T10:25:26.609+0000] {dag.py:3239} INFO - Sync 1 DAGs
[2026-05-23T10:25:26.624+0000] {logging_mixin.py:190} INFO - [2026-05-23T10:25:26.623+0000] {dag.py:4180} INFO - Setting next_dagrun for fraud_pipeline_bronze_hourly to 2026-05-23 10:25:00+00:00, run_after=2026-05-23 10:30:00+00:00
[2026-05-23T10:25:26.631+0000] {processor.py:208} INFO - Processing /opt/airflow/dags/spark_interval_ingestion.py took 0.068 seconds
[2026-05-23T10:25:56.805+0000] {processor.py:186} INFO - Started process (PID=1690) to work on /opt/airflow/dags/spark_interval_ingestion.py
[2026-05-23T10:25:56.806+0000] {processor.py:914} INFO - Processing file /opt/airflow/dags/spark_interval_ingestion.py for tasks to queue
[2026-05-23T10:25:56.806+0000] {logging_mixin.py:190} INFO - [2026-05-23T10:25:56.806+0000] {dagbag.py:588} INFO - Filling up the DagBag from /opt/airflow/dags/spark_interval_ingestion.py
[2026-05-23T10:25:56.815+0000] {processor.py:925} INFO - DAG(s) 'fraud_pipeline_bronze_hourly' retrieved from /opt/airflow/dags/spark_interval_ingestion.py
[2026-05-23T10:25:56.832+0000] {logging_mixin.py:190} INFO - [2026-05-23T10:25:56.832+0000] {dag.py:3239} INFO - Sync 1 DAGs
[2026-05-23T10:25:56.845+0000] {logging_mixin.py:190} INFO - [2026-05-23T10:25:56.845+0000] {dag.py:4180} INFO - Setting next_dagrun for fraud_pipeline_bronze_hourly to 2026-05-23 10:25:00+00:00, run_after=2026-05-23 10:30:00+00:00
[2026-05-23T10:25:56.853+0000] {processor.py:208} INFO - Processing /opt/airflow/dags/spark_interval_ingestion.py took 0.053 seconds
[2026-05-23T10:26:27.013+0000] {processor.py:186} INFO - Started process (PID=1695) to work on /opt/airflow/dags/spark_interval_ingestion.py
[2026-05-23T10:26:27.014+0000] {processor.py:914} INFO - Processing file /opt/airflow/dags/spark_interval_ingestion.py for tasks to queue
[2026-05-23T10:26:27.015+0000] {logging_mixin.py:190} INFO - [2026-05-23T10:26:27.014+0000] {dagbag.py:588} INFO - Filling up the DagBag from /opt/airflow/dags/spark_interval_ingestion.py
[2026-05-23T10:26:27.025+0000] {processor.py:925} INFO - DAG(s) 'fraud_pipeline_bronze_hourly' retrieved from /opt/airflow/dags/spark_interval_ingestion.py
[2026-05-23T10:26:27.044+0000] {logging_mixin.py:190} INFO - [2026-05-23T10:26:27.043+0000] {dag.py:3239} INFO - Sync 1 DAGs
[2026-05-23T10:26:27.055+0000] {logging_mixin.py:190} INFO - [2026-05-23T10:26:27.055+0000] {dag.py:4180} INFO - Setting next_dagrun for fraud_pipeline_bronze_hourly to 2026-05-23 10:25:00+00:00, run_after=2026-05-23 10:30:00+00:00
[2026-05-23T10:26:27.062+0000] {processor.py:208} INFO - Processing /opt/airflow/dags/spark_interval_ingestion.py took 0.053 seconds
[2026-05-23T10:26:57.194+0000] {processor.py:186} INFO - Started process (PID=1700) to work on /opt/airflow/dags/spark_interval_ingestion.py
[2026-05-23T10:26:57.195+0000] {processor.py:914} INFO - Processing file /opt/airflow/dags/spark_interval_ingestion.py for tasks to queue
[2026-05-23T10:26:57.196+0000] {logging_mixin.py:190} INFO - [2026-05-23T10:26:57.195+0000] {dagbag.py:588} INFO - Filling up the DagBag from /opt/airflow/dags/spark_interval_ingestion.py
[2026-05-23T10:26:57.204+0000] {processor.py:925} INFO - DAG(s) 'fraud_pipeline_bronze_hourly' retrieved from /opt/airflow/dags/spark_interval_ingestion.py
[2026-05-23T10:26:57.220+0000] {logging_mixin.py:190} INFO - [2026-05-23T10:26:57.220+0000] {dag.py:3239} INFO - Sync 1 DAGs
[2026-05-23T10:26:57.230+0000] {logging_mixin.py:190} INFO - [2026-05-23T10:26:57.230+0000] {dag.py:4180} INFO - Setting next_dagrun for fraud_pipeline_bronze_hourly to 2026-05-23 10:25:00+00:00, run_after=2026-05-23 10:30:00+00:00
[2026-05-23T10:26:57.239+0000] {processor.py:208} INFO - Processing /opt/airflow/dags/spark_interval_ingestion.py took 0.049 seconds
[2026-05-23T10:27:27.411+0000] {processor.py:186} INFO - Started process (PID=1705) to work on /opt/airflow/dags/spark_interval_ingestion.py
[2026-05-23T10:27:27.411+0000] {processor.py:914} INFO - Processing file /opt/airflow/dags/spark_interval_ingestion.py for tasks to queue
[2026-05-23T10:27:27.412+0000] {logging_mixin.py:190} INFO - [2026-05-23T10:27:27.411+0000] {dagbag.py:588} INFO - Filling up the DagBag from /opt/airflow/dags/spark_interval_ingestion.py
[2026-05-23T10:27:27.418+0000] {processor.py:925} INFO - DAG(s) 'fraud_pipeline_bronze_hourly' retrieved from /opt/airflow/dags/spark_interval_ingestion.py
[2026-05-23T10:27:27.433+0000] {logging_mixin.py:190} INFO - [2026-05-23T10:27:27.433+0000] {dag.py:3239} INFO - Sync 1 DAGs
[2026-05-23T10:27:27.444+0000] {logging_mixin.py:190} INFO - [2026-05-23T10:27:27.444+0000] {dag.py:4180} INFO - Setting next_dagrun for fraud_pipeline_bronze_hourly to 2026-05-23 10:25:00+00:00, run_after=2026-05-23 10:30:00+00:00
[2026-05-23T10:27:27.451+0000] {processor.py:208} INFO - Processing /opt/airflow/dags/spark_interval_ingestion.py took 0.044 seconds
[2026-05-23T10:27:57.628+0000] {processor.py:186} INFO - Started process (PID=1710) to work on /opt/airflow/dags/spark_interval_ingestion.py
[2026-05-23T10:27:57.629+0000] {processor.py:914} INFO - Processing file /opt/airflow/dags/spark_interval_ingestion.py for tasks to queue
[2026-05-23T10:27:57.630+0000] {logging_mixin.py:190} INFO - [2026-05-23T10:27:57.630+0000] {dagbag.py:588} INFO - Filling up the DagBag from /opt/airflow/dags/spark_interval_ingestion.py
[2026-05-23T10:27:57.642+0000] {processor.py:925} INFO - DAG(s) 'fraud_pipeline_bronze_hourly' retrieved from /opt/airflow/dags/spark_interval_ingestion.py
[2026-05-23T10:27:57.659+0000] {logging_mixin.py:190} INFO - [2026-05-23T10:27:57.659+0000] {dag.py:3239} INFO - Sync 1 DAGs
[2026-05-23T10:27:57.671+0000] {logging_mixin.py:190} INFO - [2026-05-23T10:27:57.671+0000] {dag.py:4180} INFO - Setting next_dagrun for fraud_pipeline_bronze_hourly to 2026-05-23 10:25:00+00:00, run_after=2026-05-23 10:30:00+00:00
[2026-05-23T10:27:57.677+0000] {processor.py:208} INFO - Processing /opt/airflow/dags/spark_interval_ingestion.py took 0.055 seconds
[2026-05-23T10:28:27.839+0000] {processor.py:186} INFO - Started process (PID=1715) to work on /opt/airflow/dags/spark_interval_ingestion.py
[2026-05-23T10:28:27.840+0000] {processor.py:914} INFO - Processing file /opt/airflow/dags/spark_interval_ingestion.py for tasks to queue
[2026-05-23T10:28:27.841+0000] {logging_mixin.py:190} INFO - [2026-05-23T10:28:27.841+0000] {dagbag.py:588} INFO - Filling up the DagBag from /opt/airflow/dags/spark_interval_ingestion.py
[2026-05-23T10:28:27.852+0000] {processor.py:925} INFO - DAG(s) 'fraud_pipeline_bronze_hourly' retrieved from /opt/airflow/dags/spark_interval_ingestion.py
[2026-05-23T10:28:27.871+0000] {logging_mixin.py:190} INFO - [2026-05-23T10:28:27.871+0000] {dag.py:3239} INFO - Sync 1 DAGs
[2026-05-23T10:28:27.882+0000] {logging_mixin.py:190} INFO - [2026-05-23T10:28:27.882+0000] {dag.py:4180} INFO - Setting next_dagrun for fraud_pipeline_bronze_hourly to 2026-05-23 10:25:00+00:00, run_after=2026-05-23 10:30:00+00:00
[2026-05-23T10:28:27.888+0000] {processor.py:208} INFO - Processing /opt/airflow/dags/spark_interval_ingestion.py took 0.056 seconds
[2026-05-23T10:28:58.075+0000] {processor.py:186} INFO - Started process (PID=1720) to work on /opt/airflow/dags/spark_interval_ingestion.py
[2026-05-23T10:28:58.076+0000] {processor.py:914} INFO - Processing file /opt/airflow/dags/spark_interval_ingestion.py for tasks to queue
[2026-05-23T10:28:58.079+0000] {logging_mixin.py:190} INFO - [2026-05-23T10:28:58.078+0000] {dagbag.py:588} INFO - Filling up the DagBag from /opt/airflow/dags/spark_interval_ingestion.py
[2026-05-23T10:28:58.095+0000] {processor.py:925} INFO - DAG(s) 'fraud_pipeline_bronze_hourly' retrieved from /opt/airflow/dags/spark_interval_ingestion.py
[2026-05-23T10:28:58.117+0000] {logging_mixin.py:190} INFO - [2026-05-23T10:28:58.117+0000] {dag.py:3239} INFO - Sync 1 DAGs
[2026-05-23T10:28:58.129+0000] {logging_mixin.py:190} INFO - [2026-05-23T10:28:58.129+0000] {dag.py:4180} INFO - Setting next_dagrun for fraud_pipeline_bronze_hourly to 2026-05-23 10:25:00+00:00, run_after=2026-05-23 10:30:00+00:00
[2026-05-23T10:28:58.134+0000] {processor.py:208} INFO - Processing /opt/airflow/dags/spark_interval_ingestion.py took 0.066 seconds
[2026-05-23T10:29:28.304+0000] {processor.py:186} INFO - Started process (PID=1725) to work on /opt/airflow/dags/spark_interval_ingestion.py
[2026-05-23T10:29:28.305+0000] {processor.py:914} INFO - Processing file /opt/airflow/dags/spark_interval_ingestion.py for tasks to queue
[2026-05-23T10:29:28.305+0000] {logging_mixin.py:190} INFO - [2026-05-23T10:29:28.305+0000] {dagbag.py:588} INFO - Filling up the DagBag from /opt/airflow/dags/spark_interval_ingestion.py
[2026-05-23T10:29:28.314+0000] {processor.py:925} INFO - DAG(s) 'fraud_pipeline_bronze_hourly' retrieved from /opt/airflow/dags/spark_interval_ingestion.py
[2026-05-23T10:29:28.329+0000] {logging_mixin.py:190} INFO - [2026-05-23T10:29:28.329+0000] {dag.py:3239} INFO - Sync 1 DAGs
[2026-05-23T10:29:28.339+0000] {logging_mixin.py:190} INFO - [2026-05-23T10:29:28.339+0000] {dag.py:4180} INFO - Setting next_dagrun for fraud_pipeline_bronze_hourly to 2026-05-23 10:25:00+00:00, run_after=2026-05-23 10:30:00+00:00
[2026-05-23T10:29:28.347+0000] {processor.py:208} INFO - Processing /opt/airflow/dags/spark_interval_ingestion.py took 0.046 seconds
[2026-05-23T10:29:58.529+0000] {processor.py:186} INFO - Started process (PID=1730) to work on /opt/airflow/dags/spark_interval_ingestion.py
[2026-05-23T10:29:58.530+0000] {processor.py:914} INFO - Processing file /opt/airflow/dags/spark_interval_ingestion.py for tasks to queue
[2026-05-23T10:29:58.531+0000] {logging_mixin.py:190} INFO - [2026-05-23T10:29:58.531+0000] {dagbag.py:588} INFO - Filling up the DagBag from /opt/airflow/dags/spark_interval_ingestion.py
[2026-05-23T10:29:58.546+0000] {processor.py:925} INFO - DAG(s) 'fraud_pipeline_bronze_hourly' retrieved from /opt/airflow/dags/spark_interval_ingestion.py
[2026-05-23T10:29:58.577+0000] {logging_mixin.py:190} INFO - [2026-05-23T10:29:58.577+0000] {dag.py:3239} INFO - Sync 1 DAGs
[2026-05-23T10:29:58.600+0000] {logging_mixin.py:190} INFO - [2026-05-23T10:29:58.600+0000] {dag.py:4180} INFO - Setting next_dagrun for fraud_pipeline_bronze_hourly to 2026-05-23 10:25:00+00:00, run_after=2026-05-23 10:30:00+00:00
[2026-05-23T10:29:58.610+0000] {processor.py:208} INFO - Processing /opt/airflow/dags/spark_interval_ingestion.py took 0.094 seconds
[2026-05-23T10:30:28.736+0000] {processor.py:186} INFO - Started process (PID=2360) to work on /opt/airflow/dags/spark_interval_ingestion.py
[2026-05-23T10:30:28.737+0000] {processor.py:914} INFO - Processing file /opt/airflow/dags/spark_interval_ingestion.py for tasks to queue
[2026-05-23T10:30:28.738+0000] {logging_mixin.py:190} INFO - [2026-05-23T10:30:28.738+0000] {dagbag.py:588} INFO - Filling up the DagBag from /opt/airflow/dags/spark_interval_ingestion.py
[2026-05-23T10:30:28.762+0000] {processor.py:925} INFO - DAG(s) 'fraud_pipeline_bronze_hourly' retrieved from /opt/airflow/dags/spark_interval_ingestion.py
[2026-05-23T10:30:28.798+0000] {logging_mixin.py:190} INFO - [2026-05-23T10:30:28.798+0000] {dag.py:3239} INFO - Sync 1 DAGs
[2026-05-23T10:30:28.815+0000] {logging_mixin.py:190} INFO - [2026-05-23T10:30:28.815+0000] {dag.py:4180} INFO - Setting next_dagrun for fraud_pipeline_bronze_hourly to 2026-05-23 10:30:00+00:00, run_after=2026-05-23 10:35:00+00:00
[2026-05-23T10:30:28.825+0000] {processor.py:208} INFO - Processing /opt/airflow/dags/spark_interval_ingestion.py took 0.095 seconds
[2026-05-23T10:30:58.972+0000] {processor.py:186} INFO - Started process (PID=2365) to work on /opt/airflow/dags/spark_interval_ingestion.py
[2026-05-23T10:30:58.973+0000] {processor.py:914} INFO - Processing file /opt/airflow/dags/spark_interval_ingestion.py for tasks to queue
[2026-05-23T10:30:58.974+0000] {logging_mixin.py:190} INFO - [2026-05-23T10:30:58.973+0000] {dagbag.py:588} INFO - Filling up the DagBag from /opt/airflow/dags/spark_interval_ingestion.py
[2026-05-23T10:30:58.982+0000] {processor.py:925} INFO - DAG(s) 'fraud_pipeline_bronze_hourly' retrieved from /opt/airflow/dags/spark_interval_ingestion.py
[2026-05-23T10:30:59.001+0000] {logging_mixin.py:190} INFO - [2026-05-23T10:30:59.000+0000] {dag.py:3239} INFO - Sync 1 DAGs
[2026-05-23T10:30:59.013+0000] {logging_mixin.py:190} INFO - [2026-05-23T10:30:59.013+0000] {dag.py:4180} INFO - Setting next_dagrun for fraud_pipeline_bronze_hourly to 2026-05-23 10:30:00+00:00, run_after=2026-05-23 10:35:00+00:00
[2026-05-23T10:30:59.020+0000] {processor.py:208} INFO - Processing /opt/airflow/dags/spark_interval_ingestion.py took 0.055 seconds
[2026-05-23T10:31:29.195+0000] {processor.py:186} INFO - Started process (PID=2370) to work on /opt/airflow/dags/spark_interval_ingestion.py
[2026-05-23T10:31:29.196+0000] {processor.py:914} INFO - Processing file /opt/airflow/dags/spark_interval_ingestion.py for tasks to queue
[2026-05-23T10:31:29.197+0000] {logging_mixin.py:190} INFO - [2026-05-23T10:31:29.196+0000] {dagbag.py:588} INFO - Filling up the DagBag from /opt/airflow/dags/spark_interval_ingestion.py
[2026-05-23T10:31:29.205+0000] {processor.py:925} INFO - DAG(s) 'fraud_pipeline_bronze_hourly' retrieved from /opt/airflow/dags/spark_interval_ingestion.py
[2026-05-23T10:31:29.226+0000] {logging_mixin.py:190} INFO - [2026-05-23T10:31:29.226+0000] {dag.py:3239} INFO - Sync 1 DAGs
[2026-05-23T10:31:29.241+0000] {logging_mixin.py:190} INFO - [2026-05-23T10:31:29.241+0000] {dag.py:4180} INFO - Setting next_dagrun for fraud_pipeline_bronze_hourly to 2026-05-23 10:30:00+00:00, run_after=2026-05-23 10:35:00+00:00
[2026-05-23T10:31:29.249+0000] {processor.py:208} INFO - Processing /opt/airflow/dags/spark_interval_ingestion.py took 0.061 seconds
[2026-05-23T10:31:59.400+0000] {processor.py:186} INFO - Started process (PID=2375) to work on /opt/airflow/dags/spark_interval_ingestion.py
[2026-05-23T10:31:59.401+0000] {processor.py:914} INFO - Processing file /opt/airflow/dags/spark_interval_ingestion.py for tasks to queue
[2026-05-23T10:31:59.402+0000] {logging_mixin.py:190} INFO - [2026-05-23T10:31:59.401+0000] {dagbag.py:588} INFO - Filling up the DagBag from /opt/airflow/dags/spark_interval_ingestion.py
[2026-05-23T10:31:59.410+0000] {processor.py:925} INFO - DAG(s) 'fraud_pipeline_bronze_hourly' retrieved from /opt/airflow/dags/spark_interval_ingestion.py
[2026-05-23T10:31:59.427+0000] {logging_mixin.py:190} INFO - [2026-05-23T10:31:59.426+0000] {dag.py:3239} INFO - Sync 1 DAGs
[2026-05-23T10:31:59.438+0000] {logging_mixin.py:190} INFO - [2026-05-23T10:31:59.437+0000] {dag.py:4180} INFO - Setting next_dagrun for fraud_pipeline_bronze_hourly to 2026-05-23 10:30:00+00:00, run_after=2026-05-23 10:35:00+00:00
[2026-05-23T10:31:59.444+0000] {processor.py:208} INFO - Processing /opt/airflow/dags/spark_interval_ingestion.py took 0.049 seconds
[2026-05-23T10:32:29.607+0000] {processor.py:186} INFO - Started process (PID=2380) to work on /opt/airflow/dags/spark_interval_ingestion.py
[2026-05-23T10:32:29.607+0000] {processor.py:914} INFO - Processing file /opt/airflow/dags/spark_interval_ingestion.py for tasks to queue
[2026-05-23T10:32:29.609+0000] {logging_mixin.py:190} INFO - [2026-05-23T10:32:29.608+0000] {dagbag.py:588} INFO - Filling up the DagBag from /opt/airflow/dags/spark_interval_ingestion.py
[2026-05-23T10:32:29.621+0000] {processor.py:925} INFO - DAG(s) 'fraud_pipeline_bronze_hourly' retrieved from /opt/airflow/dags/spark_interval_ingestion.py
[2026-05-23T10:32:29.639+0000] {logging_mixin.py:190} INFO - [2026-05-23T10:32:29.639+0000] {dag.py:3239} INFO - Sync 1 DAGs
[2026-05-23T10:32:29.652+0000] {logging_mixin.py:190} INFO - [2026-05-23T10:32:29.652+0000] {dag.py:4180} INFO - Setting next_dagrun for fraud_pipeline_bronze_hourly to 2026-05-23 10:30:00+00:00, run_after=2026-05-23 10:35:00+00:00
[2026-05-23T10:32:29.660+0000] {processor.py:208} INFO - Processing /opt/airflow/dags/spark_interval_ingestion.py took 0.058 seconds
[2026-05-23T10:32:59.839+0000] {processor.py:186} INFO - Started process (PID=2385) to work on /opt/airflow/dags/spark_interval_ingestion.py
[2026-05-23T10:32:59.841+0000] {processor.py:914} INFO - Processing file /opt/airflow/dags/spark_interval_ingestion.py for tasks to queue
[2026-05-23T10:32:59.842+0000] {logging_mixin.py:190} INFO - [2026-05-23T10:32:59.841+0000] {dagbag.py:588} INFO - Filling up the DagBag from /opt/airflow/dags/spark_interval_ingestion.py
[2026-05-23T10:32:59.860+0000] {processor.py:925} INFO - DAG(s) 'fraud_pipeline_bronze_hourly' retrieved from /opt/airflow/dags/spark_interval_ingestion.py
[2026-05-23T10:32:59.889+0000] {logging_mixin.py:190} INFO - [2026-05-23T10:32:59.888+0000] {dag.py:3239} INFO - Sync 1 DAGs
[2026-05-23T10:32:59.909+0000] {logging_mixin.py:190} INFO - [2026-05-23T10:32:59.909+0000] {dag.py:4180} INFO - Setting next_dagrun for fraud_pipeline_bronze_hourly to 2026-05-23 10:30:00+00:00, run_after=2026-05-23 10:35:00+00:00
[2026-05-23T10:32:59.921+0000] {processor.py:208} INFO - Processing /opt/airflow/dags/spark_interval_ingestion.py took 0.088 seconds
[2026-05-23T10:33:30.051+0000] {processor.py:186} INFO - Started process (PID=2390) to work on /opt/airflow/dags/spark_interval_ingestion.py
[2026-05-23T10:33:30.052+0000] {processor.py:914} INFO - Processing file /opt/airflow/dags/spark_interval_ingestion.py for tasks to queue
[2026-05-23T10:33:30.054+0000] {logging_mixin.py:190} INFO - [2026-05-23T10:33:30.053+0000] {dagbag.py:588} INFO - Filling up the DagBag from /opt/airflow/dags/spark_interval_ingestion.py
[2026-05-23T10:33:30.068+0000] {processor.py:925} INFO - DAG(s) 'fraud_pipeline_bronze_hourly' retrieved from /opt/airflow/dags/spark_interval_ingestion.py
[2026-05-23T10:33:30.092+0000] {logging_mixin.py:190} INFO - [2026-05-23T10:33:30.092+0000] {dag.py:3239} INFO - Sync 1 DAGs
[2026-05-23T10:33:30.106+0000] {logging_mixin.py:190} INFO - [2026-05-23T10:33:30.106+0000] {dag.py:4180} INFO - Setting next_dagrun for fraud_pipeline_bronze_hourly to 2026-05-23 10:30:00+00:00, run_after=2026-05-23 10:35:00+00:00
[2026-05-23T10:33:30.114+0000] {processor.py:208} INFO - Processing /opt/airflow/dags/spark_interval_ingestion.py took 0.070 seconds
[2026-05-23T10:34:00.395+0000] {processor.py:186} INFO - Started process (PID=2395) to work on /opt/airflow/dags/spark_interval_ingestion.py
[2026-05-23T10:34:00.396+0000] {processor.py:914} INFO - Processing file /opt/airflow/dags/spark_interval_ingestion.py for tasks to queue
[2026-05-23T10:34:00.397+0000] {logging_mixin.py:190} INFO - [2026-05-23T10:34:00.397+0000] {dagbag.py:588} INFO - Filling up the DagBag from /opt/airflow/dags/spark_interval_ingestion.py
[2026-05-23T10:34:00.410+0000] {processor.py:925} INFO - DAG(s) 'fraud_pipeline_bronze_hourly' retrieved from /opt/airflow/dags/spark_interval_ingestion.py
[2026-05-23T10:34:00.440+0000] {logging_mixin.py:190} INFO - [2026-05-23T10:34:00.440+0000] {dag.py:3239} INFO - Sync 1 DAGs
[2026-05-23T10:34:00.457+0000] {logging_mixin.py:190} INFO - [2026-05-23T10:34:00.457+0000] {dag.py:4180} INFO - Setting next_dagrun for fraud_pipeline_bronze_hourly to 2026-05-23 10:30:00+00:00, run_after=2026-05-23 10:35:00+00:00
[2026-05-23T10:34:00.464+0000] {processor.py:208} INFO - Processing /opt/airflow/dags/spark_interval_ingestion.py took 0.080 seconds
[2026-05-23T10:34:30.584+0000] {processor.py:186} INFO - Started process (PID=2400) to work on /opt/airflow/dags/spark_interval_ingestion.py
[2026-05-23T10:34:30.584+0000] {processor.py:914} INFO - Processing file /opt/airflow/dags/spark_interval_ingestion.py for tasks to queue
[2026-05-23T10:34:30.585+0000] {logging_mixin.py:190} INFO - [2026-05-23T10:34:30.585+0000] {dagbag.py:588} INFO - Filling up the DagBag from /opt/airflow/dags/spark_interval_ingestion.py
[2026-05-23T10:34:30.595+0000] {processor.py:925} INFO - DAG(s) 'fraud_pipeline_bronze_hourly' retrieved from /opt/airflow/dags/spark_interval_ingestion.py
[2026-05-23T10:34:30.613+0000] {logging_mixin.py:190} INFO - [2026-05-23T10:34:30.613+0000] {dag.py:3239} INFO - Sync 1 DAGs
[2026-05-23T10:34:30.626+0000] {logging_mixin.py:190} INFO - [2026-05-23T10:34:30.626+0000] {dag.py:4180} INFO - Setting next_dagrun for fraud_pipeline_bronze_hourly to 2026-05-23 10:30:00+00:00, run_after=2026-05-23 10:35:00+00:00
[2026-05-23T10:34:30.633+0000] {processor.py:208} INFO - Processing /opt/airflow/dags/spark_interval_ingestion.py took 0.053 seconds
[2026-05-23T10:35:00.813+0000] {processor.py:186} INFO - Started process (PID=2406) to work on /opt/airflow/dags/spark_interval_ingestion.py
[2026-05-23T10:35:00.814+0000] {processor.py:914} INFO - Processing file /opt/airflow/dags/spark_interval_ingestion.py for tasks to queue
[2026-05-23T10:35:00.815+0000] {logging_mixin.py:190} INFO - [2026-05-23T10:35:00.815+0000] {dagbag.py:588} INFO - Filling up the DagBag from /opt/airflow/dags/spark_interval_ingestion.py
[2026-05-23T10:35:00.826+0000] {processor.py:925} INFO - DAG(s) 'fraud_pipeline_bronze_hourly' retrieved from /opt/airflow/dags/spark_interval_ingestion.py
[2026-05-23T10:35:00.844+0000] {logging_mixin.py:190} INFO - [2026-05-23T10:35:00.844+0000] {dag.py:3239} INFO - Sync 1 DAGs
[2026-05-23T10:35:00.863+0000] {logging_mixin.py:190} INFO - [2026-05-23T10:35:00.863+0000] {dag.py:4180} INFO - Setting next_dagrun for fraud_pipeline_bronze_hourly to 2026-05-23 10:35:00+00:00, run_after=2026-05-23 10:40:00+00:00
[2026-05-23T10:35:00.870+0000] {processor.py:208} INFO - Processing /opt/airflow/dags/spark_interval_ingestion.py took 0.062 seconds
[2026-05-23T10:35:31.038+0000] {processor.py:186} INFO - Started process (PID=2728) to work on /opt/airflow/dags/spark_interval_ingestion.py
[2026-05-23T10:35:31.039+0000] {processor.py:914} INFO - Processing file /opt/airflow/dags/spark_interval_ingestion.py for tasks to queue
[2026-05-23T10:35:31.040+0000] {logging_mixin.py:190} INFO - [2026-05-23T10:35:31.039+0000] {dagbag.py:588} INFO - Filling up the DagBag from /opt/airflow/dags/spark_interval_ingestion.py
[2026-05-23T10:35:31.047+0000] {processor.py:925} INFO - DAG(s) 'fraud_pipeline_bronze_hourly' retrieved from /opt/airflow/dags/spark_interval_ingestion.py
[2026-05-23T10:35:31.063+0000] {logging_mixin.py:190} INFO - [2026-05-23T10:35:31.063+0000] {dag.py:3239} INFO - Sync 1 DAGs
[2026-05-23T10:35:31.075+0000] {logging_mixin.py:190} INFO - [2026-05-23T10:35:31.075+0000] {dag.py:4180} INFO - Setting next_dagrun for fraud_pipeline_bronze_hourly to 2026-05-23 10:35:00+00:00, run_after=2026-05-23 10:40:00+00:00
[2026-05-23T10:35:31.082+0000] {processor.py:208} INFO - Processing /opt/airflow/dags/spark_interval_ingestion.py took 0.047 seconds
[2026-05-23T10:36:01.262+0000] {processor.py:186} INFO - Started process (PID=2733) to work on /opt/airflow/dags/spark_interval_ingestion.py
[2026-05-23T10:36:01.263+0000] {processor.py:914} INFO - Processing file /opt/airflow/dags/spark_interval_ingestion.py for tasks to queue
[2026-05-23T10:36:01.265+0000] {logging_mixin.py:190} INFO - [2026-05-23T10:36:01.264+0000] {dagbag.py:588} INFO - Filling up the DagBag from /opt/airflow/dags/spark_interval_ingestion.py
[2026-05-23T10:36:01.276+0000] {processor.py:925} INFO - DAG(s) 'fraud_pipeline_bronze_hourly' retrieved from /opt/airflow/dags/spark_interval_ingestion.py
[2026-05-23T10:36:01.298+0000] {logging_mixin.py:190} INFO - [2026-05-23T10:36:01.298+0000] {dag.py:3239} INFO - Sync 1 DAGs
[2026-05-23T10:36:01.312+0000] {logging_mixin.py:190} INFO - [2026-05-23T10:36:01.312+0000] {dag.py:4180} INFO - Setting next_dagrun for fraud_pipeline_bronze_hourly to 2026-05-23 10:35:00+00:00, run_after=2026-05-23 10:40:00+00:00
[2026-05-23T10:36:01.319+0000] {processor.py:208} INFO - Processing /opt/airflow/dags/spark_interval_ingestion.py took 0.063 seconds
[2026-05-23T10:36:31.464+0000] {processor.py:186} INFO - Started process (PID=2738) to work on /opt/airflow/dags/spark_interval_ingestion.py
[2026-05-23T10:36:31.465+0000] {processor.py:914} INFO - Processing file /opt/airflow/dags/spark_interval_ingestion.py for tasks to queue
[2026-05-23T10:36:31.467+0000] {logging_mixin.py:190} INFO - [2026-05-23T10:36:31.466+0000] {dagbag.py:588} INFO - Filling up the DagBag from /opt/airflow/dags/spark_interval_ingestion.py
[2026-05-23T10:36:31.475+0000] {processor.py:925} INFO - DAG(s) 'fraud_pipeline_bronze_hourly' retrieved from /opt/airflow/dags/spark_interval_ingestion.py
[2026-05-23T10:36:31.492+0000] {logging_mixin.py:190} INFO - [2026-05-23T10:36:31.492+0000] {dag.py:3239} INFO - Sync 1 DAGs
[2026-05-23T10:36:31.504+0000] {logging_mixin.py:190} INFO - [2026-05-23T10:36:31.504+0000] {dag.py:4180} INFO - Setting next_dagrun for fraud_pipeline_bronze_hourly to 2026-05-23 10:35:00+00:00, run_after=2026-05-23 10:40:00+00:00
[2026-05-23T10:36:31.512+0000] {processor.py:208} INFO - Processing /opt/airflow/dags/spark_interval_ingestion.py took 0.053 seconds
[2026-05-23T10:37:01.674+0000] {processor.py:186} INFO - Started process (PID=2743) to work on /opt/airflow/dags/spark_interval_ingestion.py
[2026-05-23T10:37:01.674+0000] {processor.py:914} INFO - Processing file /opt/airflow/dags/spark_interval_ingestion.py for tasks to queue
[2026-05-23T10:37:01.675+0000] {logging_mixin.py:190} INFO - [2026-05-23T10:37:01.675+0000] {dagbag.py:588} INFO - Filling up the DagBag from /opt/airflow/dags/spark_interval_ingestion.py
[2026-05-23T10:37:01.684+0000] {processor.py:925} INFO - DAG(s) 'fraud_pipeline_bronze_hourly' retrieved from /opt/airflow/dags/spark_interval_ingestion.py
[2026-05-23T10:37:01.701+0000] {logging_mixin.py:190} INFO - [2026-05-23T10:37:01.701+0000] {dag.py:3239} INFO - Sync 1 DAGs
[2026-05-23T10:37:01.714+0000] {logging_mixin.py:190} INFO - [2026-05-23T10:37:01.714+0000] {dag.py:4180} INFO - Setting next_dagrun for fraud_pipeline_bronze_hourly to 2026-05-23 10:35:00+00:00, run_after=2026-05-23 10:40:00+00:00
[2026-05-23T10:37:01.721+0000] {processor.py:208} INFO - Processing /opt/airflow/dags/spark_interval_ingestion.py took 0.052 seconds
[2026-05-23T10:37:31.944+0000] {processor.py:186} INFO - Started process (PID=2748) to work on /opt/airflow/dags/spark_interval_ingestion.py
[2026-05-23T10:37:31.945+0000] {processor.py:914} INFO - Processing file /opt/airflow/dags/spark_interval_ingestion.py for tasks to queue
[2026-05-23T10:37:31.946+0000] {logging_mixin.py:190} INFO - [2026-05-23T10:37:31.946+0000] {dagbag.py:588} INFO - Filling up the DagBag from /opt/airflow/dags/spark_interval_ingestion.py
[2026-05-23T10:37:31.959+0000] {processor.py:925} INFO - DAG(s) 'fraud_pipeline_bronze_hourly' retrieved from /opt/airflow/dags/spark_interval_ingestion.py
[2026-05-23T10:37:31.985+0000] {logging_mixin.py:190} INFO - [2026-05-23T10:37:31.985+0000] {dag.py:3239} INFO - Sync 1 DAGs
[2026-05-23T10:37:32.002+0000] {logging_mixin.py:190} INFO - [2026-05-23T10:37:32.002+0000] {dag.py:4180} INFO - Setting next_dagrun for fraud_pipeline_bronze_hourly to 2026-05-23 10:35:00+00:00, run_after=2026-05-23 10:40:00+00:00
[2026-05-23T10:37:32.009+0000] {processor.py:208} INFO - Processing /opt/airflow/dags/spark_interval_ingestion.py took 0.071 seconds
[2026-05-23T10:38:02.127+0000] {processor.py:186} INFO - Started process (PID=2753) to work on /opt/airflow/dags/spark_interval_ingestion.py
[2026-05-23T10:38:02.128+0000] {processor.py:914} INFO - Processing file /opt/airflow/dags/spark_interval_ingestion.py for tasks to queue
[2026-05-23T10:38:02.129+0000] {logging_mixin.py:190} INFO - [2026-05-23T10:38:02.128+0000] {dagbag.py:588} INFO - Filling up the DagBag from /opt/airflow/dags/spark_interval_ingestion.py
[2026-05-23T10:38:02.136+0000] {processor.py:925} INFO - DAG(s) 'fraud_pipeline_bronze_hourly' retrieved from /opt/airflow/dags/spark_interval_ingestion.py
[2026-05-23T10:38:02.152+0000] {logging_mixin.py:190} INFO - [2026-05-23T10:38:02.152+0000] {dag.py:3239} INFO - Sync 1 DAGs
[2026-05-23T10:38:02.164+0000] {logging_mixin.py:190} INFO - [2026-05-23T10:38:02.164+0000] {dag.py:4180} INFO - Setting next_dagrun for fraud_pipeline_bronze_hourly to 2026-05-23 10:35:00+00:00, run_after=2026-05-23 10:40:00+00:00
[2026-05-23T10:38:02.171+0000] {processor.py:208} INFO - Processing /opt/airflow/dags/spark_interval_ingestion.py took 0.049 seconds
[2026-05-23T10:38:43.650+0000] {processor.py:186} INFO - Started process (PID=160) to work on /opt/airflow/dags/spark_interval_ingestion.py
[2026-05-23T10:38:43.652+0000] {processor.py:914} INFO - Processing file /opt/airflow/dags/spark_interval_ingestion.py for tasks to queue
[2026-05-23T10:38:43.654+0000] {logging_mixin.py:190} INFO - [2026-05-23T10:38:43.654+0000] {dagbag.py:588} INFO - Filling up the DagBag from /opt/airflow/dags/spark_interval_ingestion.py
[2026-05-23T10:38:43.665+0000] {processor.py:925} INFO - DAG(s) 'fraud_pipeline_bronze_hourly' retrieved from /opt/airflow/dags/spark_interval_ingestion.py
[2026-05-23T10:38:43.763+0000] {logging_mixin.py:190} INFO - [2026-05-23T10:38:43.763+0000] {override.py:1932} INFO - Created Permission View: can delete on DAG:fraud_pipeline_bronze_hourly
[2026-05-23T10:38:43.766+0000] {logging_mixin.py:190} INFO - [2026-05-23T10:38:43.766+0000] {override.py:1932} INFO - Created Permission View: can read on DAG:fraud_pipeline_bronze_hourly
[2026-05-23T10:38:43.767+0000] {logging_mixin.py:190} INFO - [2026-05-23T10:38:43.767+0000] {override.py:1932} INFO - Created Permission View: can edit on DAG:fraud_pipeline_bronze_hourly
[2026-05-23T10:38:43.769+0000] {logging_mixin.py:190} INFO - [2026-05-23T10:38:43.769+0000] {override.py:1932} INFO - Created Permission View: menu access on DAG Run:fraud_pipeline_bronze_hourly
[2026-05-23T10:38:43.770+0000] {logging_mixin.py:190} INFO - [2026-05-23T10:38:43.770+0000] {override.py:1932} INFO - Created Permission View: can delete on DAG Run:fraud_pipeline_bronze_hourly
[2026-05-23T10:38:43.771+0000] {logging_mixin.py:190} INFO - [2026-05-23T10:38:43.771+0000] {override.py:1932} INFO - Created Permission View: can read on DAG Run:fraud_pipeline_bronze_hourly
[2026-05-23T10:38:43.773+0000] {logging_mixin.py:190} INFO - [2026-05-23T10:38:43.773+0000] {override.py:1932} INFO - Created Permission View: can create on DAG Run:fraud_pipeline_bronze_hourly
[2026-05-23T10:38:43.773+0000] {logging_mixin.py:190} INFO - [2026-05-23T10:38:43.773+0000] {dag.py:3239} INFO - Sync 1 DAGs
[2026-05-23T10:38:43.777+0000] {logging_mixin.py:190} INFO - [2026-05-23T10:38:43.777+0000] {dag.py:3262} INFO - Creating ORM DAG for fraud_pipeline_bronze_hourly
[2026-05-23T10:38:43.781+0000] {logging_mixin.py:190} INFO - [2026-05-23T10:38:43.781+0000] {dag.py:4180} INFO - Setting next_dagrun for fraud_pipeline_bronze_hourly to 2026-05-23 10:30:00+00:00, run_after=2026-05-23 10:35:00+00:00
[2026-05-23T10:38:43.788+0000] {processor.py:208} INFO - Processing /opt/airflow/dags/spark_interval_ingestion.py took 0.140 seconds
[2026-05-23T10:39:13.827+0000] {processor.py:186} INFO - Started process (PID=165) to work on /opt/airflow/dags/spark_interval_ingestion.py
[2026-05-23T10:39:13.828+0000] {processor.py:914} INFO - Processing file /opt/airflow/dags/spark_interval_ingestion.py for tasks to queue
[2026-05-23T10:39:13.829+0000] {logging_mixin.py:190} INFO - [2026-05-23T10:39:13.829+0000] {dagbag.py:588} INFO - Filling up the DagBag from /opt/airflow/dags/spark_interval_ingestion.py
[2026-05-23T10:39:13.847+0000] {processor.py:925} INFO - DAG(s) 'fraud_pipeline_bronze_hourly' retrieved from /opt/airflow/dags/spark_interval_ingestion.py
[2026-05-23T10:39:13.873+0000] {logging_mixin.py:190} INFO - [2026-05-23T10:39:13.873+0000] {dag.py:3239} INFO - Sync 1 DAGs
[2026-05-23T10:39:13.900+0000] {logging_mixin.py:190} INFO - [2026-05-23T10:39:13.900+0000] {dag.py:4180} INFO - Setting next_dagrun for fraud_pipeline_bronze_hourly to 2026-05-23 10:30:00+00:00, run_after=2026-05-23 10:35:00+00:00
[2026-05-23T10:39:13.909+0000] {processor.py:208} INFO - Processing /opt/airflow/dags/spark_interval_ingestion.py took 0.089 seconds
[2026-05-23T10:39:44.006+0000] {processor.py:186} INFO - Started process (PID=170) to work on /opt/airflow/dags/spark_interval_ingestion.py
[2026-05-23T10:39:44.007+0000] {processor.py:914} INFO - Processing file /opt/airflow/dags/spark_interval_ingestion.py for tasks to queue
[2026-05-23T10:39:44.008+0000] {logging_mixin.py:190} INFO - [2026-05-23T10:39:44.008+0000] {dagbag.py:588} INFO - Filling up the DagBag from /opt/airflow/dags/spark_interval_ingestion.py
[2026-05-23T10:39:44.021+0000] {processor.py:925} INFO - DAG(s) 'fraud_pipeline_bronze_hourly' retrieved from /opt/airflow/dags/spark_interval_ingestion.py
[2026-05-23T10:39:44.045+0000] {logging_mixin.py:190} INFO - [2026-05-23T10:39:44.045+0000] {dag.py:3239} INFO - Sync 1 DAGs
[2026-05-23T10:39:44.059+0000] {logging_mixin.py:190} INFO - [2026-05-23T10:39:44.059+0000] {dag.py:4180} INFO - Setting next_dagrun for fraud_pipeline_bronze_hourly to 2026-05-23 10:30:00+00:00, run_after=2026-05-23 10:35:00+00:00
[2026-05-23T10:39:44.067+0000] {processor.py:208} INFO - Processing /opt/airflow/dags/spark_interval_ingestion.py took 0.066 seconds
[2026-05-23T10:40:14.162+0000] {processor.py:186} INFO - Started process (PID=175) to work on /opt/airflow/dags/spark_interval_ingestion.py
[2026-05-23T10:40:14.162+0000] {processor.py:914} INFO - Processing file /opt/airflow/dags/spark_interval_ingestion.py for tasks to queue
[2026-05-23T10:40:14.163+0000] {logging_mixin.py:190} INFO - [2026-05-23T10:40:14.163+0000] {dagbag.py:588} INFO - Filling up the DagBag from /opt/airflow/dags/spark_interval_ingestion.py
[2026-05-23T10:40:14.171+0000] {processor.py:925} INFO - DAG(s) 'fraud_pipeline_bronze_hourly' retrieved from /opt/airflow/dags/spark_interval_ingestion.py
[2026-05-23T10:40:14.184+0000] {logging_mixin.py:190} INFO - [2026-05-23T10:40:14.184+0000] {dag.py:3239} INFO - Sync 1 DAGs
[2026-05-23T10:40:14.193+0000] {logging_mixin.py:190} INFO - [2026-05-23T10:40:14.193+0000] {dag.py:4180} INFO - Setting next_dagrun for fraud_pipeline_bronze_hourly to 2026-05-23 10:35:00+00:00, run_after=2026-05-23 10:40:00+00:00
[2026-05-23T10:40:14.199+0000] {processor.py:208} INFO - Processing /opt/airflow/dags/spark_interval_ingestion.py took 0.042 seconds
[2026-05-23T10:40:44.341+0000] {processor.py:186} INFO - Started process (PID=180) to work on /opt/airflow/dags/spark_interval_ingestion.py
[2026-05-23T10:40:44.341+0000] {processor.py:914} INFO - Processing file /opt/airflow/dags/spark_interval_ingestion.py for tasks to queue
[2026-05-23T10:40:44.342+0000] {logging_mixin.py:190} INFO - [2026-05-23T10:40:44.341+0000] {dagbag.py:588} INFO - Filling up the DagBag from /opt/airflow/dags/spark_interval_ingestion.py
[2026-05-23T10:40:44.347+0000] {processor.py:925} INFO - DAG(s) 'fraud_pipeline_bronze_hourly' retrieved from /opt/airflow/dags/spark_interval_ingestion.py
[2026-05-23T10:40:44.358+0000] {logging_mixin.py:190} INFO - [2026-05-23T10:40:44.358+0000] {dag.py:3239} INFO - Sync 1 DAGs
[2026-05-23T10:40:44.367+0000] {logging_mixin.py:190} INFO - [2026-05-23T10:40:44.367+0000] {dag.py:4180} INFO - Setting next_dagrun for fraud_pipeline_bronze_hourly to 2026-05-23 10:35:00+00:00, run_after=2026-05-23 10:40:00+00:00
[2026-05-23T10:40:44.372+0000] {processor.py:208} INFO - Processing /opt/airflow/dags/spark_interval_ingestion.py took 0.035 seconds
[2026-05-23T10:41:14.527+0000] {processor.py:186} INFO - Started process (PID=185) to work on /opt/airflow/dags/spark_interval_ingestion.py
[2026-05-23T10:41:14.527+0000] {processor.py:914} INFO - Processing file /opt/airflow/dags/spark_interval_ingestion.py for tasks to queue
[2026-05-23T10:41:14.528+0000] {logging_mixin.py:190} INFO - [2026-05-23T10:41:14.528+0000] {dagbag.py:588} INFO - Filling up the DagBag from /opt/airflow/dags/spark_interval_ingestion.py
[2026-05-23T10:41:14.538+0000] {processor.py:925} INFO - DAG(s) 'fraud_pipeline_bronze_hourly' retrieved from /opt/airflow/dags/spark_interval_ingestion.py
[2026-05-23T10:41:14.555+0000] {logging_mixin.py:190} INFO - [2026-05-23T10:41:14.555+0000] {dag.py:3239} INFO - Sync 1 DAGs
[2026-05-23T10:41:14.567+0000] {logging_mixin.py:190} INFO - [2026-05-23T10:41:14.567+0000] {dag.py:4180} INFO - Setting next_dagrun for fraud_pipeline_bronze_hourly to 2026-05-23 10:35:00+00:00, run_after=2026-05-23 10:40:00+00:00
[2026-05-23T10:41:14.575+0000] {processor.py:208} INFO - Processing /opt/airflow/dags/spark_interval_ingestion.py took 0.053 seconds
[2026-05-23T10:41:44.711+0000] {processor.py:186} INFO - Started process (PID=190) to work on /opt/airflow/dags/spark_interval_ingestion.py
[2026-05-23T10:41:44.711+0000] {processor.py:914} INFO - Processing file /opt/airflow/dags/spark_interval_ingestion.py for tasks to queue
[2026-05-23T10:41:44.713+0000] {logging_mixin.py:190} INFO - [2026-05-23T10:41:44.713+0000] {dagbag.py:588} INFO - Filling up the DagBag from /opt/airflow/dags/spark_interval_ingestion.py
[2026-05-23T10:41:44.723+0000] {processor.py:925} INFO - DAG(s) 'fraud_pipeline_bronze_hourly' retrieved from /opt/airflow/dags/spark_interval_ingestion.py
[2026-05-23T10:41:44.740+0000] {logging_mixin.py:190} INFO - [2026-05-23T10:41:44.740+0000] {dag.py:3239} INFO - Sync 1 DAGs
[2026-05-23T10:41:44.752+0000] {logging_mixin.py:190} INFO - [2026-05-23T10:41:44.752+0000] {dag.py:4180} INFO - Setting next_dagrun for fraud_pipeline_bronze_hourly to 2026-05-23 10:35:00+00:00, run_after=2026-05-23 10:40:00+00:00
[2026-05-23T10:41:44.758+0000] {processor.py:208} INFO - Processing /opt/airflow/dags/spark_interval_ingestion.py took 0.053 seconds
[2026-05-23T10:42:14.905+0000] {processor.py:186} INFO - Started process (PID=195) to work on /opt/airflow/dags/spark_interval_ingestion.py
[2026-05-23T10:42:14.905+0000] {processor.py:914} INFO - Processing file /opt/airflow/dags/spark_interval_ingestion.py for tasks to queue
[2026-05-23T10:42:14.906+0000] {logging_mixin.py:190} INFO - [2026-05-23T10:42:14.906+0000] {dagbag.py:588} INFO - Filling up the DagBag from /opt/airflow/dags/spark_interval_ingestion.py
[2026-05-23T10:42:14.918+0000] {processor.py:925} INFO - DAG(s) 'fraud_pipeline_bronze_hourly' retrieved from /opt/airflow/dags/spark_interval_ingestion.py
[2026-05-23T10:42:14.944+0000] {logging_mixin.py:190} INFO - [2026-05-23T10:42:14.944+0000] {dag.py:3239} INFO - Sync 1 DAGs
[2026-05-23T10:42:14.957+0000] {logging_mixin.py:190} INFO - [2026-05-23T10:42:14.957+0000] {dag.py:4180} INFO - Setting next_dagrun for fraud_pipeline_bronze_hourly to 2026-05-23 10:35:00+00:00, run_after=2026-05-23 10:40:00+00:00
[2026-05-23T10:42:14.966+0000] {processor.py:208} INFO - Processing /opt/airflow/dags/spark_interval_ingestion.py took 0.065 seconds
[2026-05-23T10:42:45.076+0000] {processor.py:186} INFO - Started process (PID=200) to work on /opt/airflow/dags/spark_interval_ingestion.py
[2026-05-23T10:42:45.076+0000] {processor.py:914} INFO - Processing file /opt/airflow/dags/spark_interval_ingestion.py for tasks to queue
[2026-05-23T10:42:45.077+0000] {logging_mixin.py:190} INFO - [2026-05-23T10:42:45.076+0000] {dagbag.py:588} INFO - Filling up the DagBag from /opt/airflow/dags/spark_interval_ingestion.py
[2026-05-23T10:42:45.084+0000] {processor.py:925} INFO - DAG(s) 'fraud_pipeline_bronze_hourly' retrieved from /opt/airflow/dags/spark_interval_ingestion.py
[2026-05-23T10:42:45.100+0000] {logging_mixin.py:190} INFO - [2026-05-23T10:42:45.100+0000] {dag.py:3239} INFO - Sync 1 DAGs
[2026-05-23T10:42:45.112+0000] {logging_mixin.py:190} INFO - [2026-05-23T10:42:45.112+0000] {dag.py:4180} INFO - Setting next_dagrun for fraud_pipeline_bronze_hourly to 2026-05-23 10:35:00+00:00, run_after=2026-05-23 10:40:00+00:00
[2026-05-23T10:42:45.118+0000] {processor.py:208} INFO - Processing /opt/airflow/dags/spark_interval_ingestion.py took 0.046 seconds
[2026-05-23T10:43:15.294+0000] {processor.py:186} INFO - Started process (PID=205) to work on /opt/airflow/dags/spark_interval_ingestion.py
[2026-05-23T10:43:15.295+0000] {processor.py:914} INFO - Processing file /opt/airflow/dags/spark_interval_ingestion.py for tasks to queue
[2026-05-23T10:43:15.295+0000] {logging_mixin.py:190} INFO - [2026-05-23T10:43:15.295+0000] {dagbag.py:588} INFO - Filling up the DagBag from /opt/airflow/dags/spark_interval_ingestion.py
[2026-05-23T10:43:15.304+0000] {processor.py:925} INFO - DAG(s) 'fraud_pipeline_bronze_hourly' retrieved from /opt/airflow/dags/spark_interval_ingestion.py
[2026-05-23T10:43:15.322+0000] {logging_mixin.py:190} INFO - [2026-05-23T10:43:15.322+0000] {dag.py:3239} INFO - Sync 1 DAGs
[2026-05-23T10:43:15.334+0000] {logging_mixin.py:190} INFO - [2026-05-23T10:43:15.334+0000] {dag.py:4180} INFO - Setting next_dagrun for fraud_pipeline_bronze_hourly to 2026-05-23 10:40:00+00:00, run_after=2026-05-23 10:45:00+00:00
[2026-05-23T10:43:15.341+0000] {processor.py:208} INFO - Processing /opt/airflow/dags/spark_interval_ingestion.py took 0.052 seconds
[2026-05-23T10:43:45.504+0000] {processor.py:186} INFO - Started process (PID=300) to work on /opt/airflow/dags/spark_interval_ingestion.py
[2026-05-23T10:43:45.505+0000] {processor.py:914} INFO - Processing file /opt/airflow/dags/spark_interval_ingestion.py for tasks to queue
[2026-05-23T10:43:45.506+0000] {logging_mixin.py:190} INFO - [2026-05-23T10:43:45.505+0000] {dagbag.py:588} INFO - Filling up the DagBag from /opt/airflow/dags/spark_interval_ingestion.py
[2026-05-23T10:43:45.517+0000] {processor.py:925} INFO - DAG(s) 'fraud_pipeline_bronze_hourly' retrieved from /opt/airflow/dags/spark_interval_ingestion.py
[2026-05-23T10:43:45.536+0000] {logging_mixin.py:190} INFO - [2026-05-23T10:43:45.536+0000] {dag.py:3239} INFO - Sync 1 DAGs
[2026-05-23T10:43:45.548+0000] {logging_mixin.py:190} INFO - [2026-05-23T10:43:45.548+0000] {dag.py:4180} INFO - Setting next_dagrun for fraud_pipeline_bronze_hourly to 2026-05-23 10:40:00+00:00, run_after=2026-05-23 10:45:00+00:00
[2026-05-23T10:43:45.557+0000] {processor.py:208} INFO - Processing /opt/airflow/dags/spark_interval_ingestion.py took 0.056 seconds
[2026-05-23T10:44:15.693+0000] {processor.py:186} INFO - Started process (PID=506) to work on /opt/airflow/dags/spark_interval_ingestion.py
[2026-05-23T10:44:15.694+0000] {processor.py:914} INFO - Processing file /opt/airflow/dags/spark_interval_ingestion.py for tasks to queue
[2026-05-23T10:44:15.694+0000] {logging_mixin.py:190} INFO - [2026-05-23T10:44:15.694+0000] {dagbag.py:588} INFO - Filling up the DagBag from /opt/airflow/dags/spark_interval_ingestion.py
[2026-05-23T10:44:15.703+0000] {processor.py:925} INFO - DAG(s) 'fraud_pipeline_bronze_hourly' retrieved from /opt/airflow/dags/spark_interval_ingestion.py
[2026-05-23T10:44:15.718+0000] {logging_mixin.py:190} INFO - [2026-05-23T10:44:15.718+0000] {dag.py:3239} INFO - Sync 1 DAGs
[2026-05-23T10:44:15.728+0000] {logging_mixin.py:190} INFO - [2026-05-23T10:44:15.728+0000] {dag.py:4180} INFO - Setting next_dagrun for fraud_pipeline_bronze_hourly to 2026-05-23 10:40:00+00:00, run_after=2026-05-23 10:45:00+00:00
[2026-05-23T10:44:15.737+0000] {processor.py:208} INFO - Processing /opt/airflow/dags/spark_interval_ingestion.py took 0.048 seconds
[2026-05-23T10:44:45.904+0000] {processor.py:186} INFO - Started process (PID=511) to work on /opt/airflow/dags/spark_interval_ingestion.py
[2026-05-23T10:44:45.905+0000] {processor.py:914} INFO - Processing file /opt/airflow/dags/spark_interval_ingestion.py for tasks to queue
[2026-05-23T10:44:45.906+0000] {logging_mixin.py:190} INFO - [2026-05-23T10:44:45.906+0000] {dagbag.py:588} INFO - Filling up the DagBag from /opt/airflow/dags/spark_interval_ingestion.py
[2026-05-23T10:44:45.919+0000] {processor.py:925} INFO - DAG(s) 'fraud_pipeline_bronze_hourly' retrieved from /opt/airflow/dags/spark_interval_ingestion.py
[2026-05-23T10:44:45.935+0000] {logging_mixin.py:190} INFO - [2026-05-23T10:44:45.935+0000] {dag.py:3239} INFO - Sync 1 DAGs
[2026-05-23T10:44:45.947+0000] {logging_mixin.py:190} INFO - [2026-05-23T10:44:45.947+0000] {dag.py:4180} INFO - Setting next_dagrun for fraud_pipeline_bronze_hourly to 2026-05-23 10:40:00+00:00, run_after=2026-05-23 10:45:00+00:00
[2026-05-23T10:44:45.954+0000] {processor.py:208} INFO - Processing /opt/airflow/dags/spark_interval_ingestion.py took 0.054 seconds
[2026-05-23T10:45:16.116+0000] {processor.py:186} INFO - Started process (PID=764) to work on /opt/airflow/dags/spark_interval_ingestion.py
[2026-05-23T10:45:16.117+0000] {processor.py:914} INFO - Processing file /opt/airflow/dags/spark_interval_ingestion.py for tasks to queue
[2026-05-23T10:45:16.118+0000] {logging_mixin.py:190} INFO - [2026-05-23T10:45:16.118+0000] {dagbag.py:588} INFO - Filling up the DagBag from /opt/airflow/dags/spark_interval_ingestion.py
[2026-05-23T10:45:16.125+0000] {processor.py:925} INFO - DAG(s) 'fraud_pipeline_bronze_hourly' retrieved from /opt/airflow/dags/spark_interval_ingestion.py
[2026-05-23T10:45:16.145+0000] {logging_mixin.py:190} INFO - [2026-05-23T10:45:16.145+0000] {dag.py:3239} INFO - Sync 1 DAGs
[2026-05-23T10:45:16.157+0000] {logging_mixin.py:190} INFO - [2026-05-23T10:45:16.157+0000] {dag.py:4180} INFO - Setting next_dagrun for fraud_pipeline_bronze_hourly to 2026-05-23 10:45:00+00:00, run_after=2026-05-23 10:50:00+00:00
[2026-05-23T10:45:16.163+0000] {processor.py:208} INFO - Processing /opt/airflow/dags/spark_interval_ingestion.py took 0.053 seconds
[2026-05-23T10:45:46.339+0000] {processor.py:186} INFO - Started process (PID=769) to work on /opt/airflow/dags/spark_interval_ingestion.py
[2026-05-23T10:45:46.339+0000] {processor.py:914} INFO - Processing file /opt/airflow/dags/spark_interval_ingestion.py for tasks to queue
[2026-05-23T10:45:46.340+0000] {logging_mixin.py:190} INFO - [2026-05-23T10:45:46.340+0000] {dagbag.py:588} INFO - Filling up the DagBag from /opt/airflow/dags/spark_interval_ingestion.py
[2026-05-23T10:45:46.349+0000] {processor.py:925} INFO - DAG(s) 'fraud_pipeline_bronze_hourly' retrieved from /opt/airflow/dags/spark_interval_ingestion.py
[2026-05-23T10:45:46.368+0000] {logging_mixin.py:190} INFO - [2026-05-23T10:45:46.367+0000] {dag.py:3239} INFO - Sync 1 DAGs
[2026-05-23T10:45:46.381+0000] {logging_mixin.py:190} INFO - [2026-05-23T10:45:46.381+0000] {dag.py:4180} INFO - Setting next_dagrun for fraud_pipeline_bronze_hourly to 2026-05-23 10:45:00+00:00, run_after=2026-05-23 10:50:00+00:00
[2026-05-23T10:45:46.389+0000] {processor.py:208} INFO - Processing /opt/airflow/dags/spark_interval_ingestion.py took 0.055 seconds
[2026-05-23T10:46:16.546+0000] {processor.py:186} INFO - Started process (PID=774) to work on /opt/airflow/dags/spark_interval_ingestion.py
[2026-05-23T10:46:16.547+0000] {processor.py:914} INFO - Processing file /opt/airflow/dags/spark_interval_ingestion.py for tasks to queue
[2026-05-23T10:46:16.548+0000] {logging_mixin.py:190} INFO - [2026-05-23T10:46:16.548+0000] {dagbag.py:588} INFO - Filling up the DagBag from /opt/airflow/dags/spark_interval_ingestion.py
[2026-05-23T10:46:16.559+0000] {processor.py:925} INFO - DAG(s) 'fraud_pipeline_bronze_hourly' retrieved from /opt/airflow/dags/spark_interval_ingestion.py
[2026-05-23T10:46:16.581+0000] {logging_mixin.py:190} INFO - [2026-05-23T10:46:16.581+0000] {dag.py:3239} INFO - Sync 1 DAGs
[2026-05-23T10:46:16.598+0000] {logging_mixin.py:190} INFO - [2026-05-23T10:46:16.598+0000] {dag.py:4180} INFO - Setting next_dagrun for fraud_pipeline_bronze_hourly to 2026-05-23 10:45:00+00:00, run_after=2026-05-23 10:50:00+00:00
[2026-05-23T10:46:16.606+0000] {processor.py:208} INFO - Processing /opt/airflow/dags/spark_interval_ingestion.py took 0.064 seconds
[2026-05-23T10:46:46.733+0000] {processor.py:186} INFO - Started process (PID=779) to work on /opt/airflow/dags/spark_interval_ingestion.py
[2026-05-23T10:46:46.734+0000] {processor.py:914} INFO - Processing file /opt/airflow/dags/spark_interval_ingestion.py for tasks to queue
[2026-05-23T10:46:46.735+0000] {logging_mixin.py:190} INFO - [2026-05-23T10:46:46.735+0000] {dagbag.py:588} INFO - Filling up the DagBag from /opt/airflow/dags/spark_interval_ingestion.py
[2026-05-23T10:46:46.751+0000] {processor.py:925} INFO - DAG(s) 'fraud_pipeline_bronze_hourly' retrieved from /opt/airflow/dags/spark_interval_ingestion.py
[2026-05-23T10:46:46.772+0000] {logging_mixin.py:190} INFO - [2026-05-23T10:46:46.772+0000] {dag.py:3239} INFO - Sync 1 DAGs
[2026-05-23T10:46:46.792+0000] {logging_mixin.py:190} INFO - [2026-05-23T10:46:46.792+0000] {dag.py:4180} INFO - Setting next_dagrun for fraud_pipeline_bronze_hourly to 2026-05-23 10:45:00+00:00, run_after=2026-05-23 10:50:00+00:00
[2026-05-23T10:46:46.800+0000] {processor.py:208} INFO - Processing /opt/airflow/dags/spark_interval_ingestion.py took 0.071 seconds
[2026-05-23T10:47:16.932+0000] {processor.py:186} INFO - Started process (PID=784) to work on /opt/airflow/dags/spark_interval_ingestion.py
[2026-05-23T10:47:16.933+0000] {processor.py:914} INFO - Processing file /opt/airflow/dags/spark_interval_ingestion.py for tasks to queue
[2026-05-23T10:47:16.933+0000] {logging_mixin.py:190} INFO - [2026-05-23T10:47:16.933+0000] {dagbag.py:588} INFO - Filling up the DagBag from /opt/airflow/dags/spark_interval_ingestion.py
[2026-05-23T10:47:16.940+0000] {processor.py:925} INFO - DAG(s) 'fraud_pipeline_bronze_hourly' retrieved from /opt/airflow/dags/spark_interval_ingestion.py
[2026-05-23T10:47:16.956+0000] {logging_mixin.py:190} INFO - [2026-05-23T10:47:16.956+0000] {dag.py:3239} INFO - Sync 1 DAGs
[2026-05-23T10:47:16.968+0000] {logging_mixin.py:190} INFO - [2026-05-23T10:47:16.968+0000] {dag.py:4180} INFO - Setting next_dagrun for fraud_pipeline_bronze_hourly to 2026-05-23 10:45:00+00:00, run_after=2026-05-23 10:50:00+00:00
[2026-05-23T10:47:16.973+0000] {processor.py:208} INFO - Processing /opt/airflow/dags/spark_interval_ingestion.py took 0.045 seconds
[2026-05-23T10:47:47.191+0000] {processor.py:186} INFO - Started process (PID=789) to work on /opt/airflow/dags/spark_interval_ingestion.py
[2026-05-23T10:47:47.191+0000] {processor.py:914} INFO - Processing file /opt/airflow/dags/spark_interval_ingestion.py for tasks to queue
[2026-05-23T10:47:47.192+0000] {logging_mixin.py:190} INFO - [2026-05-23T10:47:47.192+0000] {dagbag.py:588} INFO - Filling up the DagBag from /opt/airflow/dags/spark_interval_ingestion.py
[2026-05-23T10:47:47.199+0000] {processor.py:925} INFO - DAG(s) 'fraud_pipeline_bronze_hourly' retrieved from /opt/airflow/dags/spark_interval_ingestion.py
[2026-05-23T10:47:47.215+0000] {logging_mixin.py:190} INFO - [2026-05-23T10:47:47.215+0000] {dag.py:3239} INFO - Sync 1 DAGs
[2026-05-23T10:47:47.229+0000] {logging_mixin.py:190} INFO - [2026-05-23T10:47:47.229+0000] {dag.py:4180} INFO - Setting next_dagrun for fraud_pipeline_bronze_hourly to 2026-05-23 10:45:00+00:00, run_after=2026-05-23 10:50:00+00:00
[2026-05-23T10:47:47.236+0000] {processor.py:208} INFO - Processing /opt/airflow/dags/spark_interval_ingestion.py took 0.050 seconds
[2026-05-23T10:48:17.424+0000] {processor.py:186} INFO - Started process (PID=794) to work on /opt/airflow/dags/spark_interval_ingestion.py
[2026-05-23T10:48:17.425+0000] {processor.py:914} INFO - Processing file /opt/airflow/dags/spark_interval_ingestion.py for tasks to queue
[2026-05-23T10:48:17.426+0000] {logging_mixin.py:190} INFO - [2026-05-23T10:48:17.426+0000] {dagbag.py:588} INFO - Filling up the DagBag from /opt/airflow/dags/spark_interval_ingestion.py
[2026-05-23T10:48:17.441+0000] {processor.py:925} INFO - DAG(s) 'fraud_pipeline_bronze_hourly' retrieved from /opt/airflow/dags/spark_interval_ingestion.py
[2026-05-23T10:48:17.463+0000] {logging_mixin.py:190} INFO - [2026-05-23T10:48:17.463+0000] {dag.py:3239} INFO - Sync 1 DAGs
[2026-05-23T10:48:17.488+0000] {logging_mixin.py:190} INFO - [2026-05-23T10:48:17.488+0000] {dag.py:4180} INFO - Setting next_dagrun for fraud_pipeline_bronze_hourly to 2026-05-23 10:45:00+00:00, run_after=2026-05-23 10:50:00+00:00
[2026-05-23T10:48:17.498+0000] {processor.py:208} INFO - Processing /opt/airflow/dags/spark_interval_ingestion.py took 0.079 seconds
[2026-05-23T10:48:47.616+0000] {processor.py:186} INFO - Started process (PID=799) to work on /opt/airflow/dags/spark_interval_ingestion.py
[2026-05-23T10:48:47.616+0000] {processor.py:914} INFO - Processing file /opt/airflow/dags/spark_interval_ingestion.py for tasks to queue
[2026-05-23T10:48:47.618+0000] {logging_mixin.py:190} INFO - [2026-05-23T10:48:47.618+0000] {dagbag.py:588} INFO - Filling up the DagBag from /opt/airflow/dags/spark_interval_ingestion.py
[2026-05-23T10:48:47.624+0000] {processor.py:925} INFO - DAG(s) 'fraud_pipeline_bronze_hourly' retrieved from /opt/airflow/dags/spark_interval_ingestion.py
[2026-05-23T10:48:47.655+0000] {logging_mixin.py:190} INFO - [2026-05-23T10:48:47.653+0000] {dag.py:3239} INFO - Sync 1 DAGs
[2026-05-23T10:48:47.672+0000] {logging_mixin.py:190} INFO - [2026-05-23T10:48:47.672+0000] {dag.py:4180} INFO - Setting next_dagrun for fraud_pipeline_bronze_hourly to 2026-05-23 10:45:00+00:00, run_after=2026-05-23 10:50:00+00:00
[2026-05-23T10:48:47.678+0000] {processor.py:208} INFO - Processing /opt/airflow/dags/spark_interval_ingestion.py took 0.065 seconds
[2026-05-23T10:49:17.858+0000] {processor.py:186} INFO - Started process (PID=1047) to work on /opt/airflow/dags/spark_interval_ingestion.py
[2026-05-23T10:49:17.858+0000] {processor.py:914} INFO - Processing file /opt/airflow/dags/spark_interval_ingestion.py for tasks to queue
[2026-05-23T10:49:17.859+0000] {logging_mixin.py:190} INFO - [2026-05-23T10:49:17.859+0000] {dagbag.py:588} INFO - Filling up the DagBag from /opt/airflow/dags/spark_interval_ingestion.py
[2026-05-23T10:49:17.866+0000] {processor.py:925} INFO - DAG(s) 'fraud_pipeline_bronze_hourly' retrieved from /opt/airflow/dags/spark_interval_ingestion.py
[2026-05-23T10:49:17.882+0000] {logging_mixin.py:190} INFO - [2026-05-23T10:49:17.882+0000] {dag.py:3239} INFO - Sync 1 DAGs
[2026-05-23T10:49:17.892+0000] {logging_mixin.py:190} INFO - [2026-05-23T10:49:17.892+0000] {dag.py:4180} INFO - Setting next_dagrun for fraud_pipeline_bronze_hourly to 2026-05-23 10:45:00+00:00, run_after=2026-05-23 10:50:00+00:00
[2026-05-23T10:49:17.898+0000] {processor.py:208} INFO - Processing /opt/airflow/dags/spark_interval_ingestion.py took 0.044 seconds
[2026-05-23T10:49:48.095+0000] {processor.py:186} INFO - Started process (PID=1052) to work on /opt/airflow/dags/spark_interval_ingestion.py
[2026-05-23T10:49:48.096+0000] {processor.py:914} INFO - Processing file /opt/airflow/dags/spark_interval_ingestion.py for tasks to queue
[2026-05-23T10:49:48.098+0000] {logging_mixin.py:190} INFO - [2026-05-23T10:49:48.097+0000] {dagbag.py:588} INFO - Filling up the DagBag from /opt/airflow/dags/spark_interval_ingestion.py
[2026-05-23T10:49:48.109+0000] {processor.py:925} INFO - DAG(s) 'fraud_pipeline_bronze_hourly' retrieved from /opt/airflow/dags/spark_interval_ingestion.py
[2026-05-23T10:49:48.128+0000] {logging_mixin.py:190} INFO - [2026-05-23T10:49:48.128+0000] {dag.py:3239} INFO - Sync 1 DAGs
[2026-05-23T10:49:48.140+0000] {logging_mixin.py:190} INFO - [2026-05-23T10:49:48.140+0000] {dag.py:4180} INFO - Setting next_dagrun for fraud_pipeline_bronze_hourly to 2026-05-23 10:45:00+00:00, run_after=2026-05-23 10:50:00+00:00
[2026-05-23T10:49:48.148+0000] {processor.py:208} INFO - Processing /opt/airflow/dags/spark_interval_ingestion.py took 0.059 seconds
[2026-05-23T10:50:18.291+0000] {processor.py:186} INFO - Started process (PID=1673) to work on /opt/airflow/dags/spark_interval_ingestion.py
[2026-05-23T10:50:18.292+0000] {processor.py:914} INFO - Processing file /opt/airflow/dags/spark_interval_ingestion.py for tasks to queue
[2026-05-23T10:50:18.293+0000] {logging_mixin.py:190} INFO - [2026-05-23T10:50:18.292+0000] {dagbag.py:588} INFO - Filling up the DagBag from /opt/airflow/dags/spark_interval_ingestion.py
[2026-05-23T10:50:18.299+0000] {processor.py:925} INFO - DAG(s) 'fraud_pipeline_bronze_hourly' retrieved from /opt/airflow/dags/spark_interval_ingestion.py
[2026-05-23T10:50:18.316+0000] {logging_mixin.py:190} INFO - [2026-05-23T10:50:18.316+0000] {dag.py:3239} INFO - Sync 1 DAGs
[2026-05-23T10:50:18.327+0000] {logging_mixin.py:190} INFO - [2026-05-23T10:50:18.326+0000] {dag.py:4180} INFO - Setting next_dagrun for fraud_pipeline_bronze_hourly to 2026-05-23 10:50:00+00:00, run_after=2026-05-23 10:55:00+00:00
[2026-05-23T10:50:18.333+0000] {processor.py:208} INFO - Processing /opt/airflow/dags/spark_interval_ingestion.py took 0.046 seconds
[2026-05-23T10:50:48.534+0000] {processor.py:186} INFO - Started process (PID=1678) to work on /opt/airflow/dags/spark_interval_ingestion.py
[2026-05-23T10:50:48.534+0000] {processor.py:914} INFO - Processing file /opt/airflow/dags/spark_interval_ingestion.py for tasks to queue
[2026-05-23T10:50:48.535+0000] {logging_mixin.py:190} INFO - [2026-05-23T10:50:48.535+0000] {dagbag.py:588} INFO - Filling up the DagBag from /opt/airflow/dags/spark_interval_ingestion.py
[2026-05-23T10:50:48.550+0000] {processor.py:925} INFO - DAG(s) 'fraud_pipeline_bronze_hourly' retrieved from /opt/airflow/dags/spark_interval_ingestion.py
[2026-05-23T10:50:48.568+0000] {logging_mixin.py:190} INFO - [2026-05-23T10:50:48.568+0000] {dag.py:3239} INFO - Sync 1 DAGs
[2026-05-23T10:50:48.578+0000] {logging_mixin.py:190} INFO - [2026-05-23T10:50:48.578+0000] {dag.py:4180} INFO - Setting next_dagrun for fraud_pipeline_bronze_hourly to 2026-05-23 10:50:00+00:00, run_after=2026-05-23 10:55:00+00:00
[2026-05-23T10:50:48.584+0000] {processor.py:208} INFO - Processing /opt/airflow/dags/spark_interval_ingestion.py took 0.056 seconds
[2026-05-23T10:51:18.743+0000] {processor.py:186} INFO - Started process (PID=1683) to work on /opt/airflow/dags/spark_interval_ingestion.py
[2026-05-23T10:51:18.744+0000] {processor.py:914} INFO - Processing file /opt/airflow/dags/spark_interval_ingestion.py for tasks to queue
[2026-05-23T10:51:18.745+0000] {logging_mixin.py:190} INFO - [2026-05-23T10:51:18.744+0000] {dagbag.py:588} INFO - Filling up the DagBag from /opt/airflow/dags/spark_interval_ingestion.py
[2026-05-23T10:51:18.757+0000] {processor.py:925} INFO - DAG(s) 'fraud_pipeline_bronze_hourly' retrieved from /opt/airflow/dags/spark_interval_ingestion.py
[2026-05-23T10:51:18.780+0000] {logging_mixin.py:190} INFO - [2026-05-23T10:51:18.780+0000] {dag.py:3239} INFO - Sync 1 DAGs
[2026-05-23T10:51:18.796+0000] {logging_mixin.py:190} INFO - [2026-05-23T10:51:18.796+0000] {dag.py:4180} INFO - Setting next_dagrun for fraud_pipeline_bronze_hourly to 2026-05-23 10:50:00+00:00, run_after=2026-05-23 10:55:00+00:00
[2026-05-23T10:51:18.804+0000] {processor.py:208} INFO - Processing /opt/airflow/dags/spark_interval_ingestion.py took 0.066 seconds
[2026-05-23T10:51:48.958+0000] {processor.py:186} INFO - Started process (PID=1688) to work on /opt/airflow/dags/spark_interval_ingestion.py
[2026-05-23T10:51:48.959+0000] {processor.py:914} INFO - Processing file /opt/airflow/dags/spark_interval_ingestion.py for tasks to queue
[2026-05-23T10:51:48.959+0000] {logging_mixin.py:190} INFO - [2026-05-23T10:51:48.959+0000] {dagbag.py:588} INFO - Filling up the DagBag from /opt/airflow/dags/spark_interval_ingestion.py
[2026-05-23T10:51:48.968+0000] {processor.py:925} INFO - DAG(s) 'fraud_pipeline_bronze_hourly' retrieved from /opt/airflow/dags/spark_interval_ingestion.py
[2026-05-23T10:51:48.986+0000] {logging_mixin.py:190} INFO - [2026-05-23T10:51:48.986+0000] {dag.py:3239} INFO - Sync 1 DAGs
[2026-05-23T10:51:48.997+0000] {logging_mixin.py:190} INFO - [2026-05-23T10:51:48.997+0000] {dag.py:4180} INFO - Setting next_dagrun for fraud_pipeline_bronze_hourly to 2026-05-23 10:50:00+00:00, run_after=2026-05-23 10:55:00+00:00
[2026-05-23T10:51:49.002+0000] {processor.py:208} INFO - Processing /opt/airflow/dags/spark_interval_ingestion.py took 0.050 seconds
[2026-05-23T10:52:19.186+0000] {processor.py:186} INFO - Started process (PID=1693) to work on /opt/airflow/dags/spark_interval_ingestion.py
[2026-05-23T10:52:19.187+0000] {processor.py:914} INFO - Processing file /opt/airflow/dags/spark_interval_ingestion.py for tasks to queue
[2026-05-23T10:52:19.188+0000] {logging_mixin.py:190} INFO - [2026-05-23T10:52:19.188+0000] {dagbag.py:588} INFO - Filling up the DagBag from /opt/airflow/dags/spark_interval_ingestion.py
[2026-05-23T10:52:19.202+0000] {processor.py:925} INFO - DAG(s) 'fraud_pipeline_bronze_hourly' retrieved from /opt/airflow/dags/spark_interval_ingestion.py
[2026-05-23T10:52:19.220+0000] {logging_mixin.py:190} INFO - [2026-05-23T10:52:19.220+0000] {dag.py:3239} INFO - Sync 1 DAGs
[2026-05-23T10:52:19.231+0000] {logging_mixin.py:190} INFO - [2026-05-23T10:52:19.231+0000] {dag.py:4180} INFO - Setting next_dagrun for fraud_pipeline_bronze_hourly to 2026-05-23 10:50:00+00:00, run_after=2026-05-23 10:55:00+00:00
[2026-05-23T10:52:19.237+0000] {processor.py:208} INFO - Processing /opt/airflow/dags/spark_interval_ingestion.py took 0.057 seconds
[2026-05-23T10:52:49.410+0000] {processor.py:186} INFO - Started process (PID=1698) to work on /opt/airflow/dags/spark_interval_ingestion.py
[2026-05-23T10:52:49.411+0000] {processor.py:914} INFO - Processing file /opt/airflow/dags/spark_interval_ingestion.py for tasks to queue
[2026-05-23T10:52:49.412+0000] {logging_mixin.py:190} INFO - [2026-05-23T10:52:49.412+0000] {dagbag.py:588} INFO - Filling up the DagBag from /opt/airflow/dags/spark_interval_ingestion.py
[2026-05-23T10:52:49.423+0000] {processor.py:925} INFO - DAG(s) 'fraud_pipeline_bronze_hourly' retrieved from /opt/airflow/dags/spark_interval_ingestion.py
[2026-05-23T10:52:49.440+0000] {logging_mixin.py:190} INFO - [2026-05-23T10:52:49.440+0000] {dag.py:3239} INFO - Sync 1 DAGs
[2026-05-23T10:52:49.449+0000] {logging_mixin.py:190} INFO - [2026-05-23T10:52:49.449+0000] {dag.py:4180} INFO - Setting next_dagrun for fraud_pipeline_bronze_hourly to 2026-05-23 10:50:00+00:00, run_after=2026-05-23 10:55:00+00:00
[2026-05-23T10:52:49.456+0000] {processor.py:208} INFO - Processing /opt/airflow/dags/spark_interval_ingestion.py took 0.050 seconds
[2026-05-23T10:53:19.605+0000] {processor.py:186} INFO - Started process (PID=1703) to work on /opt/airflow/dags/spark_interval_ingestion.py
[2026-05-23T10:53:19.606+0000] {processor.py:914} INFO - Processing file /opt/airflow/dags/spark_interval_ingestion.py for tasks to queue
[2026-05-23T10:53:19.607+0000] {logging_mixin.py:190} INFO - [2026-05-23T10:53:19.607+0000] {dagbag.py:588} INFO - Filling up the DagBag from /opt/airflow/dags/spark_interval_ingestion.py
[2026-05-23T10:53:19.615+0000] {processor.py:925} INFO - DAG(s) 'fraud_pipeline_bronze_hourly' retrieved from /opt/airflow/dags/spark_interval_ingestion.py
[2026-05-23T10:53:19.631+0000] {logging_mixin.py:190} INFO - [2026-05-23T10:53:19.631+0000] {dag.py:3239} INFO - Sync 1 DAGs
[2026-05-23T10:53:19.642+0000] {logging_mixin.py:190} INFO - [2026-05-23T10:53:19.642+0000] {dag.py:4180} INFO - Setting next_dagrun for fraud_pipeline_bronze_hourly to 2026-05-23 10:50:00+00:00, run_after=2026-05-23 10:55:00+00:00
[2026-05-23T10:53:19.649+0000] {processor.py:208} INFO - Processing /opt/airflow/dags/spark_interval_ingestion.py took 0.049 seconds
[2026-05-23T10:53:49.821+0000] {processor.py:186} INFO - Started process (PID=1708) to work on /opt/airflow/dags/spark_interval_ingestion.py
[2026-05-23T10:53:49.822+0000] {processor.py:914} INFO - Processing file /opt/airflow/dags/spark_interval_ingestion.py for tasks to queue
[2026-05-23T10:53:49.822+0000] {logging_mixin.py:190} INFO - [2026-05-23T10:53:49.822+0000] {dagbag.py:588} INFO - Filling up the DagBag from /opt/airflow/dags/spark_interval_ingestion.py
[2026-05-23T10:53:49.831+0000] {processor.py:925} INFO - DAG(s) 'fraud_pipeline_bronze_hourly' retrieved from /opt/airflow/dags/spark_interval_ingestion.py
[2026-05-23T10:53:49.848+0000] {logging_mixin.py:190} INFO - [2026-05-23T10:53:49.847+0000] {dag.py:3239} INFO - Sync 1 DAGs
[2026-05-23T10:53:49.858+0000] {logging_mixin.py:190} INFO - [2026-05-23T10:53:49.858+0000] {dag.py:4180} INFO - Setting next_dagrun for fraud_pipeline_bronze_hourly to 2026-05-23 10:50:00+00:00, run_after=2026-05-23 10:55:00+00:00
[2026-05-23T10:53:49.863+0000] {processor.py:208} INFO - Processing /opt/airflow/dags/spark_interval_ingestion.py took 0.046 seconds
[2026-05-23T10:54:20.040+0000] {processor.py:186} INFO - Started process (PID=1713) to work on /opt/airflow/dags/spark_interval_ingestion.py
[2026-05-23T10:54:20.041+0000] {processor.py:914} INFO - Processing file /opt/airflow/dags/spark_interval_ingestion.py for tasks to queue
[2026-05-23T10:54:20.041+0000] {logging_mixin.py:190} INFO - [2026-05-23T10:54:20.041+0000] {dagbag.py:588} INFO - Filling up the DagBag from /opt/airflow/dags/spark_interval_ingestion.py
[2026-05-23T10:54:20.053+0000] {processor.py:925} INFO - DAG(s) 'fraud_pipeline_bronze_hourly' retrieved from /opt/airflow/dags/spark_interval_ingestion.py
[2026-05-23T10:54:20.070+0000] {logging_mixin.py:190} INFO - [2026-05-23T10:54:20.070+0000] {dag.py:3239} INFO - Sync 1 DAGs
[2026-05-23T10:54:20.079+0000] {logging_mixin.py:190} INFO - [2026-05-23T10:54:20.079+0000] {dag.py:4180} INFO - Setting next_dagrun for fraud_pipeline_bronze_hourly to 2026-05-23 10:50:00+00:00, run_after=2026-05-23 10:55:00+00:00
[2026-05-23T10:54:20.085+0000] {processor.py:208} INFO - Processing /opt/airflow/dags/spark_interval_ingestion.py took 0.050 seconds
[2026-05-23T10:54:50.233+0000] {processor.py:186} INFO - Started process (PID=1718) to work on /opt/airflow/dags/spark_interval_ingestion.py
[2026-05-23T10:54:50.233+0000] {processor.py:914} INFO - Processing file /opt/airflow/dags/spark_interval_ingestion.py for tasks to queue
[2026-05-23T10:54:50.234+0000] {logging_mixin.py:190} INFO - [2026-05-23T10:54:50.234+0000] {dagbag.py:588} INFO - Filling up the DagBag from /opt/airflow/dags/spark_interval_ingestion.py
[2026-05-23T10:54:50.242+0000] {processor.py:925} INFO - DAG(s) 'fraud_pipeline_bronze_hourly' retrieved from /opt/airflow/dags/spark_interval_ingestion.py
[2026-05-23T10:54:50.257+0000] {logging_mixin.py:190} INFO - [2026-05-23T10:54:50.257+0000] {dag.py:3239} INFO - Sync 1 DAGs
[2026-05-23T10:54:50.270+0000] {logging_mixin.py:190} INFO - [2026-05-23T10:54:50.270+0000] {dag.py:4180} INFO - Setting next_dagrun for fraud_pipeline_bronze_hourly to 2026-05-23 10:50:00+00:00, run_after=2026-05-23 10:55:00+00:00
[2026-05-23T10:54:50.279+0000] {processor.py:208} INFO - Processing /opt/airflow/dags/spark_interval_ingestion.py took 0.050 seconds
[2026-05-23T10:55:20.437+0000] {processor.py:186} INFO - Started process (PID=2008) to work on /opt/airflow/dags/spark_interval_ingestion.py
[2026-05-23T10:55:20.437+0000] {processor.py:914} INFO - Processing file /opt/airflow/dags/spark_interval_ingestion.py for tasks to queue
[2026-05-23T10:55:20.438+0000] {logging_mixin.py:190} INFO - [2026-05-23T10:55:20.438+0000] {dagbag.py:588} INFO - Filling up the DagBag from /opt/airflow/dags/spark_interval_ingestion.py
[2026-05-23T10:55:20.449+0000] {processor.py:925} INFO - DAG(s) 'fraud_pipeline_bronze_hourly' retrieved from /opt/airflow/dags/spark_interval_ingestion.py
[2026-05-23T10:55:20.468+0000] {logging_mixin.py:190} INFO - [2026-05-23T10:55:20.468+0000] {dag.py:3239} INFO - Sync 1 DAGs
[2026-05-23T10:55:20.483+0000] {logging_mixin.py:190} INFO - [2026-05-23T10:55:20.483+0000] {dag.py:4180} INFO - Setting next_dagrun for fraud_pipeline_bronze_hourly to 2026-05-23 10:55:00+00:00, run_after=2026-05-23 11:00:00+00:00
[2026-05-23T10:55:20.491+0000] {processor.py:208} INFO - Processing /opt/airflow/dags/spark_interval_ingestion.py took 0.063 seconds
[2026-05-23T10:55:50.629+0000] {processor.py:186} INFO - Started process (PID=2013) to work on /opt/airflow/dags/spark_interval_ingestion.py
[2026-05-23T10:55:50.629+0000] {processor.py:914} INFO - Processing file /opt/airflow/dags/spark_interval_ingestion.py for tasks to queue
[2026-05-23T10:55:50.630+0000] {logging_mixin.py:190} INFO - [2026-05-23T10:55:50.630+0000] {dagbag.py:588} INFO - Filling up the DagBag from /opt/airflow/dags/spark_interval_ingestion.py
[2026-05-23T10:55:50.639+0000] {processor.py:925} INFO - DAG(s) 'fraud_pipeline_bronze_hourly' retrieved from /opt/airflow/dags/spark_interval_ingestion.py
[2026-05-23T10:55:50.655+0000] {logging_mixin.py:190} INFO - [2026-05-23T10:55:50.655+0000] {dag.py:3239} INFO - Sync 1 DAGs
[2026-05-23T10:55:50.667+0000] {logging_mixin.py:190} INFO - [2026-05-23T10:55:50.666+0000] {dag.py:4180} INFO - Setting next_dagrun for fraud_pipeline_bronze_hourly to 2026-05-23 10:55:00+00:00, run_after=2026-05-23 11:00:00+00:00
[2026-05-23T10:55:50.674+0000] {processor.py:208} INFO - Processing /opt/airflow/dags/spark_interval_ingestion.py took 0.049 seconds
[2026-05-23T10:56:20.831+0000] {processor.py:186} INFO - Started process (PID=2018) to work on /opt/airflow/dags/spark_interval_ingestion.py
[2026-05-23T10:56:20.831+0000] {processor.py:914} INFO - Processing file /opt/airflow/dags/spark_interval_ingestion.py for tasks to queue
[2026-05-23T10:56:20.832+0000] {logging_mixin.py:190} INFO - [2026-05-23T10:56:20.832+0000] {dagbag.py:588} INFO - Filling up the DagBag from /opt/airflow/dags/spark_interval_ingestion.py
[2026-05-23T10:56:20.839+0000] {processor.py:925} INFO - DAG(s) 'fraud_pipeline_bronze_hourly' retrieved from /opt/airflow/dags/spark_interval_ingestion.py
[2026-05-23T10:56:20.855+0000] {logging_mixin.py:190} INFO - [2026-05-23T10:56:20.855+0000] {dag.py:3239} INFO - Sync 1 DAGs
[2026-05-23T10:56:20.868+0000] {logging_mixin.py:190} INFO - [2026-05-23T10:56:20.868+0000] {dag.py:4180} INFO - Setting next_dagrun for fraud_pipeline_bronze_hourly to 2026-05-23 10:55:00+00:00, run_after=2026-05-23 11:00:00+00:00
[2026-05-23T10:56:20.876+0000] {processor.py:208} INFO - Processing /opt/airflow/dags/spark_interval_ingestion.py took 0.049 seconds
[2026-05-23T10:56:51.052+0000] {processor.py:186} INFO - Started process (PID=2023) to work on /opt/airflow/dags/spark_interval_ingestion.py
[2026-05-23T10:56:51.053+0000] {processor.py:914} INFO - Processing file /opt/airflow/dags/spark_interval_ingestion.py for tasks to queue
[2026-05-23T10:56:51.055+0000] {logging_mixin.py:190} INFO - [2026-05-23T10:56:51.054+0000] {dagbag.py:588} INFO - Filling up the DagBag from /opt/airflow/dags/spark_interval_ingestion.py
[2026-05-23T10:56:51.070+0000] {processor.py:925} INFO - DAG(s) 'fraud_pipeline_bronze_hourly' retrieved from /opt/airflow/dags/spark_interval_ingestion.py
[2026-05-23T10:56:51.090+0000] {logging_mixin.py:190} INFO - [2026-05-23T10:56:51.089+0000] {dag.py:3239} INFO - Sync 1 DAGs
[2026-05-23T10:56:51.101+0000] {logging_mixin.py:190} INFO - [2026-05-23T10:56:51.101+0000] {dag.py:4180} INFO - Setting next_dagrun for fraud_pipeline_bronze_hourly to 2026-05-23 10:55:00+00:00, run_after=2026-05-23 11:00:00+00:00
[2026-05-23T10:56:51.107+0000] {processor.py:208} INFO - Processing /opt/airflow/dags/spark_interval_ingestion.py took 0.063 seconds
[2026-05-23T10:57:21.286+0000] {processor.py:186} INFO - Started process (PID=2028) to work on /opt/airflow/dags/spark_interval_ingestion.py
[2026-05-23T10:57:21.287+0000] {processor.py:914} INFO - Processing file /opt/airflow/dags/spark_interval_ingestion.py for tasks to queue
[2026-05-23T10:57:21.288+0000] {logging_mixin.py:190} INFO - [2026-05-23T10:57:21.288+0000] {dagbag.py:588} INFO - Filling up the DagBag from /opt/airflow/dags/spark_interval_ingestion.py
[2026-05-23T10:57:21.297+0000] {processor.py:925} INFO - DAG(s) 'fraud_pipeline_bronze_hourly' retrieved from /opt/airflow/dags/spark_interval_ingestion.py
[2026-05-23T10:57:21.315+0000] {logging_mixin.py:190} INFO - [2026-05-23T10:57:21.315+0000] {dag.py:3239} INFO - Sync 1 DAGs
[2026-05-23T10:57:21.325+0000] {logging_mixin.py:190} INFO - [2026-05-23T10:57:21.325+0000] {dag.py:4180} INFO - Setting next_dagrun for fraud_pipeline_bronze_hourly to 2026-05-23 10:55:00+00:00, run_after=2026-05-23 11:00:00+00:00
[2026-05-23T10:57:21.331+0000] {processor.py:208} INFO - Processing /opt/airflow/dags/spark_interval_ingestion.py took 0.049 seconds
[2026-05-23T10:57:51.507+0000] {processor.py:186} INFO - Started process (PID=2033) to work on /opt/airflow/dags/spark_interval_ingestion.py
[2026-05-23T10:57:51.508+0000] {processor.py:914} INFO - Processing file /opt/airflow/dags/spark_interval_ingestion.py for tasks to queue
[2026-05-23T10:57:51.509+0000] {logging_mixin.py:190} INFO - [2026-05-23T10:57:51.509+0000] {dagbag.py:588} INFO - Filling up the DagBag from /opt/airflow/dags/spark_interval_ingestion.py
[2026-05-23T10:57:51.521+0000] {processor.py:925} INFO - DAG(s) 'fraud_pipeline_bronze_hourly' retrieved from /opt/airflow/dags/spark_interval_ingestion.py
[2026-05-23T10:57:51.540+0000] {logging_mixin.py:190} INFO - [2026-05-23T10:57:51.540+0000] {dag.py:3239} INFO - Sync 1 DAGs
[2026-05-23T10:57:51.551+0000] {logging_mixin.py:190} INFO - [2026-05-23T10:57:51.551+0000] {dag.py:4180} INFO - Setting next_dagrun for fraud_pipeline_bronze_hourly to 2026-05-23 10:55:00+00:00, run_after=2026-05-23 11:00:00+00:00
[2026-05-23T10:57:51.557+0000] {processor.py:208} INFO - Processing /opt/airflow/dags/spark_interval_ingestion.py took 0.058 seconds
[2026-05-23T10:58:21.728+0000] {processor.py:186} INFO - Started process (PID=2038) to work on /opt/airflow/dags/spark_interval_ingestion.py
[2026-05-23T10:58:21.728+0000] {processor.py:914} INFO - Processing file /opt/airflow/dags/spark_interval_ingestion.py for tasks to queue
[2026-05-23T10:58:21.729+0000] {logging_mixin.py:190} INFO - [2026-05-23T10:58:21.729+0000] {dagbag.py:588} INFO - Filling up the DagBag from /opt/airflow/dags/spark_interval_ingestion.py
[2026-05-23T10:58:21.744+0000] {processor.py:925} INFO - DAG(s) 'fraud_pipeline_bronze_hourly' retrieved from /opt/airflow/dags/spark_interval_ingestion.py
[2026-05-23T10:58:21.768+0000] {logging_mixin.py:190} INFO - [2026-05-23T10:58:21.768+0000] {dag.py:3239} INFO - Sync 1 DAGs
[2026-05-23T10:58:21.785+0000] {logging_mixin.py:190} INFO - [2026-05-23T10:58:21.785+0000] {dag.py:4180} INFO - Setting next_dagrun for fraud_pipeline_bronze_hourly to 2026-05-23 10:55:00+00:00, run_after=2026-05-23 11:00:00+00:00
[2026-05-23T10:58:21.798+0000] {processor.py:208} INFO - Processing /opt/airflow/dags/spark_interval_ingestion.py took 0.076 seconds
[2026-05-23T10:58:51.931+0000] {processor.py:186} INFO - Started process (PID=2043) to work on /opt/airflow/dags/spark_interval_ingestion.py
[2026-05-23T10:58:51.931+0000] {processor.py:914} INFO - Processing file /opt/airflow/dags/spark_interval_ingestion.py for tasks to queue
[2026-05-23T10:58:51.932+0000] {logging_mixin.py:190} INFO - [2026-05-23T10:58:51.932+0000] {dagbag.py:588} INFO - Filling up the DagBag from /opt/airflow/dags/spark_interval_ingestion.py
[2026-05-23T10:58:51.956+0000] {processor.py:925} INFO - DAG(s) 'fraud_pipeline_bronze_hourly' retrieved from /opt/airflow/dags/spark_interval_ingestion.py
[2026-05-23T10:58:51.978+0000] {logging_mixin.py:190} INFO - [2026-05-23T10:58:51.978+0000] {dag.py:3239} INFO - Sync 1 DAGs
[2026-05-23T10:58:51.995+0000] {logging_mixin.py:190} INFO - [2026-05-23T10:58:51.995+0000] {dag.py:4180} INFO - Setting next_dagrun for fraud_pipeline_bronze_hourly to 2026-05-23 10:55:00+00:00, run_after=2026-05-23 11:00:00+00:00
[2026-05-23T10:58:52.003+0000] {processor.py:208} INFO - Processing /opt/airflow/dags/spark_interval_ingestion.py took 0.078 seconds
[2026-05-23T10:59:22.149+0000] {processor.py:186} INFO - Started process (PID=2048) to work on /opt/airflow/dags/spark_interval_ingestion.py
[2026-05-23T10:59:22.150+0000] {processor.py:914} INFO - Processing file /opt/airflow/dags/spark_interval_ingestion.py for tasks to queue
[2026-05-23T10:59:22.151+0000] {logging_mixin.py:190} INFO - [2026-05-23T10:59:22.151+0000] {dagbag.py:588} INFO - Filling up the DagBag from /opt/airflow/dags/spark_interval_ingestion.py
[2026-05-23T10:59:22.168+0000] {processor.py:925} INFO - DAG(s) 'fraud_pipeline_bronze_hourly' retrieved from /opt/airflow/dags/spark_interval_ingestion.py
[2026-05-23T10:59:22.192+0000] {logging_mixin.py:190} INFO - [2026-05-23T10:59:22.192+0000] {dag.py:3239} INFO - Sync 1 DAGs
[2026-05-23T10:59:22.206+0000] {logging_mixin.py:190} INFO - [2026-05-23T10:59:22.206+0000] {dag.py:4180} INFO - Setting next_dagrun for fraud_pipeline_bronze_hourly to 2026-05-23 10:55:00+00:00, run_after=2026-05-23 11:00:00+00:00
[2026-05-23T10:59:22.214+0000] {processor.py:208} INFO - Processing /opt/airflow/dags/spark_interval_ingestion.py took 0.070 seconds
[2026-05-23T10:59:52.389+0000] {processor.py:186} INFO - Started process (PID=2053) to work on /opt/airflow/dags/spark_interval_ingestion.py
[2026-05-23T10:59:52.390+0000] {processor.py:914} INFO - Processing file /opt/airflow/dags/spark_interval_ingestion.py for tasks to queue
[2026-05-23T10:59:52.391+0000] {logging_mixin.py:190} INFO - [2026-05-23T10:59:52.391+0000] {dagbag.py:588} INFO - Filling up the DagBag from /opt/airflow/dags/spark_interval_ingestion.py
[2026-05-23T10:59:52.406+0000] {processor.py:925} INFO - DAG(s) 'fraud_pipeline_bronze_hourly' retrieved from /opt/airflow/dags/spark_interval_ingestion.py
[2026-05-23T10:59:52.437+0000] {logging_mixin.py:190} INFO - [2026-05-23T10:59:52.437+0000] {dag.py:3239} INFO - Sync 1 DAGs
[2026-05-23T10:59:52.458+0000] {logging_mixin.py:190} INFO - [2026-05-23T10:59:52.458+0000] {dag.py:4180} INFO - Setting next_dagrun for fraud_pipeline_bronze_hourly to 2026-05-23 10:55:00+00:00, run_after=2026-05-23 11:00:00+00:00
[2026-05-23T10:59:52.474+0000] {processor.py:208} INFO - Processing /opt/airflow/dags/spark_interval_ingestion.py took 0.091 seconds
[2026-05-23T11:00:22.603+0000] {processor.py:186} INFO - Started process (PID=2339) to work on /opt/airflow/dags/spark_interval_ingestion.py
[2026-05-23T11:00:22.604+0000] {processor.py:914} INFO - Processing file /opt/airflow/dags/spark_interval_ingestion.py for tasks to queue
[2026-05-23T11:00:22.605+0000] {logging_mixin.py:190} INFO - [2026-05-23T11:00:22.605+0000] {dagbag.py:588} INFO - Filling up the DagBag from /opt/airflow/dags/spark_interval_ingestion.py
[2026-05-23T11:00:22.614+0000] {processor.py:925} INFO - DAG(s) 'fraud_pipeline_bronze_hourly' retrieved from /opt/airflow/dags/spark_interval_ingestion.py
[2026-05-23T11:00:22.632+0000] {logging_mixin.py:190} INFO - [2026-05-23T11:00:22.631+0000] {dag.py:3239} INFO - Sync 1 DAGs
[2026-05-23T11:00:22.644+0000] {logging_mixin.py:190} INFO - [2026-05-23T11:00:22.643+0000] {dag.py:4180} INFO - Setting next_dagrun for fraud_pipeline_bronze_hourly to 2026-05-23 11:00:00+00:00, run_after=2026-05-23 11:05:00+00:00
[2026-05-23T11:00:22.651+0000] {processor.py:208} INFO - Processing /opt/airflow/dags/spark_interval_ingestion.py took 0.054 seconds
[2026-05-23T11:00:52.866+0000] {processor.py:186} INFO - Started process (PID=2344) to work on /opt/airflow/dags/spark_interval_ingestion.py
[2026-05-23T11:00:52.867+0000] {processor.py:914} INFO - Processing file /opt/airflow/dags/spark_interval_ingestion.py for tasks to queue
[2026-05-23T11:00:52.868+0000] {logging_mixin.py:190} INFO - [2026-05-23T11:00:52.868+0000] {dagbag.py:588} INFO - Filling up the DagBag from /opt/airflow/dags/spark_interval_ingestion.py
[2026-05-23T11:00:52.885+0000] {processor.py:925} INFO - DAG(s) 'fraud_pipeline_bronze_hourly' retrieved from /opt/airflow/dags/spark_interval_ingestion.py
[2026-05-23T11:00:52.907+0000] {logging_mixin.py:190} INFO - [2026-05-23T11:00:52.907+0000] {dag.py:3239} INFO - Sync 1 DAGs
[2026-05-23T11:00:52.932+0000] {logging_mixin.py:190} INFO - [2026-05-23T11:00:52.932+0000] {dag.py:4180} INFO - Setting next_dagrun for fraud_pipeline_bronze_hourly to 2026-05-23 11:00:00+00:00, run_after=2026-05-23 11:05:00+00:00
[2026-05-23T11:00:52.942+0000] {processor.py:208} INFO - Processing /opt/airflow/dags/spark_interval_ingestion.py took 0.081 seconds
[2026-05-23T11:01:23.077+0000] {processor.py:186} INFO - Started process (PID=2349) to work on /opt/airflow/dags/spark_interval_ingestion.py
[2026-05-23T11:01:23.078+0000] {processor.py:914} INFO - Processing file /opt/airflow/dags/spark_interval_ingestion.py for tasks to queue
[2026-05-23T11:01:23.079+0000] {logging_mixin.py:190} INFO - [2026-05-23T11:01:23.079+0000] {dagbag.py:588} INFO - Filling up the DagBag from /opt/airflow/dags/spark_interval_ingestion.py
[2026-05-23T11:01:23.093+0000] {processor.py:925} INFO - DAG(s) 'fraud_pipeline_bronze_hourly' retrieved from /opt/airflow/dags/spark_interval_ingestion.py
[2026-05-23T11:01:23.116+0000] {logging_mixin.py:190} INFO - [2026-05-23T11:01:23.116+0000] {dag.py:3239} INFO - Sync 1 DAGs
[2026-05-23T11:01:23.130+0000] {logging_mixin.py:190} INFO - [2026-05-23T11:01:23.130+0000] {dag.py:4180} INFO - Setting next_dagrun for fraud_pipeline_bronze_hourly to 2026-05-23 11:00:00+00:00, run_after=2026-05-23 11:05:00+00:00
[2026-05-23T11:01:23.138+0000] {processor.py:208} INFO - Processing /opt/airflow/dags/spark_interval_ingestion.py took 0.069 seconds
[2026-05-23T11:01:53.334+0000] {processor.py:186} INFO - Started process (PID=2354) to work on /opt/airflow/dags/spark_interval_ingestion.py
[2026-05-23T11:01:53.335+0000] {processor.py:914} INFO - Processing file /opt/airflow/dags/spark_interval_ingestion.py for tasks to queue
[2026-05-23T11:01:53.336+0000] {logging_mixin.py:190} INFO - [2026-05-23T11:01:53.335+0000] {dagbag.py:588} INFO - Filling up the DagBag from /opt/airflow/dags/spark_interval_ingestion.py
[2026-05-23T11:01:53.345+0000] {processor.py:925} INFO - DAG(s) 'fraud_pipeline_bronze_hourly' retrieved from /opt/airflow/dags/spark_interval_ingestion.py
[2026-05-23T11:01:53.361+0000] {logging_mixin.py:190} INFO - [2026-05-23T11:01:53.361+0000] {dag.py:3239} INFO - Sync 1 DAGs
[2026-05-23T11:01:53.374+0000] {logging_mixin.py:190} INFO - [2026-05-23T11:01:53.373+0000] {dag.py:4180} INFO - Setting next_dagrun for fraud_pipeline_bronze_hourly to 2026-05-23 11:00:00+00:00, run_after=2026-05-23 11:05:00+00:00
[2026-05-23T11:01:53.381+0000] {processor.py:208} INFO - Processing /opt/airflow/dags/spark_interval_ingestion.py took 0.051 seconds
[2026-05-23T11:02:23.609+0000] {processor.py:186} INFO - Started process (PID=2359) to work on /opt/airflow/dags/spark_interval_ingestion.py
[2026-05-23T11:02:23.610+0000] {processor.py:914} INFO - Processing file /opt/airflow/dags/spark_interval_ingestion.py for tasks to queue
[2026-05-23T11:02:23.611+0000] {logging_mixin.py:190} INFO - [2026-05-23T11:02:23.611+0000] {dagbag.py:588} INFO - Filling up the DagBag from /opt/airflow/dags/spark_interval_ingestion.py
[2026-05-23T11:02:23.627+0000] {processor.py:925} INFO - DAG(s) 'fraud_pipeline_bronze_hourly' retrieved from /opt/airflow/dags/spark_interval_ingestion.py
[2026-05-23T11:02:23.649+0000] {logging_mixin.py:190} INFO - [2026-05-23T11:02:23.649+0000] {dag.py:3239} INFO - Sync 1 DAGs
[2026-05-23T11:02:23.661+0000] {logging_mixin.py:190} INFO - [2026-05-23T11:02:23.661+0000] {dag.py:4180} INFO - Setting next_dagrun for fraud_pipeline_bronze_hourly to 2026-05-23 11:00:00+00:00, run_after=2026-05-23 11:05:00+00:00
[2026-05-23T11:02:23.667+0000] {processor.py:208} INFO - Processing /opt/airflow/dags/spark_interval_ingestion.py took 0.068 seconds
[2026-05-23T11:02:53.827+0000] {processor.py:186} INFO - Started process (PID=2364) to work on /opt/airflow/dags/spark_interval_ingestion.py
[2026-05-23T11:02:53.828+0000] {processor.py:914} INFO - Processing file /opt/airflow/dags/spark_interval_ingestion.py for tasks to queue
[2026-05-23T11:02:53.829+0000] {logging_mixin.py:190} INFO - [2026-05-23T11:02:53.829+0000] {dagbag.py:588} INFO - Filling up the DagBag from /opt/airflow/dags/spark_interval_ingestion.py
[2026-05-23T11:02:53.840+0000] {processor.py:925} INFO - DAG(s) 'fraud_pipeline_bronze_hourly' retrieved from /opt/airflow/dags/spark_interval_ingestion.py
[2026-05-23T11:02:53.858+0000] {logging_mixin.py:190} INFO - [2026-05-23T11:02:53.858+0000] {dag.py:3239} INFO - Sync 1 DAGs
[2026-05-23T11:02:53.868+0000] {logging_mixin.py:190} INFO - [2026-05-23T11:02:53.868+0000] {dag.py:4180} INFO - Setting next_dagrun for fraud_pipeline_bronze_hourly to 2026-05-23 11:00:00+00:00, run_after=2026-05-23 11:05:00+00:00
[2026-05-23T11:02:53.873+0000] {processor.py:208} INFO - Processing /opt/airflow/dags/spark_interval_ingestion.py took 0.052 seconds
[2026-05-23T11:03:24.052+0000] {processor.py:186} INFO - Started process (PID=2369) to work on /opt/airflow/dags/spark_interval_ingestion.py
[2026-05-23T11:03:24.053+0000] {processor.py:914} INFO - Processing file /opt/airflow/dags/spark_interval_ingestion.py for tasks to queue
[2026-05-23T11:03:24.054+0000] {logging_mixin.py:190} INFO - [2026-05-23T11:03:24.054+0000] {dagbag.py:588} INFO - Filling up the DagBag from /opt/airflow/dags/spark_interval_ingestion.py
[2026-05-23T11:03:24.064+0000] {processor.py:925} INFO - DAG(s) 'fraud_pipeline_bronze_hourly' retrieved from /opt/airflow/dags/spark_interval_ingestion.py
[2026-05-23T11:03:24.082+0000] {logging_mixin.py:190} INFO - [2026-05-23T11:03:24.082+0000] {dag.py:3239} INFO - Sync 1 DAGs
[2026-05-23T11:03:24.094+0000] {logging_mixin.py:190} INFO - [2026-05-23T11:03:24.093+0000] {dag.py:4180} INFO - Setting next_dagrun for fraud_pipeline_bronze_hourly to 2026-05-23 11:00:00+00:00, run_after=2026-05-23 11:05:00+00:00
[2026-05-23T11:03:24.099+0000] {processor.py:208} INFO - Processing /opt/airflow/dags/spark_interval_ingestion.py took 0.053 seconds
[2026-05-23T11:03:54.322+0000] {processor.py:186} INFO - Started process (PID=2374) to work on /opt/airflow/dags/spark_interval_ingestion.py
[2026-05-23T11:03:54.323+0000] {processor.py:914} INFO - Processing file /opt/airflow/dags/spark_interval_ingestion.py for tasks to queue
[2026-05-23T11:03:54.324+0000] {logging_mixin.py:190} INFO - [2026-05-23T11:03:54.324+0000] {dagbag.py:588} INFO - Filling up the DagBag from /opt/airflow/dags/spark_interval_ingestion.py
[2026-05-23T11:03:54.344+0000] {processor.py:925} INFO - DAG(s) 'fraud_pipeline_bronze_hourly' retrieved from /opt/airflow/dags/spark_interval_ingestion.py
[2026-05-23T11:03:54.368+0000] {logging_mixin.py:190} INFO - [2026-05-23T11:03:54.367+0000] {dag.py:3239} INFO - Sync 1 DAGs
[2026-05-23T11:03:54.383+0000] {logging_mixin.py:190} INFO - [2026-05-23T11:03:54.383+0000] {dag.py:4180} INFO - Setting next_dagrun for fraud_pipeline_bronze_hourly to 2026-05-23 11:00:00+00:00, run_after=2026-05-23 11:05:00+00:00
[2026-05-23T11:03:54.391+0000] {processor.py:208} INFO - Processing /opt/airflow/dags/spark_interval_ingestion.py took 0.076 seconds
[2026-05-23T11:04:24.545+0000] {processor.py:186} INFO - Started process (PID=2379) to work on /opt/airflow/dags/spark_interval_ingestion.py
[2026-05-23T11:04:24.546+0000] {processor.py:914} INFO - Processing file /opt/airflow/dags/spark_interval_ingestion.py for tasks to queue
[2026-05-23T11:04:24.548+0000] {logging_mixin.py:190} INFO - [2026-05-23T11:04:24.547+0000] {dagbag.py:588} INFO - Filling up the DagBag from /opt/airflow/dags/spark_interval_ingestion.py
[2026-05-23T11:04:24.558+0000] {processor.py:925} INFO - DAG(s) 'fraud_pipeline_bronze_hourly' retrieved from /opt/airflow/dags/spark_interval_ingestion.py
[2026-05-23T11:04:24.579+0000] {logging_mixin.py:190} INFO - [2026-05-23T11:04:24.579+0000] {dag.py:3239} INFO - Sync 1 DAGs
[2026-05-23T11:04:24.589+0000] {logging_mixin.py:190} INFO - [2026-05-23T11:04:24.589+0000] {dag.py:4180} INFO - Setting next_dagrun for fraud_pipeline_bronze_hourly to 2026-05-23 11:00:00+00:00, run_after=2026-05-23 11:05:00+00:00
[2026-05-23T11:04:24.595+0000] {processor.py:208} INFO - Processing /opt/airflow/dags/spark_interval_ingestion.py took 0.056 seconds
[2026-05-23T11:04:54.801+0000] {processor.py:186} INFO - Started process (PID=2384) to work on /opt/airflow/dags/spark_interval_ingestion.py
[2026-05-23T11:04:54.802+0000] {processor.py:914} INFO - Processing file /opt/airflow/dags/spark_interval_ingestion.py for tasks to queue
[2026-05-23T11:04:54.803+0000] {logging_mixin.py:190} INFO - [2026-05-23T11:04:54.803+0000] {dagbag.py:588} INFO - Filling up the DagBag from /opt/airflow/dags/spark_interval_ingestion.py
[2026-05-23T11:04:54.813+0000] {processor.py:925} INFO - DAG(s) 'fraud_pipeline_bronze_hourly' retrieved from /opt/airflow/dags/spark_interval_ingestion.py
[2026-05-23T11:04:54.832+0000] {logging_mixin.py:190} INFO - [2026-05-23T11:04:54.832+0000] {dag.py:3239} INFO - Sync 1 DAGs
[2026-05-23T11:04:54.843+0000] {logging_mixin.py:190} INFO - [2026-05-23T11:04:54.843+0000] {dag.py:4180} INFO - Setting next_dagrun for fraud_pipeline_bronze_hourly to 2026-05-23 11:00:00+00:00, run_after=2026-05-23 11:05:00+00:00
[2026-05-23T11:04:54.848+0000] {processor.py:208} INFO - Processing /opt/airflow/dags/spark_interval_ingestion.py took 0.053 seconds
[2026-05-23T11:05:25.027+0000] {processor.py:186} INFO - Started process (PID=2669) to work on /opt/airflow/dags/spark_interval_ingestion.py
[2026-05-23T11:05:25.027+0000] {processor.py:914} INFO - Processing file /opt/airflow/dags/spark_interval_ingestion.py for tasks to queue
[2026-05-23T11:05:25.029+0000] {logging_mixin.py:190} INFO - [2026-05-23T11:05:25.028+0000] {dagbag.py:588} INFO - Filling up the DagBag from /opt/airflow/dags/spark_interval_ingestion.py
[2026-05-23T11:05:25.042+0000] {processor.py:925} INFO - DAG(s) 'fraud_pipeline_bronze_hourly' retrieved from /opt/airflow/dags/spark_interval_ingestion.py
[2026-05-23T11:05:25.061+0000] {logging_mixin.py:190} INFO - [2026-05-23T11:05:25.061+0000] {dag.py:3239} INFO - Sync 1 DAGs
[2026-05-23T11:05:25.072+0000] {logging_mixin.py:190} INFO - [2026-05-23T11:05:25.072+0000] {dag.py:4180} INFO - Setting next_dagrun for fraud_pipeline_bronze_hourly to 2026-05-23 11:05:00+00:00, run_after=2026-05-23 11:10:00+00:00
[2026-05-23T11:05:25.078+0000] {processor.py:208} INFO - Processing /opt/airflow/dags/spark_interval_ingestion.py took 0.057 seconds
[2026-05-23T11:05:55.264+0000] {processor.py:186} INFO - Started process (PID=2674) to work on /opt/airflow/dags/spark_interval_ingestion.py
[2026-05-23T11:05:55.264+0000] {processor.py:914} INFO - Processing file /opt/airflow/dags/spark_interval_ingestion.py for tasks to queue
[2026-05-23T11:05:55.265+0000] {logging_mixin.py:190} INFO - [2026-05-23T11:05:55.265+0000] {dagbag.py:588} INFO - Filling up the DagBag from /opt/airflow/dags/spark_interval_ingestion.py
[2026-05-23T11:05:55.281+0000] {processor.py:925} INFO - DAG(s) 'fraud_pipeline_bronze_hourly' retrieved from /opt/airflow/dags/spark_interval_ingestion.py
[2026-05-23T11:05:55.306+0000] {logging_mixin.py:190} INFO - [2026-05-23T11:05:55.306+0000] {dag.py:3239} INFO - Sync 1 DAGs
[2026-05-23T11:05:55.325+0000] {logging_mixin.py:190} INFO - [2026-05-23T11:05:55.325+0000] {dag.py:4180} INFO - Setting next_dagrun for fraud_pipeline_bronze_hourly to 2026-05-23 11:05:00+00:00, run_after=2026-05-23 11:10:00+00:00
[2026-05-23T11:05:55.333+0000] {processor.py:208} INFO - Processing /opt/airflow/dags/spark_interval_ingestion.py took 0.075 seconds
[2026-05-23T11:06:25.490+0000] {processor.py:186} INFO - Started process (PID=2679) to work on /opt/airflow/dags/spark_interval_ingestion.py
[2026-05-23T11:06:25.491+0000] {processor.py:914} INFO - Processing file /opt/airflow/dags/spark_interval_ingestion.py for tasks to queue
[2026-05-23T11:06:25.491+0000] {logging_mixin.py:190} INFO - [2026-05-23T11:06:25.491+0000] {dagbag.py:588} INFO - Filling up the DagBag from /opt/airflow/dags/spark_interval_ingestion.py
[2026-05-23T11:06:25.501+0000] {processor.py:925} INFO - DAG(s) 'fraud_pipeline_bronze_hourly' retrieved from /opt/airflow/dags/spark_interval_ingestion.py
[2026-05-23T11:06:25.527+0000] {logging_mixin.py:190} INFO - [2026-05-23T11:06:25.527+0000] {dag.py:3239} INFO - Sync 1 DAGs
[2026-05-23T11:06:25.542+0000] {logging_mixin.py:190} INFO - [2026-05-23T11:06:25.542+0000] {dag.py:4180} INFO - Setting next_dagrun for fraud_pipeline_bronze_hourly to 2026-05-23 11:05:00+00:00, run_after=2026-05-23 11:10:00+00:00
[2026-05-23T11:06:25.551+0000] {processor.py:208} INFO - Processing /opt/airflow/dags/spark_interval_ingestion.py took 0.072 seconds
[2026-05-23T11:06:55.700+0000] {processor.py:186} INFO - Started process (PID=2684) to work on /opt/airflow/dags/spark_interval_ingestion.py
[2026-05-23T11:06:55.701+0000] {processor.py:914} INFO - Processing file /opt/airflow/dags/spark_interval_ingestion.py for tasks to queue
[2026-05-23T11:06:55.702+0000] {logging_mixin.py:190} INFO - [2026-05-23T11:06:55.702+0000] {dagbag.py:588} INFO - Filling up the DagBag from /opt/airflow/dags/spark_interval_ingestion.py
[2026-05-23T11:06:55.712+0000] {processor.py:925} INFO - DAG(s) 'fraud_pipeline_bronze_hourly' retrieved from /opt/airflow/dags/spark_interval_ingestion.py
[2026-05-23T11:06:55.731+0000] {logging_mixin.py:190} INFO - [2026-05-23T11:06:55.730+0000] {dag.py:3239} INFO - Sync 1 DAGs
[2026-05-23T11:06:55.743+0000] {logging_mixin.py:190} INFO - [2026-05-23T11:06:55.743+0000] {dag.py:4180} INFO - Setting next_dagrun for fraud_pipeline_bronze_hourly to 2026-05-23 11:05:00+00:00, run_after=2026-05-23 11:10:00+00:00
[2026-05-23T11:06:55.751+0000] {processor.py:208} INFO - Processing /opt/airflow/dags/spark_interval_ingestion.py took 0.056 seconds
[2026-05-23T11:07:25.944+0000] {processor.py:186} INFO - Started process (PID=2689) to work on /opt/airflow/dags/spark_interval_ingestion.py
[2026-05-23T11:07:25.944+0000] {processor.py:914} INFO - Processing file /opt/airflow/dags/spark_interval_ingestion.py for tasks to queue
[2026-05-23T11:07:25.945+0000] {logging_mixin.py:190} INFO - [2026-05-23T11:07:25.945+0000] {dagbag.py:588} INFO - Filling up the DagBag from /opt/airflow/dags/spark_interval_ingestion.py
[2026-05-23T11:07:25.955+0000] {processor.py:925} INFO - DAG(s) 'fraud_pipeline_bronze_hourly' retrieved from /opt/airflow/dags/spark_interval_ingestion.py
[2026-05-23T11:07:25.974+0000] {logging_mixin.py:190} INFO - [2026-05-23T11:07:25.974+0000] {dag.py:3239} INFO - Sync 1 DAGs
[2026-05-23T11:07:25.988+0000] {logging_mixin.py:190} INFO - [2026-05-23T11:07:25.988+0000] {dag.py:4180} INFO - Setting next_dagrun for fraud_pipeline_bronze_hourly to 2026-05-23 11:05:00+00:00, run_after=2026-05-23 11:10:00+00:00
[2026-05-23T11:07:25.995+0000] {processor.py:208} INFO - Processing /opt/airflow/dags/spark_interval_ingestion.py took 0.056 seconds
[2026-05-23T11:07:56.157+0000] {processor.py:186} INFO - Started process (PID=2694) to work on /opt/airflow/dags/spark_interval_ingestion.py
[2026-05-23T11:07:56.158+0000] {processor.py:914} INFO - Processing file /opt/airflow/dags/spark_interval_ingestion.py for tasks to queue
[2026-05-23T11:07:56.160+0000] {logging_mixin.py:190} INFO - [2026-05-23T11:07:56.160+0000] {dagbag.py:588} INFO - Filling up the DagBag from /opt/airflow/dags/spark_interval_ingestion.py
[2026-05-23T11:07:56.177+0000] {processor.py:925} INFO - DAG(s) 'fraud_pipeline_bronze_hourly' retrieved from /opt/airflow/dags/spark_interval_ingestion.py
[2026-05-23T11:07:56.201+0000] {logging_mixin.py:190} INFO - [2026-05-23T11:07:56.201+0000] {dag.py:3239} INFO - Sync 1 DAGs
[2026-05-23T11:07:56.215+0000] {logging_mixin.py:190} INFO - [2026-05-23T11:07:56.215+0000] {dag.py:4180} INFO - Setting next_dagrun for fraud_pipeline_bronze_hourly to 2026-05-23 11:05:00+00:00, run_after=2026-05-23 11:10:00+00:00
[2026-05-23T11:07:56.223+0000] {processor.py:208} INFO - Processing /opt/airflow/dags/spark_interval_ingestion.py took 0.074 seconds
[2026-05-23T11:08:26.399+0000] {processor.py:186} INFO - Started process (PID=3032) to work on /opt/airflow/dags/spark_interval_ingestion.py
[2026-05-23T11:08:26.400+0000] {processor.py:914} INFO - Processing file /opt/airflow/dags/spark_interval_ingestion.py for tasks to queue
[2026-05-23T11:08:26.401+0000] {logging_mixin.py:190} INFO - [2026-05-23T11:08:26.401+0000] {dagbag.py:588} INFO - Filling up the DagBag from /opt/airflow/dags/spark_interval_ingestion.py
[2026-05-23T11:08:26.415+0000] {processor.py:925} INFO - DAG(s) 'fraud_pipeline_bronze_hourly' retrieved from /opt/airflow/dags/spark_interval_ingestion.py
[2026-05-23T11:08:26.434+0000] {logging_mixin.py:190} INFO - [2026-05-23T11:08:26.434+0000] {dag.py:3239} INFO - Sync 1 DAGs
[2026-05-23T11:08:26.446+0000] {logging_mixin.py:190} INFO - [2026-05-23T11:08:26.446+0000] {dag.py:4180} INFO - Setting next_dagrun for fraud_pipeline_bronze_hourly to 2026-05-23 11:05:00+00:00, run_after=2026-05-23 11:10:00+00:00
[2026-05-23T11:08:26.454+0000] {processor.py:208} INFO - Processing /opt/airflow/dags/spark_interval_ingestion.py took 0.062 seconds
[2026-05-23T11:08:56.631+0000] {processor.py:186} INFO - Started process (PID=3037) to work on /opt/airflow/dags/spark_interval_ingestion.py
[2026-05-23T11:08:56.632+0000] {processor.py:914} INFO - Processing file /opt/airflow/dags/spark_interval_ingestion.py for tasks to queue
[2026-05-23T11:08:56.633+0000] {logging_mixin.py:190} INFO - [2026-05-23T11:08:56.633+0000] {dagbag.py:588} INFO - Filling up the DagBag from /opt/airflow/dags/spark_interval_ingestion.py
[2026-05-23T11:08:56.643+0000] {processor.py:925} INFO - DAG(s) 'fraud_pipeline_bronze_hourly' retrieved from /opt/airflow/dags/spark_interval_ingestion.py
[2026-05-23T11:08:56.660+0000] {logging_mixin.py:190} INFO - [2026-05-23T11:08:56.660+0000] {dag.py:3239} INFO - Sync 1 DAGs
[2026-05-23T11:08:56.673+0000] {logging_mixin.py:190} INFO - [2026-05-23T11:08:56.673+0000] {dag.py:4180} INFO - Setting next_dagrun for fraud_pipeline_bronze_hourly to 2026-05-23 11:05:00+00:00, run_after=2026-05-23 11:10:00+00:00
[2026-05-23T11:08:56.679+0000] {processor.py:208} INFO - Processing /opt/airflow/dags/spark_interval_ingestion.py took 0.054 seconds
[2026-05-23T11:09:26.863+0000] {processor.py:186} INFO - Started process (PID=3042) to work on /opt/airflow/dags/spark_interval_ingestion.py
[2026-05-23T11:09:26.863+0000] {processor.py:914} INFO - Processing file /opt/airflow/dags/spark_interval_ingestion.py for tasks to queue
[2026-05-23T11:09:26.864+0000] {logging_mixin.py:190} INFO - [2026-05-23T11:09:26.864+0000] {dagbag.py:588} INFO - Filling up the DagBag from /opt/airflow/dags/spark_interval_ingestion.py
[2026-05-23T11:09:26.881+0000] {processor.py:925} INFO - DAG(s) 'fraud_pipeline_bronze_hourly' retrieved from /opt/airflow/dags/spark_interval_ingestion.py
[2026-05-23T11:09:26.901+0000] {logging_mixin.py:190} INFO - [2026-05-23T11:09:26.900+0000] {dag.py:3239} INFO - Sync 1 DAGs
[2026-05-23T11:09:26.912+0000] {logging_mixin.py:190} INFO - [2026-05-23T11:09:26.912+0000] {dag.py:4180} INFO - Setting next_dagrun for fraud_pipeline_bronze_hourly to 2026-05-23 11:05:00+00:00, run_after=2026-05-23 11:10:00+00:00
[2026-05-23T11:09:26.918+0000] {processor.py:208} INFO - Processing /opt/airflow/dags/spark_interval_ingestion.py took 0.061 seconds
[2026-05-23T11:09:57.087+0000] {processor.py:186} INFO - Started process (PID=3047) to work on /opt/airflow/dags/spark_interval_ingestion.py
[2026-05-23T11:09:57.090+0000] {processor.py:914} INFO - Processing file /opt/airflow/dags/spark_interval_ingestion.py for tasks to queue
[2026-05-23T11:09:57.091+0000] {logging_mixin.py:190} INFO - [2026-05-23T11:09:57.090+0000] {dagbag.py:588} INFO - Filling up the DagBag from /opt/airflow/dags/spark_interval_ingestion.py
[2026-05-23T11:09:57.102+0000] {processor.py:925} INFO - DAG(s) 'fraud_pipeline_bronze_hourly' retrieved from /opt/airflow/dags/spark_interval_ingestion.py
[2026-05-23T11:09:57.119+0000] {logging_mixin.py:190} INFO - [2026-05-23T11:09:57.119+0000] {dag.py:3239} INFO - Sync 1 DAGs
[2026-05-23T11:09:57.130+0000] {logging_mixin.py:190} INFO - [2026-05-23T11:09:57.129+0000] {dag.py:4180} INFO - Setting next_dagrun for fraud_pipeline_bronze_hourly to 2026-05-23 11:05:00+00:00, run_after=2026-05-23 11:10:00+00:00
[2026-05-23T11:09:57.135+0000] {processor.py:208} INFO - Processing /opt/airflow/dags/spark_interval_ingestion.py took 0.054 seconds
[2026-05-23T11:10:27.334+0000] {processor.py:186} INFO - Started process (PID=3333) to work on /opt/airflow/dags/spark_interval_ingestion.py
[2026-05-23T11:10:27.335+0000] {processor.py:914} INFO - Processing file /opt/airflow/dags/spark_interval_ingestion.py for tasks to queue
[2026-05-23T11:10:27.336+0000] {logging_mixin.py:190} INFO - [2026-05-23T11:10:27.336+0000] {dagbag.py:588} INFO - Filling up the DagBag from /opt/airflow/dags/spark_interval_ingestion.py
[2026-05-23T11:10:27.349+0000] {processor.py:925} INFO - DAG(s) 'fraud_pipeline_bronze_hourly' retrieved from /opt/airflow/dags/spark_interval_ingestion.py
[2026-05-23T11:10:27.369+0000] {logging_mixin.py:190} INFO - [2026-05-23T11:10:27.368+0000] {dag.py:3239} INFO - Sync 1 DAGs
[2026-05-23T11:10:27.381+0000] {logging_mixin.py:190} INFO - [2026-05-23T11:10:27.381+0000] {dag.py:4180} INFO - Setting next_dagrun for fraud_pipeline_bronze_hourly to 2026-05-23 11:10:00+00:00, run_after=2026-05-23 11:15:00+00:00
[2026-05-23T11:10:27.387+0000] {processor.py:208} INFO - Processing /opt/airflow/dags/spark_interval_ingestion.py took 0.060 seconds
[2026-05-23T11:10:57.587+0000] {processor.py:186} INFO - Started process (PID=3338) to work on /opt/airflow/dags/spark_interval_ingestion.py
[2026-05-23T11:10:57.588+0000] {processor.py:914} INFO - Processing file /opt/airflow/dags/spark_interval_ingestion.py for tasks to queue
[2026-05-23T11:10:57.589+0000] {logging_mixin.py:190} INFO - [2026-05-23T11:10:57.588+0000] {dagbag.py:588} INFO - Filling up the DagBag from /opt/airflow/dags/spark_interval_ingestion.py
[2026-05-23T11:10:57.602+0000] {processor.py:925} INFO - DAG(s) 'fraud_pipeline_bronze_hourly' retrieved from /opt/airflow/dags/spark_interval_ingestion.py
[2026-05-23T11:10:57.618+0000] {logging_mixin.py:190} INFO - [2026-05-23T11:10:57.618+0000] {dag.py:3239} INFO - Sync 1 DAGs
[2026-05-23T11:10:57.629+0000] {logging_mixin.py:190} INFO - [2026-05-23T11:10:57.629+0000] {dag.py:4180} INFO - Setting next_dagrun for fraud_pipeline_bronze_hourly to 2026-05-23 11:10:00+00:00, run_after=2026-05-23 11:15:00+00:00
[2026-05-23T11:10:57.635+0000] {processor.py:208} INFO - Processing /opt/airflow/dags/spark_interval_ingestion.py took 0.055 seconds
[2026-05-23T11:11:27.795+0000] {processor.py:186} INFO - Started process (PID=3343) to work on /opt/airflow/dags/spark_interval_ingestion.py
[2026-05-23T11:11:27.795+0000] {processor.py:914} INFO - Processing file /opt/airflow/dags/spark_interval_ingestion.py for tasks to queue
[2026-05-23T11:11:27.796+0000] {logging_mixin.py:190} INFO - [2026-05-23T11:11:27.796+0000] {dagbag.py:588} INFO - Filling up the DagBag from /opt/airflow/dags/spark_interval_ingestion.py
[2026-05-23T11:11:27.805+0000] {processor.py:925} INFO - DAG(s) 'fraud_pipeline_bronze_hourly' retrieved from /opt/airflow/dags/spark_interval_ingestion.py
[2026-05-23T11:11:27.821+0000] {logging_mixin.py:190} INFO - [2026-05-23T11:11:27.821+0000] {dag.py:3239} INFO - Sync 1 DAGs
[2026-05-23T11:11:27.833+0000] {logging_mixin.py:190} INFO - [2026-05-23T11:11:27.833+0000] {dag.py:4180} INFO - Setting next_dagrun for fraud_pipeline_bronze_hourly to 2026-05-23 11:10:00+00:00, run_after=2026-05-23 11:15:00+00:00
[2026-05-23T11:11:27.839+0000] {processor.py:208} INFO - Processing /opt/airflow/dags/spark_interval_ingestion.py took 0.050 seconds
[2026-05-23T11:11:58.025+0000] {processor.py:186} INFO - Started process (PID=3348) to work on /opt/airflow/dags/spark_interval_ingestion.py
[2026-05-23T11:11:58.026+0000] {processor.py:914} INFO - Processing file /opt/airflow/dags/spark_interval_ingestion.py for tasks to queue
[2026-05-23T11:11:58.027+0000] {logging_mixin.py:190} INFO - [2026-05-23T11:11:58.026+0000] {dagbag.py:588} INFO - Filling up the DagBag from /opt/airflow/dags/spark_interval_ingestion.py
[2026-05-23T11:11:58.042+0000] {processor.py:925} INFO - DAG(s) 'fraud_pipeline_bronze_hourly' retrieved from /opt/airflow/dags/spark_interval_ingestion.py
[2026-05-23T11:11:58.069+0000] {logging_mixin.py:190} INFO - [2026-05-23T11:11:58.069+0000] {dag.py:3239} INFO - Sync 1 DAGs
[2026-05-23T11:11:58.092+0000] {logging_mixin.py:190} INFO - [2026-05-23T11:11:58.092+0000] {dag.py:4180} INFO - Setting next_dagrun for fraud_pipeline_bronze_hourly to 2026-05-23 11:10:00+00:00, run_after=2026-05-23 11:15:00+00:00
[2026-05-23T11:11:58.100+0000] {processor.py:208} INFO - Processing /opt/airflow/dags/spark_interval_ingestion.py took 0.085 seconds
[2026-05-23T11:12:28.195+0000] {processor.py:186} INFO - Started process (PID=3353) to work on /opt/airflow/dags/spark_interval_ingestion.py
[2026-05-23T11:12:28.196+0000] {processor.py:914} INFO - Processing file /opt/airflow/dags/spark_interval_ingestion.py for tasks to queue
[2026-05-23T11:12:28.197+0000] {logging_mixin.py:190} INFO - [2026-05-23T11:12:28.197+0000] {dagbag.py:588} INFO - Filling up the DagBag from /opt/airflow/dags/spark_interval_ingestion.py
[2026-05-23T11:12:28.212+0000] {processor.py:925} INFO - DAG(s) 'fraud_pipeline_bronze_hourly' retrieved from /opt/airflow/dags/spark_interval_ingestion.py
[2026-05-23T11:12:28.231+0000] {logging_mixin.py:190} INFO - [2026-05-23T11:12:28.231+0000] {dag.py:3239} INFO - Sync 1 DAGs
[2026-05-23T11:12:28.248+0000] {logging_mixin.py:190} INFO - [2026-05-23T11:12:28.247+0000] {dag.py:4180} INFO - Setting next_dagrun for fraud_pipeline_bronze_hourly to 2026-05-23 11:10:00+00:00, run_after=2026-05-23 11:15:00+00:00
[2026-05-23T11:12:28.258+0000] {processor.py:208} INFO - Processing /opt/airflow/dags/spark_interval_ingestion.py took 0.069 seconds
[2026-05-23T11:12:58.412+0000] {processor.py:186} INFO - Started process (PID=3358) to work on /opt/airflow/dags/spark_interval_ingestion.py
[2026-05-23T11:12:58.413+0000] {processor.py:914} INFO - Processing file /opt/airflow/dags/spark_interval_ingestion.py for tasks to queue
[2026-05-23T11:12:58.413+0000] {logging_mixin.py:190} INFO - [2026-05-23T11:12:58.413+0000] {dagbag.py:588} INFO - Filling up the DagBag from /opt/airflow/dags/spark_interval_ingestion.py
[2026-05-23T11:12:58.426+0000] {processor.py:925} INFO - DAG(s) 'fraud_pipeline_bronze_hourly' retrieved from /opt/airflow/dags/spark_interval_ingestion.py
[2026-05-23T11:12:58.447+0000] {logging_mixin.py:190} INFO - [2026-05-23T11:12:58.447+0000] {dag.py:3239} INFO - Sync 1 DAGs
[2026-05-23T11:12:58.462+0000] {logging_mixin.py:190} INFO - [2026-05-23T11:12:58.462+0000] {dag.py:4180} INFO - Setting next_dagrun for fraud_pipeline_bronze_hourly to 2026-05-23 11:10:00+00:00, run_after=2026-05-23 11:15:00+00:00
[2026-05-23T11:12:58.470+0000] {processor.py:208} INFO - Processing /opt/airflow/dags/spark_interval_ingestion.py took 0.063 seconds
[2026-05-23T11:13:28.615+0000] {processor.py:186} INFO - Started process (PID=3363) to work on /opt/airflow/dags/spark_interval_ingestion.py
[2026-05-23T11:13:28.616+0000] {processor.py:914} INFO - Processing file /opt/airflow/dags/spark_interval_ingestion.py for tasks to queue
[2026-05-23T11:13:28.617+0000] {logging_mixin.py:190} INFO - [2026-05-23T11:13:28.616+0000] {dagbag.py:588} INFO - Filling up the DagBag from /opt/airflow/dags/spark_interval_ingestion.py
[2026-05-23T11:13:28.628+0000] {processor.py:925} INFO - DAG(s) 'fraud_pipeline_bronze_hourly' retrieved from /opt/airflow/dags/spark_interval_ingestion.py
[2026-05-23T11:13:28.643+0000] {logging_mixin.py:190} INFO - [2026-05-23T11:13:28.643+0000] {dag.py:3239} INFO - Sync 1 DAGs
[2026-05-23T11:13:28.654+0000] {logging_mixin.py:190} INFO - [2026-05-23T11:13:28.654+0000] {dag.py:4180} INFO - Setting next_dagrun for fraud_pipeline_bronze_hourly to 2026-05-23 11:10:00+00:00, run_after=2026-05-23 11:15:00+00:00
[2026-05-23T11:13:28.660+0000] {processor.py:208} INFO - Processing /opt/airflow/dags/spark_interval_ingestion.py took 0.048 seconds
[2026-05-23T11:13:58.845+0000] {processor.py:186} INFO - Started process (PID=3368) to work on /opt/airflow/dags/spark_interval_ingestion.py
[2026-05-23T11:13:58.846+0000] {processor.py:914} INFO - Processing file /opt/airflow/dags/spark_interval_ingestion.py for tasks to queue
[2026-05-23T11:13:58.847+0000] {logging_mixin.py:190} INFO - [2026-05-23T11:13:58.847+0000] {dagbag.py:588} INFO - Filling up the DagBag from /opt/airflow/dags/spark_interval_ingestion.py
[2026-05-23T11:13:58.859+0000] {processor.py:925} INFO - DAG(s) 'fraud_pipeline_bronze_hourly' retrieved from /opt/airflow/dags/spark_interval_ingestion.py
[2026-05-23T11:13:58.881+0000] {logging_mixin.py:190} INFO - [2026-05-23T11:13:58.881+0000] {dag.py:3239} INFO - Sync 1 DAGs
[2026-05-23T11:13:58.897+0000] {logging_mixin.py:190} INFO - [2026-05-23T11:13:58.897+0000] {dag.py:4180} INFO - Setting next_dagrun for fraud_pipeline_bronze_hourly to 2026-05-23 11:10:00+00:00, run_after=2026-05-23 11:15:00+00:00
[2026-05-23T11:13:58.906+0000] {processor.py:208} INFO - Processing /opt/airflow/dags/spark_interval_ingestion.py took 0.067 seconds
[2026-05-23T11:14:29.028+0000] {processor.py:186} INFO - Started process (PID=3373) to work on /opt/airflow/dags/spark_interval_ingestion.py
[2026-05-23T11:14:29.029+0000] {processor.py:914} INFO - Processing file /opt/airflow/dags/spark_interval_ingestion.py for tasks to queue
[2026-05-23T11:14:29.029+0000] {logging_mixin.py:190} INFO - [2026-05-23T11:14:29.029+0000] {dagbag.py:588} INFO - Filling up the DagBag from /opt/airflow/dags/spark_interval_ingestion.py
[2026-05-23T11:14:29.039+0000] {processor.py:925} INFO - DAG(s) 'fraud_pipeline_bronze_hourly' retrieved from /opt/airflow/dags/spark_interval_ingestion.py
[2026-05-23T11:14:29.057+0000] {logging_mixin.py:190} INFO - [2026-05-23T11:14:29.057+0000] {dag.py:3239} INFO - Sync 1 DAGs
[2026-05-23T11:14:29.068+0000] {logging_mixin.py:190} INFO - [2026-05-23T11:14:29.068+0000] {dag.py:4180} INFO - Setting next_dagrun for fraud_pipeline_bronze_hourly to 2026-05-23 11:10:00+00:00, run_after=2026-05-23 11:15:00+00:00
[2026-05-23T11:14:29.075+0000] {processor.py:208} INFO - Processing /opt/airflow/dags/spark_interval_ingestion.py took 0.053 seconds
[2026-05-23T11:14:59.229+0000] {processor.py:186} INFO - Started process (PID=3378) to work on /opt/airflow/dags/spark_interval_ingestion.py
[2026-05-23T11:14:59.230+0000] {processor.py:914} INFO - Processing file /opt/airflow/dags/spark_interval_ingestion.py for tasks to queue
[2026-05-23T11:14:59.231+0000] {logging_mixin.py:190} INFO - [2026-05-23T11:14:59.230+0000] {dagbag.py:588} INFO - Filling up the DagBag from /opt/airflow/dags/spark_interval_ingestion.py
[2026-05-23T11:14:59.249+0000] {processor.py:925} INFO - DAG(s) 'fraud_pipeline_bronze_hourly' retrieved from /opt/airflow/dags/spark_interval_ingestion.py
[2026-05-23T11:14:59.269+0000] {logging_mixin.py:190} INFO - [2026-05-23T11:14:59.268+0000] {dag.py:3239} INFO - Sync 1 DAGs
[2026-05-23T11:14:59.280+0000] {logging_mixin.py:190} INFO - [2026-05-23T11:14:59.280+0000] {dag.py:4180} INFO - Setting next_dagrun for fraud_pipeline_bronze_hourly to 2026-05-23 11:10:00+00:00, run_after=2026-05-23 11:15:00+00:00
[2026-05-23T11:14:59.289+0000] {processor.py:208} INFO - Processing /opt/airflow/dags/spark_interval_ingestion.py took 0.064 seconds
[2026-05-23T11:15:29.445+0000] {processor.py:186} INFO - Started process (PID=3383) to work on /opt/airflow/dags/spark_interval_ingestion.py
[2026-05-23T11:15:29.446+0000] {processor.py:914} INFO - Processing file /opt/airflow/dags/spark_interval_ingestion.py for tasks to queue
[2026-05-23T11:15:29.447+0000] {logging_mixin.py:190} INFO - [2026-05-23T11:15:29.447+0000] {dagbag.py:588} INFO - Filling up the DagBag from /opt/airflow/dags/spark_interval_ingestion.py
[2026-05-23T11:15:29.459+0000] {processor.py:925} INFO - DAG(s) 'fraud_pipeline_bronze_hourly' retrieved from /opt/airflow/dags/spark_interval_ingestion.py
[2026-05-23T11:15:29.480+0000] {logging_mixin.py:190} INFO - [2026-05-23T11:15:29.480+0000] {dag.py:3239} INFO - Sync 1 DAGs
[2026-05-23T11:15:29.494+0000] {logging_mixin.py:190} INFO - [2026-05-23T11:15:29.494+0000] {dag.py:4180} INFO - Setting next_dagrun for fraud_pipeline_bronze_hourly to 2026-05-23 11:10:00+00:00, run_after=2026-05-23 11:15:00+00:00
[2026-05-23T11:15:29.503+0000] {processor.py:208} INFO - Processing /opt/airflow/dags/spark_interval_ingestion.py took 0.065 seconds
[2026-05-23T11:15:59.640+0000] {processor.py:186} INFO - Started process (PID=3388) to work on /opt/airflow/dags/spark_interval_ingestion.py
[2026-05-23T11:15:59.641+0000] {processor.py:914} INFO - Processing file /opt/airflow/dags/spark_interval_ingestion.py for tasks to queue
[2026-05-23T11:15:59.641+0000] {logging_mixin.py:190} INFO - [2026-05-23T11:15:59.641+0000] {dagbag.py:588} INFO - Filling up the DagBag from /opt/airflow/dags/spark_interval_ingestion.py
[2026-05-23T11:15:59.656+0000] {processor.py:925} INFO - DAG(s) 'fraud_pipeline_bronze_hourly' retrieved from /opt/airflow/dags/spark_interval_ingestion.py
[2026-05-23T11:15:59.678+0000] {logging_mixin.py:190} INFO - [2026-05-23T11:15:59.678+0000] {dag.py:3239} INFO - Sync 1 DAGs
[2026-05-23T11:15:59.692+0000] {logging_mixin.py:190} INFO - [2026-05-23T11:15:59.692+0000] {dag.py:4180} INFO - Setting next_dagrun for fraud_pipeline_bronze_hourly to 2026-05-23 11:10:00+00:00, run_after=2026-05-23 11:15:00+00:00
[2026-05-23T11:15:59.699+0000] {processor.py:208} INFO - Processing /opt/airflow/dags/spark_interval_ingestion.py took 0.064 seconds
[2026-05-23T11:16:29.862+0000] {processor.py:186} INFO - Started process (PID=3393) to work on /opt/airflow/dags/spark_interval_ingestion.py
[2026-05-23T11:16:29.863+0000] {processor.py:914} INFO - Processing file /opt/airflow/dags/spark_interval_ingestion.py for tasks to queue
[2026-05-23T11:16:29.864+0000] {logging_mixin.py:190} INFO - [2026-05-23T11:16:29.864+0000] {dagbag.py:588} INFO - Filling up the DagBag from /opt/airflow/dags/spark_interval_ingestion.py
[2026-05-23T11:16:29.876+0000] {processor.py:925} INFO - DAG(s) 'fraud_pipeline_bronze_hourly' retrieved from /opt/airflow/dags/spark_interval_ingestion.py
[2026-05-23T11:16:29.896+0000] {logging_mixin.py:190} INFO - [2026-05-23T11:16:29.896+0000] {dag.py:3239} INFO - Sync 1 DAGs
[2026-05-23T11:16:29.911+0000] {logging_mixin.py:190} INFO - [2026-05-23T11:16:29.911+0000] {dag.py:4180} INFO - Setting next_dagrun for fraud_pipeline_bronze_hourly to 2026-05-23 11:10:00+00:00, run_after=2026-05-23 11:15:00+00:00
[2026-05-23T11:16:29.918+0000] {processor.py:208} INFO - Processing /opt/airflow/dags/spark_interval_ingestion.py took 0.062 seconds
[2026-05-23T11:17:00.132+0000] {processor.py:186} INFO - Started process (PID=3398) to work on /opt/airflow/dags/spark_interval_ingestion.py
[2026-05-23T11:17:00.134+0000] {processor.py:914} INFO - Processing file /opt/airflow/dags/spark_interval_ingestion.py for tasks to queue
[2026-05-23T11:17:00.135+0000] {logging_mixin.py:190} INFO - [2026-05-23T11:17:00.135+0000] {dagbag.py:588} INFO - Filling up the DagBag from /opt/airflow/dags/spark_interval_ingestion.py
[2026-05-23T11:17:00.157+0000] {processor.py:925} INFO - DAG(s) 'fraud_pipeline_bronze_hourly' retrieved from /opt/airflow/dags/spark_interval_ingestion.py
[2026-05-23T11:17:00.199+0000] {logging_mixin.py:190} INFO - [2026-05-23T11:17:00.199+0000] {dag.py:3239} INFO - Sync 1 DAGs
[2026-05-23T11:17:00.232+0000] {logging_mixin.py:190} INFO - [2026-05-23T11:17:00.232+0000] {dag.py:4180} INFO - Setting next_dagrun for fraud_pipeline_bronze_hourly to 2026-05-23 11:10:00+00:00, run_after=2026-05-23 11:15:00+00:00
[2026-05-23T11:17:00.240+0000] {processor.py:208} INFO - Processing /opt/airflow/dags/spark_interval_ingestion.py took 0.114 seconds
[2026-05-23T11:17:30.329+0000] {processor.py:186} INFO - Started process (PID=3403) to work on /opt/airflow/dags/spark_interval_ingestion.py
[2026-05-23T11:17:30.330+0000] {processor.py:914} INFO - Processing file /opt/airflow/dags/spark_interval_ingestion.py for tasks to queue
[2026-05-23T11:17:30.331+0000] {logging_mixin.py:190} INFO - [2026-05-23T11:17:30.331+0000] {dagbag.py:588} INFO - Filling up the DagBag from /opt/airflow/dags/spark_interval_ingestion.py
[2026-05-23T11:17:30.343+0000] {processor.py:925} INFO - DAG(s) 'fraud_pipeline_bronze_hourly' retrieved from /opt/airflow/dags/spark_interval_ingestion.py
[2026-05-23T11:17:30.362+0000] {logging_mixin.py:190} INFO - [2026-05-23T11:17:30.362+0000] {dag.py:3239} INFO - Sync 1 DAGs
[2026-05-23T11:17:30.379+0000] {logging_mixin.py:190} INFO - [2026-05-23T11:17:30.379+0000] {dag.py:4180} INFO - Setting next_dagrun for fraud_pipeline_bronze_hourly to 2026-05-23 11:10:00+00:00, run_after=2026-05-23 11:15:00+00:00
[2026-05-23T11:17:30.387+0000] {processor.py:208} INFO - Processing /opt/airflow/dags/spark_interval_ingestion.py took 0.062 seconds
[2026-05-23T11:18:00.532+0000] {processor.py:186} INFO - Started process (PID=3408) to work on /opt/airflow/dags/spark_interval_ingestion.py
[2026-05-23T11:18:00.532+0000] {processor.py:914} INFO - Processing file /opt/airflow/dags/spark_interval_ingestion.py for tasks to queue
[2026-05-23T11:18:00.534+0000] {logging_mixin.py:190} INFO - [2026-05-23T11:18:00.533+0000] {dagbag.py:588} INFO - Filling up the DagBag from /opt/airflow/dags/spark_interval_ingestion.py
[2026-05-23T11:18:00.547+0000] {processor.py:925} INFO - DAG(s) 'fraud_pipeline_bronze_hourly' retrieved from /opt/airflow/dags/spark_interval_ingestion.py
[2026-05-23T11:18:00.567+0000] {logging_mixin.py:190} INFO - [2026-05-23T11:18:00.567+0000] {dag.py:3239} INFO - Sync 1 DAGs
[2026-05-23T11:18:00.584+0000] {logging_mixin.py:190} INFO - [2026-05-23T11:18:00.584+0000] {dag.py:4180} INFO - Setting next_dagrun for fraud_pipeline_bronze_hourly to 2026-05-23 11:10:00+00:00, run_after=2026-05-23 11:15:00+00:00
[2026-05-23T11:18:00.592+0000] {processor.py:208} INFO - Processing /opt/airflow/dags/spark_interval_ingestion.py took 0.064 seconds
[2026-05-23T11:18:30.777+0000] {processor.py:186} INFO - Started process (PID=3413) to work on /opt/airflow/dags/spark_interval_ingestion.py
[2026-05-23T11:18:30.778+0000] {processor.py:914} INFO - Processing file /opt/airflow/dags/spark_interval_ingestion.py for tasks to queue
[2026-05-23T11:18:30.779+0000] {logging_mixin.py:190} INFO - [2026-05-23T11:18:30.779+0000] {dagbag.py:588} INFO - Filling up the DagBag from /opt/airflow/dags/spark_interval_ingestion.py
[2026-05-23T11:18:30.792+0000] {processor.py:925} INFO - DAG(s) 'fraud_pipeline_bronze_hourly' retrieved from /opt/airflow/dags/spark_interval_ingestion.py
[2026-05-23T11:18:30.814+0000] {logging_mixin.py:190} INFO - [2026-05-23T11:18:30.814+0000] {dag.py:3239} INFO - Sync 1 DAGs
[2026-05-23T11:18:30.827+0000] {logging_mixin.py:190} INFO - [2026-05-23T11:18:30.827+0000] {dag.py:4180} INFO - Setting next_dagrun for fraud_pipeline_bronze_hourly to 2026-05-23 11:10:00+00:00, run_after=2026-05-23 11:15:00+00:00
[2026-05-23T11:18:30.838+0000] {processor.py:208} INFO - Processing /opt/airflow/dags/spark_interval_ingestion.py took 0.066 seconds
[2026-05-23T11:19:01.001+0000] {processor.py:186} INFO - Started process (PID=3418) to work on /opt/airflow/dags/spark_interval_ingestion.py
[2026-05-23T11:19:01.001+0000] {processor.py:914} INFO - Processing file /opt/airflow/dags/spark_interval_ingestion.py for tasks to queue
[2026-05-23T11:19:01.002+0000] {logging_mixin.py:190} INFO - [2026-05-23T11:19:01.002+0000] {dagbag.py:588} INFO - Filling up the DagBag from /opt/airflow/dags/spark_interval_ingestion.py
[2026-05-23T11:19:01.013+0000] {processor.py:925} INFO - DAG(s) 'fraud_pipeline_bronze_hourly' retrieved from /opt/airflow/dags/spark_interval_ingestion.py
[2026-05-23T11:19:01.030+0000] {logging_mixin.py:190} INFO - [2026-05-23T11:19:01.030+0000] {dag.py:3239} INFO - Sync 1 DAGs
[2026-05-23T11:19:01.043+0000] {logging_mixin.py:190} INFO - [2026-05-23T11:19:01.043+0000] {dag.py:4180} INFO - Setting next_dagrun for fraud_pipeline_bronze_hourly to 2026-05-23 11:10:00+00:00, run_after=2026-05-23 11:15:00+00:00
[2026-05-23T11:19:01.050+0000] {processor.py:208} INFO - Processing /opt/airflow/dags/spark_interval_ingestion.py took 0.053 seconds
[2026-05-23T11:19:31.242+0000] {processor.py:186} INFO - Started process (PID=3423) to work on /opt/airflow/dags/spark_interval_ingestion.py
[2026-05-23T11:19:31.243+0000] {processor.py:914} INFO - Processing file /opt/airflow/dags/spark_interval_ingestion.py for tasks to queue
[2026-05-23T11:19:31.244+0000] {logging_mixin.py:190} INFO - [2026-05-23T11:19:31.243+0000] {dagbag.py:588} INFO - Filling up the DagBag from /opt/airflow/dags/spark_interval_ingestion.py
[2026-05-23T11:19:31.257+0000] {processor.py:925} INFO - DAG(s) 'fraud_pipeline_bronze_hourly' retrieved from /opt/airflow/dags/spark_interval_ingestion.py
[2026-05-23T11:19:31.279+0000] {logging_mixin.py:190} INFO - [2026-05-23T11:19:31.279+0000] {dag.py:3239} INFO - Sync 1 DAGs
[2026-05-23T11:19:31.295+0000] {logging_mixin.py:190} INFO - [2026-05-23T11:19:31.295+0000] {dag.py:4180} INFO - Setting next_dagrun for fraud_pipeline_bronze_hourly to 2026-05-23 11:10:00+00:00, run_after=2026-05-23 11:15:00+00:00
[2026-05-23T11:19:31.305+0000] {processor.py:208} INFO - Processing /opt/airflow/dags/spark_interval_ingestion.py took 0.069 seconds
[2026-05-23T11:20:01.423+0000] {processor.py:186} INFO - Started process (PID=3428) to work on /opt/airflow/dags/spark_interval_ingestion.py
[2026-05-23T11:20:01.424+0000] {processor.py:914} INFO - Processing file /opt/airflow/dags/spark_interval_ingestion.py for tasks to queue
[2026-05-23T11:20:01.424+0000] {logging_mixin.py:190} INFO - [2026-05-23T11:20:01.424+0000] {dagbag.py:588} INFO - Filling up the DagBag from /opt/airflow/dags/spark_interval_ingestion.py
[2026-05-23T11:20:01.431+0000] {processor.py:925} INFO - DAG(s) 'fraud_pipeline_bronze_hourly' retrieved from /opt/airflow/dags/spark_interval_ingestion.py
[2026-05-23T11:20:01.446+0000] {logging_mixin.py:190} INFO - [2026-05-23T11:20:01.446+0000] {dag.py:3239} INFO - Sync 1 DAGs
[2026-05-23T11:20:01.456+0000] {logging_mixin.py:190} INFO - [2026-05-23T11:20:01.456+0000] {dag.py:4180} INFO - Setting next_dagrun for fraud_pipeline_bronze_hourly to 2026-05-23 11:15:00+00:00, run_after=2026-05-23 11:20:00+00:00
[2026-05-23T11:20:01.463+0000] {processor.py:208} INFO - Processing /opt/airflow/dags/spark_interval_ingestion.py took 0.046 seconds
[2026-05-23T11:20:31.667+0000] {processor.py:186} INFO - Started process (PID=3433) to work on /opt/airflow/dags/spark_interval_ingestion.py
[2026-05-23T11:20:31.668+0000] {processor.py:914} INFO - Processing file /opt/airflow/dags/spark_interval_ingestion.py for tasks to queue
[2026-05-23T11:20:31.668+0000] {logging_mixin.py:190} INFO - [2026-05-23T11:20:31.668+0000] {dagbag.py:588} INFO - Filling up the DagBag from /opt/airflow/dags/spark_interval_ingestion.py
[2026-05-23T11:20:31.674+0000] {processor.py:925} INFO - DAG(s) 'fraud_pipeline_bronze_hourly' retrieved from /opt/airflow/dags/spark_interval_ingestion.py
[2026-05-23T11:20:31.685+0000] {logging_mixin.py:190} INFO - [2026-05-23T11:20:31.685+0000] {dag.py:3239} INFO - Sync 1 DAGs
[2026-05-23T11:20:31.693+0000] {logging_mixin.py:190} INFO - [2026-05-23T11:20:31.693+0000] {dag.py:4180} INFO - Setting next_dagrun for fraud_pipeline_bronze_hourly to 2026-05-23 11:15:00+00:00, run_after=2026-05-23 11:20:00+00:00
[2026-05-23T11:20:31.699+0000] {processor.py:208} INFO - Processing /opt/airflow/dags/spark_interval_ingestion.py took 0.035 seconds
[2026-05-23T11:21:01.865+0000] {processor.py:186} INFO - Started process (PID=3438) to work on /opt/airflow/dags/spark_interval_ingestion.py
[2026-05-23T11:21:01.866+0000] {processor.py:914} INFO - Processing file /opt/airflow/dags/spark_interval_ingestion.py for tasks to queue
[2026-05-23T11:21:01.866+0000] {logging_mixin.py:190} INFO - [2026-05-23T11:21:01.866+0000] {dagbag.py:588} INFO - Filling up the DagBag from /opt/airflow/dags/spark_interval_ingestion.py
[2026-05-23T11:21:01.875+0000] {processor.py:925} INFO - DAG(s) 'fraud_pipeline_bronze_hourly' retrieved from /opt/airflow/dags/spark_interval_ingestion.py
[2026-05-23T11:21:01.890+0000] {logging_mixin.py:190} INFO - [2026-05-23T11:21:01.890+0000] {dag.py:3239} INFO - Sync 1 DAGs
[2026-05-23T11:21:01.901+0000] {logging_mixin.py:190} INFO - [2026-05-23T11:21:01.901+0000] {dag.py:4180} INFO - Setting next_dagrun for fraud_pipeline_bronze_hourly to 2026-05-23 11:15:00+00:00, run_after=2026-05-23 11:20:00+00:00
[2026-05-23T11:21:01.908+0000] {processor.py:208} INFO - Processing /opt/airflow/dags/spark_interval_ingestion.py took 0.046 seconds
[2026-05-23T11:21:32.071+0000] {processor.py:186} INFO - Started process (PID=3443) to work on /opt/airflow/dags/spark_interval_ingestion.py
[2026-05-23T11:21:32.072+0000] {processor.py:914} INFO - Processing file /opt/airflow/dags/spark_interval_ingestion.py for tasks to queue
[2026-05-23T11:21:32.073+0000] {logging_mixin.py:190} INFO - [2026-05-23T11:21:32.072+0000] {dagbag.py:588} INFO - Filling up the DagBag from /opt/airflow/dags/spark_interval_ingestion.py
[2026-05-23T11:21:32.079+0000] {processor.py:925} INFO - DAG(s) 'fraud_pipeline_bronze_hourly' retrieved from /opt/airflow/dags/spark_interval_ingestion.py
[2026-05-23T11:21:32.097+0000] {logging_mixin.py:190} INFO - [2026-05-23T11:21:32.097+0000] {dag.py:3239} INFO - Sync 1 DAGs
[2026-05-23T11:21:32.108+0000] {logging_mixin.py:190} INFO - [2026-05-23T11:21:32.108+0000] {dag.py:4180} INFO - Setting next_dagrun for fraud_pipeline_bronze_hourly to 2026-05-23 11:15:00+00:00, run_after=2026-05-23 11:20:00+00:00
[2026-05-23T11:21:32.115+0000] {processor.py:208} INFO - Processing /opt/airflow/dags/spark_interval_ingestion.py took 0.049 seconds
[2026-05-23T11:22:02.325+0000] {processor.py:186} INFO - Started process (PID=3448) to work on /opt/airflow/dags/spark_interval_ingestion.py
[2026-05-23T11:22:02.326+0000] {processor.py:914} INFO - Processing file /opt/airflow/dags/spark_interval_ingestion.py for tasks to queue
[2026-05-23T11:22:02.327+0000] {logging_mixin.py:190} INFO - [2026-05-23T11:22:02.326+0000] {dagbag.py:588} INFO - Filling up the DagBag from /opt/airflow/dags/spark_interval_ingestion.py
[2026-05-23T11:22:02.342+0000] {processor.py:925} INFO - DAG(s) 'fraud_pipeline_bronze_hourly' retrieved from /opt/airflow/dags/spark_interval_ingestion.py
[2026-05-23T11:22:02.370+0000] {logging_mixin.py:190} INFO - [2026-05-23T11:22:02.370+0000] {dag.py:3239} INFO - Sync 1 DAGs
[2026-05-23T11:22:02.389+0000] {logging_mixin.py:190} INFO - [2026-05-23T11:22:02.389+0000] {dag.py:4180} INFO - Setting next_dagrun for fraud_pipeline_bronze_hourly to 2026-05-23 11:15:00+00:00, run_after=2026-05-23 11:20:00+00:00
[2026-05-23T11:22:02.396+0000] {processor.py:208} INFO - Processing /opt/airflow/dags/spark_interval_ingestion.py took 0.078 seconds
[2026-05-23T11:22:32.541+0000] {processor.py:186} INFO - Started process (PID=3453) to work on /opt/airflow/dags/spark_interval_ingestion.py
[2026-05-23T11:22:32.542+0000] {processor.py:914} INFO - Processing file /opt/airflow/dags/spark_interval_ingestion.py for tasks to queue
[2026-05-23T11:22:32.546+0000] {logging_mixin.py:190} INFO - [2026-05-23T11:22:32.545+0000] {dagbag.py:588} INFO - Filling up the DagBag from /opt/airflow/dags/spark_interval_ingestion.py
[2026-05-23T11:22:32.560+0000] {processor.py:925} INFO - DAG(s) 'fraud_pipeline_bronze_hourly' retrieved from /opt/airflow/dags/spark_interval_ingestion.py
[2026-05-23T11:22:32.582+0000] {logging_mixin.py:190} INFO - [2026-05-23T11:22:32.582+0000] {dag.py:3239} INFO - Sync 1 DAGs
[2026-05-23T11:22:32.595+0000] {logging_mixin.py:190} INFO - [2026-05-23T11:22:32.595+0000] {dag.py:4180} INFO - Setting next_dagrun for fraud_pipeline_bronze_hourly to 2026-05-23 11:15:00+00:00, run_after=2026-05-23 11:20:00+00:00
[2026-05-23T11:22:32.602+0000] {processor.py:208} INFO - Processing /opt/airflow/dags/spark_interval_ingestion.py took 0.067 seconds
[2026-05-23T11:23:02.778+0000] {processor.py:186} INFO - Started process (PID=3458) to work on /opt/airflow/dags/spark_interval_ingestion.py
[2026-05-23T11:23:02.779+0000] {processor.py:914} INFO - Processing file /opt/airflow/dags/spark_interval_ingestion.py for tasks to queue
[2026-05-23T11:23:02.780+0000] {logging_mixin.py:190} INFO - [2026-05-23T11:23:02.780+0000] {dagbag.py:588} INFO - Filling up the DagBag from /opt/airflow/dags/spark_interval_ingestion.py
[2026-05-23T11:23:02.790+0000] {processor.py:925} INFO - DAG(s) 'fraud_pipeline_bronze_hourly' retrieved from /opt/airflow/dags/spark_interval_ingestion.py
[2026-05-23T11:23:02.810+0000] {logging_mixin.py:190} INFO - [2026-05-23T11:23:02.810+0000] {dag.py:3239} INFO - Sync 1 DAGs
[2026-05-23T11:23:02.822+0000] {logging_mixin.py:190} INFO - [2026-05-23T11:23:02.822+0000] {dag.py:4180} INFO - Setting next_dagrun for fraud_pipeline_bronze_hourly to 2026-05-23 11:15:00+00:00, run_after=2026-05-23 11:20:00+00:00
[2026-05-23T11:23:02.829+0000] {processor.py:208} INFO - Processing /opt/airflow/dags/spark_interval_ingestion.py took 0.056 seconds
[2026-05-23T11:23:32.977+0000] {processor.py:186} INFO - Started process (PID=3463) to work on /opt/airflow/dags/spark_interval_ingestion.py
[2026-05-23T11:23:32.978+0000] {processor.py:914} INFO - Processing file /opt/airflow/dags/spark_interval_ingestion.py for tasks to queue
[2026-05-23T11:23:32.979+0000] {logging_mixin.py:190} INFO - [2026-05-23T11:23:32.979+0000] {dagbag.py:588} INFO - Filling up the DagBag from /opt/airflow/dags/spark_interval_ingestion.py
[2026-05-23T11:23:32.991+0000] {processor.py:925} INFO - DAG(s) 'fraud_pipeline_bronze_hourly' retrieved from /opt/airflow/dags/spark_interval_ingestion.py
[2026-05-23T11:23:33.011+0000] {logging_mixin.py:190} INFO - [2026-05-23T11:23:33.011+0000] {dag.py:3239} INFO - Sync 1 DAGs
[2026-05-23T11:23:33.026+0000] {logging_mixin.py:190} INFO - [2026-05-23T11:23:33.026+0000] {dag.py:4180} INFO - Setting next_dagrun for fraud_pipeline_bronze_hourly to 2026-05-23 11:15:00+00:00, run_after=2026-05-23 11:20:00+00:00
[2026-05-23T11:23:33.033+0000] {processor.py:208} INFO - Processing /opt/airflow/dags/spark_interval_ingestion.py took 0.062 seconds
[2026-05-23T11:24:03.211+0000] {processor.py:186} INFO - Started process (PID=3468) to work on /opt/airflow/dags/spark_interval_ingestion.py
[2026-05-23T11:24:03.212+0000] {processor.py:914} INFO - Processing file /opt/airflow/dags/spark_interval_ingestion.py for tasks to queue
[2026-05-23T11:24:03.213+0000] {logging_mixin.py:190} INFO - [2026-05-23T11:24:03.212+0000] {dagbag.py:588} INFO - Filling up the DagBag from /opt/airflow/dags/spark_interval_ingestion.py
[2026-05-23T11:24:03.220+0000] {processor.py:925} INFO - DAG(s) 'fraud_pipeline_bronze_hourly' retrieved from /opt/airflow/dags/spark_interval_ingestion.py
[2026-05-23T11:24:03.237+0000] {logging_mixin.py:190} INFO - [2026-05-23T11:24:03.237+0000] {dag.py:3239} INFO - Sync 1 DAGs
[2026-05-23T11:24:03.250+0000] {logging_mixin.py:190} INFO - [2026-05-23T11:24:03.250+0000] {dag.py:4180} INFO - Setting next_dagrun for fraud_pipeline_bronze_hourly to 2026-05-23 11:15:00+00:00, run_after=2026-05-23 11:20:00+00:00
[2026-05-23T11:24:03.258+0000] {processor.py:208} INFO - Processing /opt/airflow/dags/spark_interval_ingestion.py took 0.052 seconds
[2026-05-23T11:24:33.438+0000] {processor.py:186} INFO - Started process (PID=3473) to work on /opt/airflow/dags/spark_interval_ingestion.py
[2026-05-23T11:24:33.438+0000] {processor.py:914} INFO - Processing file /opt/airflow/dags/spark_interval_ingestion.py for tasks to queue
[2026-05-23T11:24:33.439+0000] {logging_mixin.py:190} INFO - [2026-05-23T11:24:33.439+0000] {dagbag.py:588} INFO - Filling up the DagBag from /opt/airflow/dags/spark_interval_ingestion.py
[2026-05-23T11:24:33.452+0000] {processor.py:925} INFO - DAG(s) 'fraud_pipeline_bronze_hourly' retrieved from /opt/airflow/dags/spark_interval_ingestion.py
[2026-05-23T11:24:33.476+0000] {logging_mixin.py:190} INFO - [2026-05-23T11:24:33.476+0000] {dag.py:3239} INFO - Sync 1 DAGs
[2026-05-23T11:24:33.496+0000] {logging_mixin.py:190} INFO - [2026-05-23T11:24:33.496+0000] {dag.py:4180} INFO - Setting next_dagrun for fraud_pipeline_bronze_hourly to 2026-05-23 11:15:00+00:00, run_after=2026-05-23 11:20:00+00:00
[2026-05-23T11:24:33.504+0000] {processor.py:208} INFO - Processing /opt/airflow/dags/spark_interval_ingestion.py took 0.071 seconds
[2026-05-23T11:25:03.640+0000] {processor.py:186} INFO - Started process (PID=3478) to work on /opt/airflow/dags/spark_interval_ingestion.py
[2026-05-23T11:25:03.641+0000] {processor.py:914} INFO - Processing file /opt/airflow/dags/spark_interval_ingestion.py for tasks to queue
[2026-05-23T11:25:03.642+0000] {logging_mixin.py:190} INFO - [2026-05-23T11:25:03.642+0000] {dagbag.py:588} INFO - Filling up the DagBag from /opt/airflow/dags/spark_interval_ingestion.py
[2026-05-23T11:25:03.650+0000] {processor.py:925} INFO - DAG(s) 'fraud_pipeline_bronze_hourly' retrieved from /opt/airflow/dags/spark_interval_ingestion.py
[2026-05-23T11:25:03.668+0000] {logging_mixin.py:190} INFO - [2026-05-23T11:25:03.668+0000] {dag.py:3239} INFO - Sync 1 DAGs
[2026-05-23T11:25:03.680+0000] {logging_mixin.py:190} INFO - [2026-05-23T11:25:03.680+0000] {dag.py:4180} INFO - Setting next_dagrun for fraud_pipeline_bronze_hourly to 2026-05-23 11:20:00+00:00, run_after=2026-05-23 11:25:00+00:00
[2026-05-23T11:25:03.687+0000] {processor.py:208} INFO - Processing /opt/airflow/dags/spark_interval_ingestion.py took 0.052 seconds
[2026-05-23T11:25:33.904+0000] {processor.py:186} INFO - Started process (PID=3483) to work on /opt/airflow/dags/spark_interval_ingestion.py
[2026-05-23T11:25:33.905+0000] {processor.py:914} INFO - Processing file /opt/airflow/dags/spark_interval_ingestion.py for tasks to queue
[2026-05-23T11:25:33.906+0000] {logging_mixin.py:190} INFO - [2026-05-23T11:25:33.906+0000] {dagbag.py:588} INFO - Filling up the DagBag from /opt/airflow/dags/spark_interval_ingestion.py
[2026-05-23T11:25:33.918+0000] {processor.py:925} INFO - DAG(s) 'fraud_pipeline_bronze_hourly' retrieved from /opt/airflow/dags/spark_interval_ingestion.py
[2026-05-23T11:25:33.948+0000] {logging_mixin.py:190} INFO - [2026-05-23T11:25:33.948+0000] {dag.py:3239} INFO - Sync 1 DAGs
[2026-05-23T11:25:33.963+0000] {logging_mixin.py:190} INFO - [2026-05-23T11:25:33.963+0000] {dag.py:4180} INFO - Setting next_dagrun for fraud_pipeline_bronze_hourly to 2026-05-23 11:20:00+00:00, run_after=2026-05-23 11:25:00+00:00
[2026-05-23T11:25:33.972+0000] {processor.py:208} INFO - Processing /opt/airflow/dags/spark_interval_ingestion.py took 0.073 seconds
[2026-05-23T11:26:04.112+0000] {processor.py:186} INFO - Started process (PID=3488) to work on /opt/airflow/dags/spark_interval_ingestion.py
[2026-05-23T11:26:04.112+0000] {processor.py:914} INFO - Processing file /opt/airflow/dags/spark_interval_ingestion.py for tasks to queue
[2026-05-23T11:26:04.113+0000] {logging_mixin.py:190} INFO - [2026-05-23T11:26:04.113+0000] {dagbag.py:588} INFO - Filling up the DagBag from /opt/airflow/dags/spark_interval_ingestion.py
[2026-05-23T11:26:04.121+0000] {processor.py:925} INFO - DAG(s) 'fraud_pipeline_bronze_hourly' retrieved from /opt/airflow/dags/spark_interval_ingestion.py
[2026-05-23T11:26:04.139+0000] {logging_mixin.py:190} INFO - [2026-05-23T11:26:04.139+0000] {dag.py:3239} INFO - Sync 1 DAGs
[2026-05-23T11:26:04.151+0000] {logging_mixin.py:190} INFO - [2026-05-23T11:26:04.151+0000] {dag.py:4180} INFO - Setting next_dagrun for fraud_pipeline_bronze_hourly to 2026-05-23 11:20:00+00:00, run_after=2026-05-23 11:25:00+00:00
[2026-05-23T11:26:04.157+0000] {processor.py:208} INFO - Processing /opt/airflow/dags/spark_interval_ingestion.py took 0.050 seconds
[2026-05-23T11:26:34.365+0000] {processor.py:186} INFO - Started process (PID=3493) to work on /opt/airflow/dags/spark_interval_ingestion.py
[2026-05-23T11:26:34.366+0000] {processor.py:914} INFO - Processing file /opt/airflow/dags/spark_interval_ingestion.py for tasks to queue
[2026-05-23T11:26:34.368+0000] {logging_mixin.py:190} INFO - [2026-05-23T11:26:34.367+0000] {dagbag.py:588} INFO - Filling up the DagBag from /opt/airflow/dags/spark_interval_ingestion.py
[2026-05-23T11:26:34.382+0000] {processor.py:925} INFO - DAG(s) 'fraud_pipeline_bronze_hourly' retrieved from /opt/airflow/dags/spark_interval_ingestion.py
[2026-05-23T11:26:34.403+0000] {logging_mixin.py:190} INFO - [2026-05-23T11:26:34.403+0000] {dag.py:3239} INFO - Sync 1 DAGs
[2026-05-23T11:26:34.417+0000] {logging_mixin.py:190} INFO - [2026-05-23T11:26:34.417+0000] {dag.py:4180} INFO - Setting next_dagrun for fraud_pipeline_bronze_hourly to 2026-05-23 11:20:00+00:00, run_after=2026-05-23 11:25:00+00:00
[2026-05-23T11:26:34.424+0000] {processor.py:208} INFO - Processing /opt/airflow/dags/spark_interval_ingestion.py took 0.064 seconds
[2026-05-23T11:27:04.556+0000] {processor.py:186} INFO - Started process (PID=3498) to work on /opt/airflow/dags/spark_interval_ingestion.py
[2026-05-23T11:27:04.557+0000] {processor.py:914} INFO - Processing file /opt/airflow/dags/spark_interval_ingestion.py for tasks to queue
[2026-05-23T11:27:04.558+0000] {logging_mixin.py:190} INFO - [2026-05-23T11:27:04.558+0000] {dagbag.py:588} INFO - Filling up the DagBag from /opt/airflow/dags/spark_interval_ingestion.py
[2026-05-23T11:27:04.565+0000] {processor.py:925} INFO - DAG(s) 'fraud_pipeline_bronze_hourly' retrieved from /opt/airflow/dags/spark_interval_ingestion.py
[2026-05-23T11:27:04.577+0000] {logging_mixin.py:190} INFO - [2026-05-23T11:27:04.577+0000] {dag.py:3239} INFO - Sync 1 DAGs
[2026-05-23T11:27:04.587+0000] {logging_mixin.py:190} INFO - [2026-05-23T11:27:04.587+0000] {dag.py:4180} INFO - Setting next_dagrun for fraud_pipeline_bronze_hourly to 2026-05-23 11:20:00+00:00, run_after=2026-05-23 11:25:00+00:00
[2026-05-23T11:27:04.593+0000] {processor.py:208} INFO - Processing /opt/airflow/dags/spark_interval_ingestion.py took 0.041 seconds
[2026-05-23T11:27:34.776+0000] {processor.py:186} INFO - Started process (PID=3503) to work on /opt/airflow/dags/spark_interval_ingestion.py
[2026-05-23T11:27:34.776+0000] {processor.py:914} INFO - Processing file /opt/airflow/dags/spark_interval_ingestion.py for tasks to queue
[2026-05-23T11:27:34.778+0000] {logging_mixin.py:190} INFO - [2026-05-23T11:27:34.777+0000] {dagbag.py:588} INFO - Filling up the DagBag from /opt/airflow/dags/spark_interval_ingestion.py
[2026-05-23T11:27:34.793+0000] {processor.py:925} INFO - DAG(s) 'fraud_pipeline_bronze_hourly' retrieved from /opt/airflow/dags/spark_interval_ingestion.py
[2026-05-23T11:27:34.815+0000] {logging_mixin.py:190} INFO - [2026-05-23T11:27:34.815+0000] {dag.py:3239} INFO - Sync 1 DAGs
[2026-05-23T11:27:34.829+0000] {logging_mixin.py:190} INFO - [2026-05-23T11:27:34.829+0000] {dag.py:4180} INFO - Setting next_dagrun for fraud_pipeline_bronze_hourly to 2026-05-23 11:20:00+00:00, run_after=2026-05-23 11:25:00+00:00
[2026-05-23T11:27:34.839+0000] {processor.py:208} INFO - Processing /opt/airflow/dags/spark_interval_ingestion.py took 0.071 seconds
[2026-05-23T11:28:05.024+0000] {processor.py:186} INFO - Started process (PID=3508) to work on /opt/airflow/dags/spark_interval_ingestion.py
[2026-05-23T11:28:05.025+0000] {processor.py:914} INFO - Processing file /opt/airflow/dags/spark_interval_ingestion.py for tasks to queue
[2026-05-23T11:28:05.026+0000] {logging_mixin.py:190} INFO - [2026-05-23T11:28:05.026+0000] {dagbag.py:588} INFO - Filling up the DagBag from /opt/airflow/dags/spark_interval_ingestion.py
[2026-05-23T11:28:05.039+0000] {processor.py:925} INFO - DAG(s) 'fraud_pipeline_bronze_hourly' retrieved from /opt/airflow/dags/spark_interval_ingestion.py
[2026-05-23T11:28:05.060+0000] {logging_mixin.py:190} INFO - [2026-05-23T11:28:05.060+0000] {dag.py:3239} INFO - Sync 1 DAGs
[2026-05-23T11:28:05.076+0000] {logging_mixin.py:190} INFO - [2026-05-23T11:28:05.076+0000] {dag.py:4180} INFO - Setting next_dagrun for fraud_pipeline_bronze_hourly to 2026-05-23 11:20:00+00:00, run_after=2026-05-23 11:25:00+00:00
[2026-05-23T11:28:05.085+0000] {processor.py:208} INFO - Processing /opt/airflow/dags/spark_interval_ingestion.py took 0.068 seconds
[2026-05-23T11:28:35.244+0000] {processor.py:186} INFO - Started process (PID=3513) to work on /opt/airflow/dags/spark_interval_ingestion.py
[2026-05-23T11:28:35.245+0000] {processor.py:914} INFO - Processing file /opt/airflow/dags/spark_interval_ingestion.py for tasks to queue
[2026-05-23T11:28:35.246+0000] {logging_mixin.py:190} INFO - [2026-05-23T11:28:35.246+0000] {dagbag.py:588} INFO - Filling up the DagBag from /opt/airflow/dags/spark_interval_ingestion.py
[2026-05-23T11:28:35.258+0000] {processor.py:925} INFO - DAG(s) 'fraud_pipeline_bronze_hourly' retrieved from /opt/airflow/dags/spark_interval_ingestion.py
[2026-05-23T11:28:35.279+0000] {logging_mixin.py:190} INFO - [2026-05-23T11:28:35.279+0000] {dag.py:3239} INFO - Sync 1 DAGs
[2026-05-23T11:28:35.293+0000] {logging_mixin.py:190} INFO - [2026-05-23T11:28:35.293+0000] {dag.py:4180} INFO - Setting next_dagrun for fraud_pipeline_bronze_hourly to 2026-05-23 11:20:00+00:00, run_after=2026-05-23 11:25:00+00:00
[2026-05-23T11:28:35.303+0000] {processor.py:208} INFO - Processing /opt/airflow/dags/spark_interval_ingestion.py took 0.066 seconds
[2026-05-23T11:29:05.485+0000] {processor.py:186} INFO - Started process (PID=3518) to work on /opt/airflow/dags/spark_interval_ingestion.py
[2026-05-23T11:29:05.486+0000] {processor.py:914} INFO - Processing file /opt/airflow/dags/spark_interval_ingestion.py for tasks to queue
[2026-05-23T11:29:05.487+0000] {logging_mixin.py:190} INFO - [2026-05-23T11:29:05.487+0000] {dagbag.py:588} INFO - Filling up the DagBag from /opt/airflow/dags/spark_interval_ingestion.py
[2026-05-23T11:29:05.501+0000] {processor.py:925} INFO - DAG(s) 'fraud_pipeline_bronze_hourly' retrieved from /opt/airflow/dags/spark_interval_ingestion.py
[2026-05-23T11:29:05.526+0000] {logging_mixin.py:190} INFO - [2026-05-23T11:29:05.526+0000] {dag.py:3239} INFO - Sync 1 DAGs
[2026-05-23T11:29:05.541+0000] {logging_mixin.py:190} INFO - [2026-05-23T11:29:05.540+0000] {dag.py:4180} INFO - Setting next_dagrun for fraud_pipeline_bronze_hourly to 2026-05-23 11:20:00+00:00, run_after=2026-05-23 11:25:00+00:00
[2026-05-23T11:29:05.550+0000] {processor.py:208} INFO - Processing /opt/airflow/dags/spark_interval_ingestion.py took 0.069 seconds
[2026-05-23T11:29:35.692+0000] {processor.py:186} INFO - Started process (PID=3523) to work on /opt/airflow/dags/spark_interval_ingestion.py
[2026-05-23T11:29:35.692+0000] {processor.py:914} INFO - Processing file /opt/airflow/dags/spark_interval_ingestion.py for tasks to queue
[2026-05-23T11:29:35.694+0000] {logging_mixin.py:190} INFO - [2026-05-23T11:29:35.693+0000] {dagbag.py:588} INFO - Filling up the DagBag from /opt/airflow/dags/spark_interval_ingestion.py
[2026-05-23T11:29:35.707+0000] {processor.py:925} INFO - DAG(s) 'fraud_pipeline_bronze_hourly' retrieved from /opt/airflow/dags/spark_interval_ingestion.py
[2026-05-23T11:29:35.726+0000] {logging_mixin.py:190} INFO - [2026-05-23T11:29:35.726+0000] {dag.py:3239} INFO - Sync 1 DAGs
[2026-05-23T11:29:35.738+0000] {logging_mixin.py:190} INFO - [2026-05-23T11:29:35.738+0000] {dag.py:4180} INFO - Setting next_dagrun for fraud_pipeline_bronze_hourly to 2026-05-23 11:20:00+00:00, run_after=2026-05-23 11:25:00+00:00
[2026-05-23T11:29:35.744+0000] {processor.py:208} INFO - Processing /opt/airflow/dags/spark_interval_ingestion.py took 0.058 seconds
[2026-05-23T11:30:05.891+0000] {processor.py:186} INFO - Started process (PID=3528) to work on /opt/airflow/dags/spark_interval_ingestion.py
[2026-05-23T11:30:05.892+0000] {processor.py:914} INFO - Processing file /opt/airflow/dags/spark_interval_ingestion.py for tasks to queue
[2026-05-23T11:30:05.893+0000] {logging_mixin.py:190} INFO - [2026-05-23T11:30:05.892+0000] {dagbag.py:588} INFO - Filling up the DagBag from /opt/airflow/dags/spark_interval_ingestion.py
[2026-05-23T11:30:05.900+0000] {processor.py:925} INFO - DAG(s) 'fraud_pipeline_bronze_hourly' retrieved from /opt/airflow/dags/spark_interval_ingestion.py
[2026-05-23T11:30:05.916+0000] {logging_mixin.py:190} INFO - [2026-05-23T11:30:05.916+0000] {dag.py:3239} INFO - Sync 1 DAGs
[2026-05-23T11:30:05.927+0000] {logging_mixin.py:190} INFO - [2026-05-23T11:30:05.927+0000] {dag.py:4180} INFO - Setting next_dagrun for fraud_pipeline_bronze_hourly to 2026-05-23 11:25:00+00:00, run_after=2026-05-23 11:30:00+00:00
[2026-05-23T11:30:05.935+0000] {processor.py:208} INFO - Processing /opt/airflow/dags/spark_interval_ingestion.py took 0.046 seconds
[2026-05-23T11:30:36.099+0000] {processor.py:186} INFO - Started process (PID=3533) to work on /opt/airflow/dags/spark_interval_ingestion.py
[2026-05-23T11:30:36.099+0000] {processor.py:914} INFO - Processing file /opt/airflow/dags/spark_interval_ingestion.py for tasks to queue
[2026-05-23T11:30:36.100+0000] {logging_mixin.py:190} INFO - [2026-05-23T11:30:36.100+0000] {dagbag.py:588} INFO - Filling up the DagBag from /opt/airflow/dags/spark_interval_ingestion.py
[2026-05-23T11:30:36.113+0000] {processor.py:925} INFO - DAG(s) 'fraud_pipeline_bronze_hourly' retrieved from /opt/airflow/dags/spark_interval_ingestion.py
[2026-05-23T11:30:36.135+0000] {logging_mixin.py:190} INFO - [2026-05-23T11:30:36.135+0000] {dag.py:3239} INFO - Sync 1 DAGs
[2026-05-23T11:30:36.151+0000] {logging_mixin.py:190} INFO - [2026-05-23T11:30:36.151+0000] {dag.py:4180} INFO - Setting next_dagrun for fraud_pipeline_bronze_hourly to 2026-05-23 11:25:00+00:00, run_after=2026-05-23 11:30:00+00:00
[2026-05-23T11:30:36.159+0000] {processor.py:208} INFO - Processing /opt/airflow/dags/spark_interval_ingestion.py took 0.065 seconds
[2026-05-23T11:31:06.286+0000] {processor.py:186} INFO - Started process (PID=3538) to work on /opt/airflow/dags/spark_interval_ingestion.py
[2026-05-23T11:31:06.287+0000] {processor.py:914} INFO - Processing file /opt/airflow/dags/spark_interval_ingestion.py for tasks to queue
[2026-05-23T11:31:06.288+0000] {logging_mixin.py:190} INFO - [2026-05-23T11:31:06.288+0000] {dagbag.py:588} INFO - Filling up the DagBag from /opt/airflow/dags/spark_interval_ingestion.py
[2026-05-23T11:31:06.299+0000] {processor.py:925} INFO - DAG(s) 'fraud_pipeline_bronze_hourly' retrieved from /opt/airflow/dags/spark_interval_ingestion.py
[2026-05-23T11:31:06.317+0000] {logging_mixin.py:190} INFO - [2026-05-23T11:31:06.317+0000] {dag.py:3239} INFO - Sync 1 DAGs
[2026-05-23T11:31:06.330+0000] {logging_mixin.py:190} INFO - [2026-05-23T11:31:06.330+0000] {dag.py:4180} INFO - Setting next_dagrun for fraud_pipeline_bronze_hourly to 2026-05-23 11:25:00+00:00, run_after=2026-05-23 11:30:00+00:00
[2026-05-23T11:31:06.337+0000] {processor.py:208} INFO - Processing /opt/airflow/dags/spark_interval_ingestion.py took 0.056 seconds
[2026-05-23T11:31:36.516+0000] {processor.py:186} INFO - Started process (PID=3865) to work on /opt/airflow/dags/spark_interval_ingestion.py
[2026-05-23T11:31:36.517+0000] {processor.py:914} INFO - Processing file /opt/airflow/dags/spark_interval_ingestion.py for tasks to queue
[2026-05-23T11:31:36.519+0000] {logging_mixin.py:190} INFO - [2026-05-23T11:31:36.518+0000] {dagbag.py:588} INFO - Filling up the DagBag from /opt/airflow/dags/spark_interval_ingestion.py
[2026-05-23T11:31:36.531+0000] {processor.py:925} INFO - DAG(s) 'fraud_pipeline_bronze_hourly' retrieved from /opt/airflow/dags/spark_interval_ingestion.py
[2026-05-23T11:31:36.551+0000] {logging_mixin.py:190} INFO - [2026-05-23T11:31:36.551+0000] {dag.py:3239} INFO - Sync 1 DAGs
[2026-05-23T11:31:36.562+0000] {logging_mixin.py:190} INFO - [2026-05-23T11:31:36.562+0000] {dag.py:4180} INFO - Setting next_dagrun for fraud_pipeline_bronze_hourly to 2026-05-23 11:30:00+00:00, run_after=2026-05-23 11:35:00+00:00
[2026-05-23T11:31:36.568+0000] {processor.py:208} INFO - Processing /opt/airflow/dags/spark_interval_ingestion.py took 0.059 seconds
[2026-05-23T11:32:06.739+0000] {processor.py:186} INFO - Started process (PID=3870) to work on /opt/airflow/dags/spark_interval_ingestion.py
[2026-05-23T11:32:06.740+0000] {processor.py:914} INFO - Processing file /opt/airflow/dags/spark_interval_ingestion.py for tasks to queue
[2026-05-23T11:32:06.741+0000] {logging_mixin.py:190} INFO - [2026-05-23T11:32:06.741+0000] {dagbag.py:588} INFO - Filling up the DagBag from /opt/airflow/dags/spark_interval_ingestion.py
[2026-05-23T11:32:06.752+0000] {processor.py:925} INFO - DAG(s) 'fraud_pipeline_bronze_hourly' retrieved from /opt/airflow/dags/spark_interval_ingestion.py
[2026-05-23T11:32:06.768+0000] {logging_mixin.py:190} INFO - [2026-05-23T11:32:06.768+0000] {dag.py:3239} INFO - Sync 1 DAGs
[2026-05-23T11:32:06.780+0000] {logging_mixin.py:190} INFO - [2026-05-23T11:32:06.780+0000] {dag.py:4180} INFO - Setting next_dagrun for fraud_pipeline_bronze_hourly to 2026-05-23 11:30:00+00:00, run_after=2026-05-23 11:35:00+00:00
[2026-05-23T11:32:06.787+0000] {processor.py:208} INFO - Processing /opt/airflow/dags/spark_interval_ingestion.py took 0.055 seconds
[2026-05-23T11:32:36.948+0000] {processor.py:186} INFO - Started process (PID=4050) to work on /opt/airflow/dags/spark_interval_ingestion.py
[2026-05-23T11:32:36.949+0000] {processor.py:914} INFO - Processing file /opt/airflow/dags/spark_interval_ingestion.py for tasks to queue
[2026-05-23T11:32:36.950+0000] {logging_mixin.py:190} INFO - [2026-05-23T11:32:36.950+0000] {dagbag.py:588} INFO - Filling up the DagBag from /opt/airflow/dags/spark_interval_ingestion.py
[2026-05-23T11:32:36.963+0000] {processor.py:925} INFO - DAG(s) 'fraud_pipeline_bronze_hourly' retrieved from /opt/airflow/dags/spark_interval_ingestion.py
[2026-05-23T11:32:36.998+0000] {logging_mixin.py:190} INFO - [2026-05-23T11:32:36.998+0000] {dag.py:3239} INFO - Sync 1 DAGs
[2026-05-23T11:32:37.011+0000] {logging_mixin.py:190} INFO - [2026-05-23T11:32:37.010+0000] {dag.py:4180} INFO - Setting next_dagrun for fraud_pipeline_bronze_hourly to 2026-05-23 11:30:00+00:00, run_after=2026-05-23 11:35:00+00:00
[2026-05-23T11:32:37.018+0000] {processor.py:208} INFO - Processing /opt/airflow/dags/spark_interval_ingestion.py took 0.078 seconds
[2026-05-23T11:33:07.137+0000] {processor.py:186} INFO - Started process (PID=4230) to work on /opt/airflow/dags/spark_interval_ingestion.py
[2026-05-23T11:33:07.137+0000] {processor.py:914} INFO - Processing file /opt/airflow/dags/spark_interval_ingestion.py for tasks to queue
[2026-05-23T11:33:07.138+0000] {logging_mixin.py:190} INFO - [2026-05-23T11:33:07.138+0000] {dagbag.py:588} INFO - Filling up the DagBag from /opt/airflow/dags/spark_interval_ingestion.py
[2026-05-23T11:33:07.150+0000] {processor.py:925} INFO - DAG(s) 'fraud_pipeline_bronze_hourly' retrieved from /opt/airflow/dags/spark_interval_ingestion.py
[2026-05-23T11:33:07.186+0000] {logging_mixin.py:190} INFO - [2026-05-23T11:33:07.186+0000] {dag.py:3239} INFO - Sync 1 DAGs
[2026-05-23T11:33:07.202+0000] {logging_mixin.py:190} INFO - [2026-05-23T11:33:07.202+0000] {dag.py:4180} INFO - Setting next_dagrun for fraud_pipeline_bronze_hourly to 2026-05-23 11:30:00+00:00, run_after=2026-05-23 11:35:00+00:00
[2026-05-23T11:33:07.209+0000] {processor.py:208} INFO - Processing /opt/airflow/dags/spark_interval_ingestion.py took 0.083 seconds
[2026-05-23T11:33:37.372+0000] {processor.py:186} INFO - Started process (PID=4235) to work on /opt/airflow/dags/spark_interval_ingestion.py
[2026-05-23T11:33:37.372+0000] {processor.py:914} INFO - Processing file /opt/airflow/dags/spark_interval_ingestion.py for tasks to queue
[2026-05-23T11:33:37.373+0000] {logging_mixin.py:190} INFO - [2026-05-23T11:33:37.373+0000] {dagbag.py:588} INFO - Filling up the DagBag from /opt/airflow/dags/spark_interval_ingestion.py
[2026-05-23T11:33:37.382+0000] {processor.py:925} INFO - DAG(s) 'fraud_pipeline_bronze_hourly' retrieved from /opt/airflow/dags/spark_interval_ingestion.py
[2026-05-23T11:33:37.403+0000] {logging_mixin.py:190} INFO - [2026-05-23T11:33:37.403+0000] {dag.py:3239} INFO - Sync 1 DAGs
[2026-05-23T11:33:37.415+0000] {logging_mixin.py:190} INFO - [2026-05-23T11:33:37.415+0000] {dag.py:4180} INFO - Setting next_dagrun for fraud_pipeline_bronze_hourly to 2026-05-23 11:30:00+00:00, run_after=2026-05-23 11:35:00+00:00
[2026-05-23T11:33:37.422+0000] {processor.py:208} INFO - Processing /opt/airflow/dags/spark_interval_ingestion.py took 0.054 seconds
[2026-05-23T11:34:07.572+0000] {processor.py:186} INFO - Started process (PID=4240) to work on /opt/airflow/dags/spark_interval_ingestion.py
[2026-05-23T11:34:07.573+0000] {processor.py:914} INFO - Processing file /opt/airflow/dags/spark_interval_ingestion.py for tasks to queue
[2026-05-23T11:34:07.575+0000] {logging_mixin.py:190} INFO - [2026-05-23T11:34:07.574+0000] {dagbag.py:588} INFO - Filling up the DagBag from /opt/airflow/dags/spark_interval_ingestion.py
[2026-05-23T11:34:07.587+0000] {processor.py:925} INFO - DAG(s) 'fraud_pipeline_bronze_hourly' retrieved from /opt/airflow/dags/spark_interval_ingestion.py
[2026-05-23T11:34:07.621+0000] {logging_mixin.py:190} INFO - [2026-05-23T11:34:07.621+0000] {dag.py:3239} INFO - Sync 1 DAGs
[2026-05-23T11:34:07.634+0000] {logging_mixin.py:190} INFO - [2026-05-23T11:34:07.634+0000] {dag.py:4180} INFO - Setting next_dagrun for fraud_pipeline_bronze_hourly to 2026-05-23 11:30:00+00:00, run_after=2026-05-23 11:35:00+00:00
[2026-05-23T11:34:07.643+0000] {processor.py:208} INFO - Processing /opt/airflow/dags/spark_interval_ingestion.py took 0.076 seconds
[2026-05-23T11:34:37.769+0000] {processor.py:186} INFO - Started process (PID=4251) to work on /opt/airflow/dags/spark_interval_ingestion.py
[2026-05-23T11:34:37.769+0000] {processor.py:914} INFO - Processing file /opt/airflow/dags/spark_interval_ingestion.py for tasks to queue
[2026-05-23T11:34:37.770+0000] {logging_mixin.py:190} INFO - [2026-05-23T11:34:37.770+0000] {dagbag.py:588} INFO - Filling up the DagBag from /opt/airflow/dags/spark_interval_ingestion.py
[2026-05-23T11:34:37.787+0000] {processor.py:925} INFO - DAG(s) 'fraud_pipeline_bronze_hourly' retrieved from /opt/airflow/dags/spark_interval_ingestion.py
[2026-05-23T11:34:37.829+0000] {logging_mixin.py:190} INFO - [2026-05-23T11:34:37.829+0000] {dag.py:3239} INFO - Sync 1 DAGs
[2026-05-23T11:34:37.851+0000] {logging_mixin.py:190} INFO - [2026-05-23T11:34:37.850+0000] {dag.py:4180} INFO - Setting next_dagrun for fraud_pipeline_bronze_hourly to 2026-05-23 11:30:00+00:00, run_after=2026-05-23 11:35:00+00:00
[2026-05-23T11:34:37.857+0000] {processor.py:208} INFO - Processing /opt/airflow/dags/spark_interval_ingestion.py took 0.096 seconds
[2026-05-23T11:35:08.019+0000] {processor.py:186} INFO - Started process (PID=4584) to work on /opt/airflow/dags/spark_interval_ingestion.py
[2026-05-23T11:35:08.020+0000] {processor.py:914} INFO - Processing file /opt/airflow/dags/spark_interval_ingestion.py for tasks to queue
[2026-05-23T11:35:08.021+0000] {logging_mixin.py:190} INFO - [2026-05-23T11:35:08.020+0000] {dagbag.py:588} INFO - Filling up the DagBag from /opt/airflow/dags/spark_interval_ingestion.py
[2026-05-23T11:35:08.030+0000] {processor.py:925} INFO - DAG(s) 'fraud_pipeline_bronze_hourly' retrieved from /opt/airflow/dags/spark_interval_ingestion.py
[2026-05-23T11:35:08.051+0000] {logging_mixin.py:190} INFO - [2026-05-23T11:35:08.051+0000] {dag.py:3239} INFO - Sync 1 DAGs
[2026-05-23T11:35:08.062+0000] {logging_mixin.py:190} INFO - [2026-05-23T11:35:08.062+0000] {dag.py:4180} INFO - Setting next_dagrun for fraud_pipeline_bronze_hourly to 2026-05-23 11:35:00+00:00, run_after=2026-05-23 11:40:00+00:00
[2026-05-23T11:35:08.069+0000] {processor.py:208} INFO - Processing /opt/airflow/dags/spark_interval_ingestion.py took 0.054 seconds
[2026-05-23T11:35:38.262+0000] {processor.py:186} INFO - Started process (PID=4589) to work on /opt/airflow/dags/spark_interval_ingestion.py
[2026-05-23T11:35:38.263+0000] {processor.py:914} INFO - Processing file /opt/airflow/dags/spark_interval_ingestion.py for tasks to queue
[2026-05-23T11:35:38.265+0000] {logging_mixin.py:190} INFO - [2026-05-23T11:35:38.264+0000] {dagbag.py:588} INFO - Filling up the DagBag from /opt/airflow/dags/spark_interval_ingestion.py
[2026-05-23T11:35:38.291+0000] {processor.py:925} INFO - DAG(s) 'fraud_pipeline_bronze_hourly' retrieved from /opt/airflow/dags/spark_interval_ingestion.py
[2026-05-23T11:35:38.346+0000] {logging_mixin.py:190} INFO - [2026-05-23T11:35:38.346+0000] {dag.py:3239} INFO - Sync 1 DAGs
[2026-05-23T11:35:38.360+0000] {logging_mixin.py:190} INFO - [2026-05-23T11:35:38.360+0000] {dag.py:4180} INFO - Setting next_dagrun for fraud_pipeline_bronze_hourly to 2026-05-23 11:35:00+00:00, run_after=2026-05-23 11:40:00+00:00
[2026-05-23T11:35:38.368+0000] {processor.py:208} INFO - Processing /opt/airflow/dags/spark_interval_ingestion.py took 0.112 seconds
[2026-05-23T11:36:08.470+0000] {processor.py:186} INFO - Started process (PID=4594) to work on /opt/airflow/dags/spark_interval_ingestion.py
[2026-05-23T11:36:08.471+0000] {processor.py:914} INFO - Processing file /opt/airflow/dags/spark_interval_ingestion.py for tasks to queue
[2026-05-23T11:36:08.472+0000] {logging_mixin.py:190} INFO - [2026-05-23T11:36:08.471+0000] {dagbag.py:588} INFO - Filling up the DagBag from /opt/airflow/dags/spark_interval_ingestion.py
[2026-05-23T11:36:08.483+0000] {processor.py:925} INFO - DAG(s) 'fraud_pipeline_bronze_hourly' retrieved from /opt/airflow/dags/spark_interval_ingestion.py
[2026-05-23T11:36:08.522+0000] {logging_mixin.py:190} INFO - [2026-05-23T11:36:08.522+0000] {dag.py:3239} INFO - Sync 1 DAGs
[2026-05-23T11:36:08.539+0000] {logging_mixin.py:190} INFO - [2026-05-23T11:36:08.539+0000] {dag.py:4180} INFO - Setting next_dagrun for fraud_pipeline_bronze_hourly to 2026-05-23 11:35:00+00:00, run_after=2026-05-23 11:40:00+00:00
[2026-05-23T11:36:08.556+0000] {processor.py:208} INFO - Processing /opt/airflow/dags/spark_interval_ingestion.py took 0.091 seconds
[2026-05-23T11:36:38.739+0000] {processor.py:186} INFO - Started process (PID=4599) to work on /opt/airflow/dags/spark_interval_ingestion.py
[2026-05-23T11:36:38.740+0000] {processor.py:914} INFO - Processing file /opt/airflow/dags/spark_interval_ingestion.py for tasks to queue
[2026-05-23T11:36:38.740+0000] {logging_mixin.py:190} INFO - [2026-05-23T11:36:38.740+0000] {dagbag.py:588} INFO - Filling up the DagBag from /opt/airflow/dags/spark_interval_ingestion.py
[2026-05-23T11:36:38.753+0000] {processor.py:925} INFO - DAG(s) 'fraud_pipeline_bronze_hourly' retrieved from /opt/airflow/dags/spark_interval_ingestion.py
[2026-05-23T11:36:38.798+0000] {logging_mixin.py:190} INFO - [2026-05-23T11:36:38.798+0000] {dag.py:3239} INFO - Sync 1 DAGs
[2026-05-23T11:36:38.815+0000] {logging_mixin.py:190} INFO - [2026-05-23T11:36:38.814+0000] {dag.py:4180} INFO - Setting next_dagrun for fraud_pipeline_bronze_hourly to 2026-05-23 11:35:00+00:00, run_after=2026-05-23 11:40:00+00:00
[2026-05-23T11:36:38.824+0000] {processor.py:208} INFO - Processing /opt/airflow/dags/spark_interval_ingestion.py took 0.091 seconds
[2026-05-23T11:37:08.934+0000] {processor.py:186} INFO - Started process (PID=4604) to work on /opt/airflow/dags/spark_interval_ingestion.py
[2026-05-23T11:37:08.935+0000] {processor.py:914} INFO - Processing file /opt/airflow/dags/spark_interval_ingestion.py for tasks to queue
[2026-05-23T11:37:08.936+0000] {logging_mixin.py:190} INFO - [2026-05-23T11:37:08.936+0000] {dagbag.py:588} INFO - Filling up the DagBag from /opt/airflow/dags/spark_interval_ingestion.py
[2026-05-23T11:37:08.944+0000] {processor.py:925} INFO - DAG(s) 'fraud_pipeline_bronze_hourly' retrieved from /opt/airflow/dags/spark_interval_ingestion.py
[2026-05-23T11:37:08.964+0000] {logging_mixin.py:190} INFO - [2026-05-23T11:37:08.964+0000] {dag.py:3239} INFO - Sync 1 DAGs
[2026-05-23T11:37:08.975+0000] {logging_mixin.py:190} INFO - [2026-05-23T11:37:08.975+0000] {dag.py:4180} INFO - Setting next_dagrun for fraud_pipeline_bronze_hourly to 2026-05-23 11:35:00+00:00, run_after=2026-05-23 11:40:00+00:00
[2026-05-23T11:37:08.982+0000] {processor.py:208} INFO - Processing /opt/airflow/dags/spark_interval_ingestion.py took 0.051 seconds
[2026-05-23T11:37:39.163+0000] {processor.py:186} INFO - Started process (PID=4609) to work on /opt/airflow/dags/spark_interval_ingestion.py
[2026-05-23T11:37:39.164+0000] {processor.py:914} INFO - Processing file /opt/airflow/dags/spark_interval_ingestion.py for tasks to queue
[2026-05-23T11:37:39.166+0000] {logging_mixin.py:190} INFO - [2026-05-23T11:37:39.165+0000] {dagbag.py:588} INFO - Filling up the DagBag from /opt/airflow/dags/spark_interval_ingestion.py
[2026-05-23T11:37:39.183+0000] {processor.py:925} INFO - DAG(s) 'fraud_pipeline_bronze_hourly' retrieved from /opt/airflow/dags/spark_interval_ingestion.py
[2026-05-23T11:37:39.233+0000] {logging_mixin.py:190} INFO - [2026-05-23T11:37:39.233+0000] {dag.py:3239} INFO - Sync 1 DAGs
[2026-05-23T11:37:39.245+0000] {logging_mixin.py:190} INFO - [2026-05-23T11:37:39.245+0000] {dag.py:4180} INFO - Setting next_dagrun for fraud_pipeline_bronze_hourly to 2026-05-23 11:35:00+00:00, run_after=2026-05-23 11:40:00+00:00
[2026-05-23T11:37:39.251+0000] {processor.py:208} INFO - Processing /opt/airflow/dags/spark_interval_ingestion.py took 0.095 seconds
[2026-05-23T11:38:09.351+0000] {processor.py:186} INFO - Started process (PID=5189) to work on /opt/airflow/dags/spark_interval_ingestion.py
[2026-05-23T11:38:09.351+0000] {processor.py:914} INFO - Processing file /opt/airflow/dags/spark_interval_ingestion.py for tasks to queue
[2026-05-23T11:38:09.352+0000] {logging_mixin.py:190} INFO - [2026-05-23T11:38:09.352+0000] {dagbag.py:588} INFO - Filling up the DagBag from /opt/airflow/dags/spark_interval_ingestion.py
[2026-05-23T11:38:09.358+0000] {processor.py:925} INFO - DAG(s) 'fraud_pipeline_bronze_hourly' retrieved from /opt/airflow/dags/spark_interval_ingestion.py
[2026-05-23T11:38:09.377+0000] {logging_mixin.py:190} INFO - [2026-05-23T11:38:09.377+0000] {dag.py:3239} INFO - Sync 1 DAGs
[2026-05-23T11:38:09.387+0000] {logging_mixin.py:190} INFO - [2026-05-23T11:38:09.387+0000] {dag.py:4180} INFO - Setting next_dagrun for fraud_pipeline_bronze_hourly to 2026-05-23 11:35:00+00:00, run_after=2026-05-23 11:40:00+00:00
[2026-05-23T11:38:09.393+0000] {processor.py:208} INFO - Processing /opt/airflow/dags/spark_interval_ingestion.py took 0.046 seconds
[2026-05-23T11:38:39.635+0000] {processor.py:186} INFO - Started process (PID=5326) to work on /opt/airflow/dags/spark_interval_ingestion.py
[2026-05-23T11:38:39.636+0000] {processor.py:914} INFO - Processing file /opt/airflow/dags/spark_interval_ingestion.py for tasks to queue
[2026-05-23T11:38:39.638+0000] {logging_mixin.py:190} INFO - [2026-05-23T11:38:39.637+0000] {dagbag.py:588} INFO - Filling up the DagBag from /opt/airflow/dags/spark_interval_ingestion.py
[2026-05-23T11:38:39.653+0000] {processor.py:925} INFO - DAG(s) 'fraud_pipeline_bronze_hourly' retrieved from /opt/airflow/dags/spark_interval_ingestion.py
[2026-05-23T11:38:39.683+0000] {logging_mixin.py:190} INFO - [2026-05-23T11:38:39.682+0000] {dag.py:3239} INFO - Sync 1 DAGs
[2026-05-23T11:38:39.694+0000] {logging_mixin.py:190} INFO - [2026-05-23T11:38:39.694+0000] {dag.py:4180} INFO - Setting next_dagrun for fraud_pipeline_bronze_hourly to 2026-05-23 11:35:00+00:00, run_after=2026-05-23 11:40:00+00:00
[2026-05-23T11:38:39.701+0000] {processor.py:208} INFO - Processing /opt/airflow/dags/spark_interval_ingestion.py took 0.074 seconds
[2026-05-23T11:39:09.850+0000] {processor.py:186} INFO - Started process (PID=5331) to work on /opt/airflow/dags/spark_interval_ingestion.py
[2026-05-23T11:39:09.851+0000] {processor.py:914} INFO - Processing file /opt/airflow/dags/spark_interval_ingestion.py for tasks to queue
[2026-05-23T11:39:09.852+0000] {logging_mixin.py:190} INFO - [2026-05-23T11:39:09.852+0000] {dagbag.py:588} INFO - Filling up the DagBag from /opt/airflow/dags/spark_interval_ingestion.py
[2026-05-23T11:39:09.864+0000] {processor.py:925} INFO - DAG(s) 'fraud_pipeline_bronze_hourly' retrieved from /opt/airflow/dags/spark_interval_ingestion.py
[2026-05-23T11:39:09.903+0000] {logging_mixin.py:190} INFO - [2026-05-23T11:39:09.902+0000] {dag.py:3239} INFO - Sync 1 DAGs
[2026-05-23T11:39:09.932+0000] {logging_mixin.py:190} INFO - [2026-05-23T11:39:09.932+0000] {dag.py:4180} INFO - Setting next_dagrun for fraud_pipeline_bronze_hourly to 2026-05-23 11:35:00+00:00, run_after=2026-05-23 11:40:00+00:00
[2026-05-23T11:39:09.943+0000] {processor.py:208} INFO - Processing /opt/airflow/dags/spark_interval_ingestion.py took 0.099 seconds
[2026-05-23T11:39:40.074+0000] {processor.py:186} INFO - Started process (PID=5336) to work on /opt/airflow/dags/spark_interval_ingestion.py
[2026-05-23T11:39:40.075+0000] {processor.py:914} INFO - Processing file /opt/airflow/dags/spark_interval_ingestion.py for tasks to queue
[2026-05-23T11:39:40.077+0000] {logging_mixin.py:190} INFO - [2026-05-23T11:39:40.076+0000] {dagbag.py:588} INFO - Filling up the DagBag from /opt/airflow/dags/spark_interval_ingestion.py
[2026-05-23T11:39:40.093+0000] {processor.py:925} INFO - DAG(s) 'fraud_pipeline_bronze_hourly' retrieved from /opt/airflow/dags/spark_interval_ingestion.py
[2026-05-23T11:39:40.134+0000] {logging_mixin.py:190} INFO - [2026-05-23T11:39:40.133+0000] {dag.py:3239} INFO - Sync 1 DAGs
[2026-05-23T11:39:40.148+0000] {logging_mixin.py:190} INFO - [2026-05-23T11:39:40.147+0000] {dag.py:4180} INFO - Setting next_dagrun for fraud_pipeline_bronze_hourly to 2026-05-23 11:35:00+00:00, run_after=2026-05-23 11:40:00+00:00
[2026-05-23T11:39:40.154+0000] {processor.py:208} INFO - Processing /opt/airflow/dags/spark_interval_ingestion.py took 0.088 seconds
[2026-05-23T11:40:10.344+0000] {processor.py:186} INFO - Started process (PID=5668) to work on /opt/airflow/dags/spark_interval_ingestion.py
[2026-05-23T11:40:10.345+0000] {processor.py:914} INFO - Processing file /opt/airflow/dags/spark_interval_ingestion.py for tasks to queue
[2026-05-23T11:40:10.346+0000] {logging_mixin.py:190} INFO - [2026-05-23T11:40:10.346+0000] {dagbag.py:588} INFO - Filling up the DagBag from /opt/airflow/dags/spark_interval_ingestion.py
[2026-05-23T11:40:10.356+0000] {processor.py:925} INFO - DAG(s) 'fraud_pipeline_bronze_hourly' retrieved from /opt/airflow/dags/spark_interval_ingestion.py
[2026-05-23T11:40:10.382+0000] {logging_mixin.py:190} INFO - [2026-05-23T11:40:10.382+0000] {dag.py:3239} INFO - Sync 1 DAGs
[2026-05-23T11:40:10.395+0000] {logging_mixin.py:190} INFO - [2026-05-23T11:40:10.395+0000] {dag.py:4180} INFO - Setting next_dagrun for fraud_pipeline_bronze_hourly to 2026-05-23 11:40:00+00:00, run_after=2026-05-23 11:45:00+00:00
[2026-05-23T11:40:10.411+0000] {processor.py:208} INFO - Processing /opt/airflow/dags/spark_interval_ingestion.py took 0.071 seconds
[2026-05-23T11:40:40.555+0000] {processor.py:186} INFO - Started process (PID=5673) to work on /opt/airflow/dags/spark_interval_ingestion.py
[2026-05-23T11:40:40.556+0000] {processor.py:914} INFO - Processing file /opt/airflow/dags/spark_interval_ingestion.py for tasks to queue
[2026-05-23T11:40:40.557+0000] {logging_mixin.py:190} INFO - [2026-05-23T11:40:40.556+0000] {dagbag.py:588} INFO - Filling up the DagBag from /opt/airflow/dags/spark_interval_ingestion.py
[2026-05-23T11:40:40.569+0000] {processor.py:925} INFO - DAG(s) 'fraud_pipeline_bronze_hourly' retrieved from /opt/airflow/dags/spark_interval_ingestion.py
[2026-05-23T11:40:40.621+0000] {logging_mixin.py:190} INFO - [2026-05-23T11:40:40.621+0000] {dag.py:3239} INFO - Sync 1 DAGs
[2026-05-23T11:40:40.636+0000] {logging_mixin.py:190} INFO - [2026-05-23T11:40:40.636+0000] {dag.py:4180} INFO - Setting next_dagrun for fraud_pipeline_bronze_hourly to 2026-05-23 11:40:00+00:00, run_after=2026-05-23 11:45:00+00:00
[2026-05-23T11:40:40.644+0000] {processor.py:208} INFO - Processing /opt/airflow/dags/spark_interval_ingestion.py took 0.097 seconds
[2026-05-23T11:41:10.762+0000] {processor.py:186} INFO - Started process (PID=5678) to work on /opt/airflow/dags/spark_interval_ingestion.py
[2026-05-23T11:41:10.762+0000] {processor.py:914} INFO - Processing file /opt/airflow/dags/spark_interval_ingestion.py for tasks to queue
[2026-05-23T11:41:10.763+0000] {logging_mixin.py:190} INFO - [2026-05-23T11:41:10.762+0000] {dagbag.py:588} INFO - Filling up the DagBag from /opt/airflow/dags/spark_interval_ingestion.py
[2026-05-23T11:41:10.775+0000] {processor.py:925} INFO - DAG(s) 'fraud_pipeline_bronze_hourly' retrieved from /opt/airflow/dags/spark_interval_ingestion.py
[2026-05-23T11:41:10.811+0000] {logging_mixin.py:190} INFO - [2026-05-23T11:41:10.811+0000] {dag.py:3239} INFO - Sync 1 DAGs
[2026-05-23T11:41:10.832+0000] {logging_mixin.py:190} INFO - [2026-05-23T11:41:10.832+0000] {dag.py:4180} INFO - Setting next_dagrun for fraud_pipeline_bronze_hourly to 2026-05-23 11:40:00+00:00, run_after=2026-05-23 11:45:00+00:00
[2026-05-23T11:41:10.842+0000] {processor.py:208} INFO - Processing /opt/airflow/dags/spark_interval_ingestion.py took 0.084 seconds
[2026-05-23T11:41:41.017+0000] {processor.py:186} INFO - Started process (PID=5683) to work on /opt/airflow/dags/spark_interval_ingestion.py
[2026-05-23T11:41:41.017+0000] {processor.py:914} INFO - Processing file /opt/airflow/dags/spark_interval_ingestion.py for tasks to queue
[2026-05-23T11:41:41.018+0000] {logging_mixin.py:190} INFO - [2026-05-23T11:41:41.018+0000] {dagbag.py:588} INFO - Filling up the DagBag from /opt/airflow/dags/spark_interval_ingestion.py
[2026-05-23T11:41:41.025+0000] {processor.py:925} INFO - DAG(s) 'fraud_pipeline_bronze_hourly' retrieved from /opt/airflow/dags/spark_interval_ingestion.py
[2026-05-23T11:41:41.051+0000] {logging_mixin.py:190} INFO - [2026-05-23T11:41:41.051+0000] {dag.py:3239} INFO - Sync 1 DAGs
[2026-05-23T11:41:41.063+0000] {logging_mixin.py:190} INFO - [2026-05-23T11:41:41.063+0000] {dag.py:4180} INFO - Setting next_dagrun for fraud_pipeline_bronze_hourly to 2026-05-23 11:40:00+00:00, run_after=2026-05-23 11:45:00+00:00
[2026-05-23T11:41:41.070+0000] {processor.py:208} INFO - Processing /opt/airflow/dags/spark_interval_ingestion.py took 0.059 seconds
[2026-05-23T11:42:11.272+0000] {processor.py:186} INFO - Started process (PID=5688) to work on /opt/airflow/dags/spark_interval_ingestion.py
[2026-05-23T11:42:11.273+0000] {processor.py:914} INFO - Processing file /opt/airflow/dags/spark_interval_ingestion.py for tasks to queue
[2026-05-23T11:42:11.274+0000] {logging_mixin.py:190} INFO - [2026-05-23T11:42:11.274+0000] {dagbag.py:588} INFO - Filling up the DagBag from /opt/airflow/dags/spark_interval_ingestion.py
[2026-05-23T11:42:11.291+0000] {processor.py:925} INFO - DAG(s) 'fraud_pipeline_bronze_hourly' retrieved from /opt/airflow/dags/spark_interval_ingestion.py
[2026-05-23T11:42:11.320+0000] {logging_mixin.py:190} INFO - [2026-05-23T11:42:11.320+0000] {dag.py:3239} INFO - Sync 1 DAGs
[2026-05-23T11:42:11.331+0000] {logging_mixin.py:190} INFO - [2026-05-23T11:42:11.331+0000] {dag.py:4180} INFO - Setting next_dagrun for fraud_pipeline_bronze_hourly to 2026-05-23 11:40:00+00:00, run_after=2026-05-23 11:45:00+00:00
[2026-05-23T11:42:11.338+0000] {processor.py:208} INFO - Processing /opt/airflow/dags/spark_interval_ingestion.py took 0.072 seconds
[2026-05-23T11:42:41.478+0000] {processor.py:186} INFO - Started process (PID=5693) to work on /opt/airflow/dags/spark_interval_ingestion.py
[2026-05-23T11:42:41.479+0000] {processor.py:914} INFO - Processing file /opt/airflow/dags/spark_interval_ingestion.py for tasks to queue
[2026-05-23T11:42:41.480+0000] {logging_mixin.py:190} INFO - [2026-05-23T11:42:41.480+0000] {dagbag.py:588} INFO - Filling up the DagBag from /opt/airflow/dags/spark_interval_ingestion.py
[2026-05-23T11:42:41.498+0000] {processor.py:925} INFO - DAG(s) 'fraud_pipeline_bronze_hourly' retrieved from /opt/airflow/dags/spark_interval_ingestion.py
[2026-05-23T11:42:41.540+0000] {logging_mixin.py:190} INFO - [2026-05-23T11:42:41.540+0000] {dag.py:3239} INFO - Sync 1 DAGs
[2026-05-23T11:42:41.551+0000] {logging_mixin.py:190} INFO - [2026-05-23T11:42:41.551+0000] {dag.py:4180} INFO - Setting next_dagrun for fraud_pipeline_bronze_hourly to 2026-05-23 11:40:00+00:00, run_after=2026-05-23 11:45:00+00:00
[2026-05-23T11:42:41.557+0000] {processor.py:208} INFO - Processing /opt/airflow/dags/spark_interval_ingestion.py took 0.087 seconds
[2026-05-23T11:43:11.738+0000] {processor.py:186} INFO - Started process (PID=5698) to work on /opt/airflow/dags/spark_interval_ingestion.py
[2026-05-23T11:43:11.739+0000] {processor.py:914} INFO - Processing file /opt/airflow/dags/spark_interval_ingestion.py for tasks to queue
[2026-05-23T11:43:11.740+0000] {logging_mixin.py:190} INFO - [2026-05-23T11:43:11.739+0000] {dagbag.py:588} INFO - Filling up the DagBag from /opt/airflow/dags/spark_interval_ingestion.py
[2026-05-23T11:43:11.750+0000] {processor.py:925} INFO - DAG(s) 'fraud_pipeline_bronze_hourly' retrieved from /opt/airflow/dags/spark_interval_ingestion.py
[2026-05-23T11:43:11.772+0000] {logging_mixin.py:190} INFO - [2026-05-23T11:43:11.772+0000] {dag.py:3239} INFO - Sync 1 DAGs
[2026-05-23T11:43:11.783+0000] {logging_mixin.py:190} INFO - [2026-05-23T11:43:11.783+0000] {dag.py:4180} INFO - Setting next_dagrun for fraud_pipeline_bronze_hourly to 2026-05-23 11:40:00+00:00, run_after=2026-05-23 11:45:00+00:00
[2026-05-23T11:43:11.789+0000] {processor.py:208} INFO - Processing /opt/airflow/dags/spark_interval_ingestion.py took 0.057 seconds
[2026-05-23T11:43:41.941+0000] {processor.py:186} INFO - Started process (PID=5703) to work on /opt/airflow/dags/spark_interval_ingestion.py
[2026-05-23T11:43:41.941+0000] {processor.py:914} INFO - Processing file /opt/airflow/dags/spark_interval_ingestion.py for tasks to queue
[2026-05-23T11:43:41.943+0000] {logging_mixin.py:190} INFO - [2026-05-23T11:43:41.942+0000] {dagbag.py:588} INFO - Filling up the DagBag from /opt/airflow/dags/spark_interval_ingestion.py
[2026-05-23T11:43:41.957+0000] {processor.py:925} INFO - DAG(s) 'fraud_pipeline_bronze_hourly' retrieved from /opt/airflow/dags/spark_interval_ingestion.py
[2026-05-23T11:43:41.989+0000] {logging_mixin.py:190} INFO - [2026-05-23T11:43:41.988+0000] {dag.py:3239} INFO - Sync 1 DAGs
[2026-05-23T11:43:42.001+0000] {logging_mixin.py:190} INFO - [2026-05-23T11:43:42.001+0000] {dag.py:4180} INFO - Setting next_dagrun for fraud_pipeline_bronze_hourly to 2026-05-23 11:40:00+00:00, run_after=2026-05-23 11:45:00+00:00
[2026-05-23T11:43:42.007+0000] {processor.py:208} INFO - Processing /opt/airflow/dags/spark_interval_ingestion.py took 0.073 seconds
[2026-05-23T11:44:12.154+0000] {processor.py:186} INFO - Started process (PID=5708) to work on /opt/airflow/dags/spark_interval_ingestion.py
[2026-05-23T11:44:12.155+0000] {processor.py:914} INFO - Processing file /opt/airflow/dags/spark_interval_ingestion.py for tasks to queue
[2026-05-23T11:44:12.157+0000] {logging_mixin.py:190} INFO - [2026-05-23T11:44:12.157+0000] {dagbag.py:588} INFO - Filling up the DagBag from /opt/airflow/dags/spark_interval_ingestion.py
[2026-05-23T11:44:12.167+0000] {processor.py:925} INFO - DAG(s) 'fraud_pipeline_bronze_hourly' retrieved from /opt/airflow/dags/spark_interval_ingestion.py
[2026-05-23T11:44:12.191+0000] {logging_mixin.py:190} INFO - [2026-05-23T11:44:12.191+0000] {dag.py:3239} INFO - Sync 1 DAGs
[2026-05-23T11:44:12.201+0000] {logging_mixin.py:190} INFO - [2026-05-23T11:44:12.201+0000] {dag.py:4180} INFO - Setting next_dagrun for fraud_pipeline_bronze_hourly to 2026-05-23 11:40:00+00:00, run_after=2026-05-23 11:45:00+00:00
[2026-05-23T11:44:12.207+0000] {processor.py:208} INFO - Processing /opt/airflow/dags/spark_interval_ingestion.py took 0.058 seconds
[2026-05-23T11:44:42.374+0000] {processor.py:186} INFO - Started process (PID=5713) to work on /opt/airflow/dags/spark_interval_ingestion.py
[2026-05-23T11:44:42.375+0000] {processor.py:914} INFO - Processing file /opt/airflow/dags/spark_interval_ingestion.py for tasks to queue
[2026-05-23T11:44:42.377+0000] {logging_mixin.py:190} INFO - [2026-05-23T11:44:42.376+0000] {dagbag.py:588} INFO - Filling up the DagBag from /opt/airflow/dags/spark_interval_ingestion.py
[2026-05-23T11:44:42.417+0000] {processor.py:925} INFO - DAG(s) 'fraud_pipeline_bronze_hourly' retrieved from /opt/airflow/dags/spark_interval_ingestion.py
[2026-05-23T11:44:42.441+0000] {logging_mixin.py:190} INFO - [2026-05-23T11:44:42.441+0000] {dag.py:3239} INFO - Sync 1 DAGs
[2026-05-23T11:44:42.461+0000] {logging_mixin.py:190} INFO - [2026-05-23T11:44:42.461+0000] {dag.py:4180} INFO - Setting next_dagrun for fraud_pipeline_bronze_hourly to 2026-05-23 11:40:00+00:00, run_after=2026-05-23 11:45:00+00:00
[2026-05-23T11:44:42.470+0000] {processor.py:208} INFO - Processing /opt/airflow/dags/spark_interval_ingestion.py took 0.100 seconds
[2026-05-23T11:45:12.573+0000] {processor.py:186} INFO - Started process (PID=6045) to work on /opt/airflow/dags/spark_interval_ingestion.py
[2026-05-23T11:45:12.573+0000] {processor.py:914} INFO - Processing file /opt/airflow/dags/spark_interval_ingestion.py for tasks to queue
[2026-05-23T11:45:12.574+0000] {logging_mixin.py:190} INFO - [2026-05-23T11:45:12.574+0000] {dagbag.py:588} INFO - Filling up the DagBag from /opt/airflow/dags/spark_interval_ingestion.py
[2026-05-23T11:45:12.596+0000] {processor.py:925} INFO - DAG(s) 'fraud_pipeline_bronze_hourly' retrieved from /opt/airflow/dags/spark_interval_ingestion.py
[2026-05-23T11:45:12.614+0000] {logging_mixin.py:190} INFO - [2026-05-23T11:45:12.614+0000] {dag.py:3239} INFO - Sync 1 DAGs
[2026-05-23T11:45:12.628+0000] {logging_mixin.py:190} INFO - [2026-05-23T11:45:12.628+0000] {dag.py:4180} INFO - Setting next_dagrun for fraud_pipeline_bronze_hourly to 2026-05-23 11:45:00+00:00, run_after=2026-05-23 11:50:00+00:00
[2026-05-23T11:45:12.636+0000] {processor.py:208} INFO - Processing /opt/airflow/dags/spark_interval_ingestion.py took 0.069 seconds
[2026-05-23T11:45:42.815+0000] {processor.py:186} INFO - Started process (PID=6050) to work on /opt/airflow/dags/spark_interval_ingestion.py
[2026-05-23T11:45:42.816+0000] {processor.py:914} INFO - Processing file /opt/airflow/dags/spark_interval_ingestion.py for tasks to queue
[2026-05-23T11:45:42.817+0000] {logging_mixin.py:190} INFO - [2026-05-23T11:45:42.816+0000] {dagbag.py:588} INFO - Filling up the DagBag from /opt/airflow/dags/spark_interval_ingestion.py
[2026-05-23T11:45:42.846+0000] {processor.py:925} INFO - DAG(s) 'fraud_pipeline_bronze_hourly' retrieved from /opt/airflow/dags/spark_interval_ingestion.py
[2026-05-23T11:45:42.865+0000] {logging_mixin.py:190} INFO - [2026-05-23T11:45:42.865+0000] {dag.py:3239} INFO - Sync 1 DAGs
[2026-05-23T11:45:42.879+0000] {logging_mixin.py:190} INFO - [2026-05-23T11:45:42.879+0000] {dag.py:4180} INFO - Setting next_dagrun for fraud_pipeline_bronze_hourly to 2026-05-23 11:45:00+00:00, run_after=2026-05-23 11:50:00+00:00
[2026-05-23T11:45:42.886+0000] {processor.py:208} INFO - Processing /opt/airflow/dags/spark_interval_ingestion.py took 0.075 seconds
[2026-05-23T11:46:13.057+0000] {processor.py:186} INFO - Started process (PID=6055) to work on /opt/airflow/dags/spark_interval_ingestion.py
[2026-05-23T11:46:13.058+0000] {processor.py:914} INFO - Processing file /opt/airflow/dags/spark_interval_ingestion.py for tasks to queue
[2026-05-23T11:46:13.060+0000] {logging_mixin.py:190} INFO - [2026-05-23T11:46:13.059+0000] {dagbag.py:588} INFO - Filling up the DagBag from /opt/airflow/dags/spark_interval_ingestion.py
[2026-05-23T11:46:13.098+0000] {processor.py:925} INFO - DAG(s) 'fraud_pipeline_bronze_hourly' retrieved from /opt/airflow/dags/spark_interval_ingestion.py
[2026-05-23T11:46:13.128+0000] {logging_mixin.py:190} INFO - [2026-05-23T11:46:13.128+0000] {dag.py:3239} INFO - Sync 1 DAGs
[2026-05-23T11:46:13.147+0000] {logging_mixin.py:190} INFO - [2026-05-23T11:46:13.147+0000] {dag.py:4180} INFO - Setting next_dagrun for fraud_pipeline_bronze_hourly to 2026-05-23 11:45:00+00:00, run_after=2026-05-23 11:50:00+00:00
[2026-05-23T11:46:13.157+0000] {processor.py:208} INFO - Processing /opt/airflow/dags/spark_interval_ingestion.py took 0.111 seconds
[2026-05-23T11:46:43.308+0000] {processor.py:186} INFO - Started process (PID=6060) to work on /opt/airflow/dags/spark_interval_ingestion.py
[2026-05-23T11:46:43.309+0000] {processor.py:914} INFO - Processing file /opt/airflow/dags/spark_interval_ingestion.py for tasks to queue
[2026-05-23T11:46:43.310+0000] {logging_mixin.py:190} INFO - [2026-05-23T11:46:43.310+0000] {dagbag.py:588} INFO - Filling up the DagBag from /opt/airflow/dags/spark_interval_ingestion.py
[2026-05-23T11:46:43.343+0000] {processor.py:925} INFO - DAG(s) 'fraud_pipeline_bronze_hourly' retrieved from /opt/airflow/dags/spark_interval_ingestion.py
[2026-05-23T11:46:43.361+0000] {logging_mixin.py:190} INFO - [2026-05-23T11:46:43.361+0000] {dag.py:3239} INFO - Sync 1 DAGs
[2026-05-23T11:46:43.375+0000] {logging_mixin.py:190} INFO - [2026-05-23T11:46:43.375+0000] {dag.py:4180} INFO - Setting next_dagrun for fraud_pipeline_bronze_hourly to 2026-05-23 11:45:00+00:00, run_after=2026-05-23 11:50:00+00:00
[2026-05-23T11:46:43.381+0000] {processor.py:208} INFO - Processing /opt/airflow/dags/spark_interval_ingestion.py took 0.085 seconds
[2026-05-23T11:47:13.573+0000] {processor.py:186} INFO - Started process (PID=6065) to work on /opt/airflow/dags/spark_interval_ingestion.py
[2026-05-23T11:47:13.573+0000] {processor.py:914} INFO - Processing file /opt/airflow/dags/spark_interval_ingestion.py for tasks to queue
[2026-05-23T11:47:13.574+0000] {logging_mixin.py:190} INFO - [2026-05-23T11:47:13.574+0000] {dagbag.py:588} INFO - Filling up the DagBag from /opt/airflow/dags/spark_interval_ingestion.py
[2026-05-23T11:47:13.583+0000] {processor.py:925} INFO - DAG(s) 'fraud_pipeline_bronze_hourly' retrieved from /opt/airflow/dags/spark_interval_ingestion.py
[2026-05-23T11:47:13.595+0000] {logging_mixin.py:190} INFO - [2026-05-23T11:47:13.595+0000] {dag.py:3239} INFO - Sync 1 DAGs
[2026-05-23T11:47:13.604+0000] {logging_mixin.py:190} INFO - [2026-05-23T11:47:13.604+0000] {dag.py:4180} INFO - Setting next_dagrun for fraud_pipeline_bronze_hourly to 2026-05-23 11:45:00+00:00, run_after=2026-05-23 11:50:00+00:00
[2026-05-23T11:47:13.610+0000] {processor.py:208} INFO - Processing /opt/airflow/dags/spark_interval_ingestion.py took 0.041 seconds
[2026-05-23T11:47:43.802+0000] {processor.py:186} INFO - Started process (PID=6070) to work on /opt/airflow/dags/spark_interval_ingestion.py
[2026-05-23T11:47:43.803+0000] {processor.py:914} INFO - Processing file /opt/airflow/dags/spark_interval_ingestion.py for tasks to queue
[2026-05-23T11:47:43.804+0000] {logging_mixin.py:190} INFO - [2026-05-23T11:47:43.804+0000] {dagbag.py:588} INFO - Filling up the DagBag from /opt/airflow/dags/spark_interval_ingestion.py
[2026-05-23T11:47:43.823+0000] {processor.py:925} INFO - DAG(s) 'fraud_pipeline_bronze_hourly' retrieved from /opt/airflow/dags/spark_interval_ingestion.py
[2026-05-23T11:47:43.841+0000] {logging_mixin.py:190} INFO - [2026-05-23T11:47:43.841+0000] {dag.py:3239} INFO - Sync 1 DAGs
[2026-05-23T11:47:43.851+0000] {logging_mixin.py:190} INFO - [2026-05-23T11:47:43.851+0000] {dag.py:4180} INFO - Setting next_dagrun for fraud_pipeline_bronze_hourly to 2026-05-23 11:45:00+00:00, run_after=2026-05-23 11:50:00+00:00
[2026-05-23T11:47:43.856+0000] {processor.py:208} INFO - Processing /opt/airflow/dags/spark_interval_ingestion.py took 0.061 seconds
[2026-05-23T11:48:14.015+0000] {processor.py:186} INFO - Started process (PID=6075) to work on /opt/airflow/dags/spark_interval_ingestion.py
[2026-05-23T11:48:14.016+0000] {processor.py:914} INFO - Processing file /opt/airflow/dags/spark_interval_ingestion.py for tasks to queue
[2026-05-23T11:48:14.018+0000] {logging_mixin.py:190} INFO - [2026-05-23T11:48:14.017+0000] {dagbag.py:588} INFO - Filling up the DagBag from /opt/airflow/dags/spark_interval_ingestion.py
[2026-05-23T11:48:14.048+0000] {processor.py:925} INFO - DAG(s) 'fraud_pipeline_bronze_hourly' retrieved from /opt/airflow/dags/spark_interval_ingestion.py
[2026-05-23T11:48:14.068+0000] {logging_mixin.py:190} INFO - [2026-05-23T11:48:14.067+0000] {dag.py:3239} INFO - Sync 1 DAGs
[2026-05-23T11:48:14.086+0000] {logging_mixin.py:190} INFO - [2026-05-23T11:48:14.086+0000] {dag.py:4180} INFO - Setting next_dagrun for fraud_pipeline_bronze_hourly to 2026-05-23 11:45:00+00:00, run_after=2026-05-23 11:50:00+00:00
[2026-05-23T11:48:14.094+0000] {processor.py:208} INFO - Processing /opt/airflow/dags/spark_interval_ingestion.py took 0.084 seconds
[2026-05-23T11:48:44.218+0000] {processor.py:186} INFO - Started process (PID=6080) to work on /opt/airflow/dags/spark_interval_ingestion.py
[2026-05-23T11:48:44.218+0000] {processor.py:914} INFO - Processing file /opt/airflow/dags/spark_interval_ingestion.py for tasks to queue
[2026-05-23T11:48:44.220+0000] {logging_mixin.py:190} INFO - [2026-05-23T11:48:44.219+0000] {dagbag.py:588} INFO - Filling up the DagBag from /opt/airflow/dags/spark_interval_ingestion.py
[2026-05-23T11:48:44.234+0000] {processor.py:925} INFO - DAG(s) 'fraud_pipeline_bronze_hourly' retrieved from /opt/airflow/dags/spark_interval_ingestion.py
[2026-05-23T11:48:44.251+0000] {logging_mixin.py:190} INFO - [2026-05-23T11:48:44.251+0000] {dag.py:3239} INFO - Sync 1 DAGs
[2026-05-23T11:48:44.263+0000] {logging_mixin.py:190} INFO - [2026-05-23T11:48:44.262+0000] {dag.py:4180} INFO - Setting next_dagrun for fraud_pipeline_bronze_hourly to 2026-05-23 11:45:00+00:00, run_after=2026-05-23 11:50:00+00:00
[2026-05-23T11:48:44.269+0000] {processor.py:208} INFO - Processing /opt/airflow/dags/spark_interval_ingestion.py took 0.057 seconds
[2026-05-23T11:49:14.499+0000] {processor.py:186} INFO - Started process (PID=6085) to work on /opt/airflow/dags/spark_interval_ingestion.py
[2026-05-23T11:49:14.500+0000] {processor.py:914} INFO - Processing file /opt/airflow/dags/spark_interval_ingestion.py for tasks to queue
[2026-05-23T11:49:14.503+0000] {logging_mixin.py:190} INFO - [2026-05-23T11:49:14.501+0000] {dagbag.py:588} INFO - Filling up the DagBag from /opt/airflow/dags/spark_interval_ingestion.py
[2026-05-23T11:49:14.535+0000] {processor.py:925} INFO - DAG(s) 'fraud_pipeline_bronze_hourly' retrieved from /opt/airflow/dags/spark_interval_ingestion.py
[2026-05-23T11:49:14.553+0000] {logging_mixin.py:190} INFO - [2026-05-23T11:49:14.553+0000] {dag.py:3239} INFO - Sync 1 DAGs
[2026-05-23T11:49:14.570+0000] {logging_mixin.py:190} INFO - [2026-05-23T11:49:14.570+0000] {dag.py:4180} INFO - Setting next_dagrun for fraud_pipeline_bronze_hourly to 2026-05-23 11:45:00+00:00, run_after=2026-05-23 11:50:00+00:00
[2026-05-23T11:49:14.576+0000] {processor.py:208} INFO - Processing /opt/airflow/dags/spark_interval_ingestion.py took 0.083 seconds
[2026-05-23T11:49:44.706+0000] {processor.py:186} INFO - Started process (PID=6090) to work on /opt/airflow/dags/spark_interval_ingestion.py
[2026-05-23T11:49:44.707+0000] {processor.py:914} INFO - Processing file /opt/airflow/dags/spark_interval_ingestion.py for tasks to queue
[2026-05-23T11:49:44.708+0000] {logging_mixin.py:190} INFO - [2026-05-23T11:49:44.707+0000] {dagbag.py:588} INFO - Filling up the DagBag from /opt/airflow/dags/spark_interval_ingestion.py
[2026-05-23T11:49:44.734+0000] {processor.py:925} INFO - DAG(s) 'fraud_pipeline_bronze_hourly' retrieved from /opt/airflow/dags/spark_interval_ingestion.py
[2026-05-23T11:49:44.753+0000] {logging_mixin.py:190} INFO - [2026-05-23T11:49:44.753+0000] {dag.py:3239} INFO - Sync 1 DAGs
[2026-05-23T11:49:44.765+0000] {logging_mixin.py:190} INFO - [2026-05-23T11:49:44.765+0000] {dag.py:4180} INFO - Setting next_dagrun for fraud_pipeline_bronze_hourly to 2026-05-23 11:45:00+00:00, run_after=2026-05-23 11:50:00+00:00
[2026-05-23T11:49:44.772+0000] {processor.py:208} INFO - Processing /opt/airflow/dags/spark_interval_ingestion.py took 0.071 seconds
[2026-05-23T11:50:14.946+0000] {processor.py:186} INFO - Started process (PID=6424) to work on /opt/airflow/dags/spark_interval_ingestion.py
[2026-05-23T11:50:14.946+0000] {processor.py:914} INFO - Processing file /opt/airflow/dags/spark_interval_ingestion.py for tasks to queue
[2026-05-23T11:50:14.948+0000] {logging_mixin.py:190} INFO - [2026-05-23T11:50:14.947+0000] {dagbag.py:588} INFO - Filling up the DagBag from /opt/airflow/dags/spark_interval_ingestion.py
[2026-05-23T11:50:14.957+0000] {processor.py:925} INFO - DAG(s) 'fraud_pipeline_bronze_hourly' retrieved from /opt/airflow/dags/spark_interval_ingestion.py
[2026-05-23T11:50:14.971+0000] {logging_mixin.py:190} INFO - [2026-05-23T11:50:14.971+0000] {dag.py:3239} INFO - Sync 1 DAGs
[2026-05-23T11:50:14.981+0000] {logging_mixin.py:190} INFO - [2026-05-23T11:50:14.981+0000] {dag.py:4180} INFO - Setting next_dagrun for fraud_pipeline_bronze_hourly to 2026-05-23 11:50:00+00:00, run_after=2026-05-23 11:55:00+00:00
[2026-05-23T11:50:14.987+0000] {processor.py:208} INFO - Processing /opt/airflow/dags/spark_interval_ingestion.py took 0.046 seconds
[2026-05-23T11:50:45.147+0000] {processor.py:186} INFO - Started process (PID=6429) to work on /opt/airflow/dags/spark_interval_ingestion.py
[2026-05-23T11:50:45.148+0000] {processor.py:914} INFO - Processing file /opt/airflow/dags/spark_interval_ingestion.py for tasks to queue
[2026-05-23T11:50:45.149+0000] {logging_mixin.py:190} INFO - [2026-05-23T11:50:45.148+0000] {dagbag.py:588} INFO - Filling up the DagBag from /opt/airflow/dags/spark_interval_ingestion.py
[2026-05-23T11:50:45.182+0000] {processor.py:925} INFO - DAG(s) 'fraud_pipeline_bronze_hourly' retrieved from /opt/airflow/dags/spark_interval_ingestion.py
[2026-05-23T11:50:45.199+0000] {logging_mixin.py:190} INFO - [2026-05-23T11:50:45.199+0000] {dag.py:3239} INFO - Sync 1 DAGs
[2026-05-23T11:50:45.219+0000] {logging_mixin.py:190} INFO - [2026-05-23T11:50:45.219+0000] {dag.py:4180} INFO - Setting next_dagrun for fraud_pipeline_bronze_hourly to 2026-05-23 11:50:00+00:00, run_after=2026-05-23 11:55:00+00:00
[2026-05-23T11:50:45.229+0000] {processor.py:208} INFO - Processing /opt/airflow/dags/spark_interval_ingestion.py took 0.087 seconds
[2026-05-23T11:51:15.372+0000] {processor.py:186} INFO - Started process (PID=6434) to work on /opt/airflow/dags/spark_interval_ingestion.py
[2026-05-23T11:51:15.372+0000] {processor.py:914} INFO - Processing file /opt/airflow/dags/spark_interval_ingestion.py for tasks to queue
[2026-05-23T11:51:15.373+0000] {logging_mixin.py:190} INFO - [2026-05-23T11:51:15.373+0000] {dagbag.py:588} INFO - Filling up the DagBag from /opt/airflow/dags/spark_interval_ingestion.py
[2026-05-23T11:51:15.398+0000] {processor.py:925} INFO - DAG(s) 'fraud_pipeline_bronze_hourly' retrieved from /opt/airflow/dags/spark_interval_ingestion.py
[2026-05-23T11:51:15.420+0000] {logging_mixin.py:190} INFO - [2026-05-23T11:51:15.420+0000] {dag.py:3239} INFO - Sync 1 DAGs
[2026-05-23T11:51:15.432+0000] {logging_mixin.py:190} INFO - [2026-05-23T11:51:15.432+0000] {dag.py:4180} INFO - Setting next_dagrun for fraud_pipeline_bronze_hourly to 2026-05-23 11:50:00+00:00, run_after=2026-05-23 11:55:00+00:00
[2026-05-23T11:51:15.440+0000] {processor.py:208} INFO - Processing /opt/airflow/dags/spark_interval_ingestion.py took 0.073 seconds
[2026-05-23T11:51:45.606+0000] {processor.py:186} INFO - Started process (PID=6439) to work on /opt/airflow/dags/spark_interval_ingestion.py
[2026-05-23T11:51:45.608+0000] {processor.py:914} INFO - Processing file /opt/airflow/dags/spark_interval_ingestion.py for tasks to queue
[2026-05-23T11:51:45.609+0000] {logging_mixin.py:190} INFO - [2026-05-23T11:51:45.609+0000] {dagbag.py:588} INFO - Filling up the DagBag from /opt/airflow/dags/spark_interval_ingestion.py
[2026-05-23T11:51:45.623+0000] {processor.py:925} INFO - DAG(s) 'fraud_pipeline_bronze_hourly' retrieved from /opt/airflow/dags/spark_interval_ingestion.py
[2026-05-23T11:51:45.639+0000] {logging_mixin.py:190} INFO - [2026-05-23T11:51:45.639+0000] {dag.py:3239} INFO - Sync 1 DAGs
[2026-05-23T11:51:45.651+0000] {logging_mixin.py:190} INFO - [2026-05-23T11:51:45.651+0000] {dag.py:4180} INFO - Setting next_dagrun for fraud_pipeline_bronze_hourly to 2026-05-23 11:50:00+00:00, run_after=2026-05-23 11:55:00+00:00
[2026-05-23T11:51:45.658+0000] {processor.py:208} INFO - Processing /opt/airflow/dags/spark_interval_ingestion.py took 0.056 seconds
[2026-05-23T11:52:15.834+0000] {processor.py:186} INFO - Started process (PID=6444) to work on /opt/airflow/dags/spark_interval_ingestion.py
[2026-05-23T11:52:15.835+0000] {processor.py:914} INFO - Processing file /opt/airflow/dags/spark_interval_ingestion.py for tasks to queue
[2026-05-23T11:52:15.836+0000] {logging_mixin.py:190} INFO - [2026-05-23T11:52:15.835+0000] {dagbag.py:588} INFO - Filling up the DagBag from /opt/airflow/dags/spark_interval_ingestion.py
[2026-05-23T11:52:15.858+0000] {processor.py:925} INFO - DAG(s) 'fraud_pipeline_bronze_hourly' retrieved from /opt/airflow/dags/spark_interval_ingestion.py
[2026-05-23T11:52:15.874+0000] {logging_mixin.py:190} INFO - [2026-05-23T11:52:15.874+0000] {dag.py:3239} INFO - Sync 1 DAGs
[2026-05-23T11:52:15.885+0000] {logging_mixin.py:190} INFO - [2026-05-23T11:52:15.884+0000] {dag.py:4180} INFO - Setting next_dagrun for fraud_pipeline_bronze_hourly to 2026-05-23 11:50:00+00:00, run_after=2026-05-23 11:55:00+00:00
[2026-05-23T11:52:15.891+0000] {processor.py:208} INFO - Processing /opt/airflow/dags/spark_interval_ingestion.py took 0.062 seconds
[2026-05-23T11:52:46.052+0000] {processor.py:186} INFO - Started process (PID=6449) to work on /opt/airflow/dags/spark_interval_ingestion.py
[2026-05-23T11:52:46.052+0000] {processor.py:914} INFO - Processing file /opt/airflow/dags/spark_interval_ingestion.py for tasks to queue
[2026-05-23T11:52:46.053+0000] {logging_mixin.py:190} INFO - [2026-05-23T11:52:46.053+0000] {dagbag.py:588} INFO - Filling up the DagBag from /opt/airflow/dags/spark_interval_ingestion.py
[2026-05-23T11:52:46.083+0000] {processor.py:925} INFO - DAG(s) 'fraud_pipeline_bronze_hourly' retrieved from /opt/airflow/dags/spark_interval_ingestion.py
[2026-05-23T11:52:46.104+0000] {logging_mixin.py:190} INFO - [2026-05-23T11:52:46.104+0000] {dag.py:3239} INFO - Sync 1 DAGs
[2026-05-23T11:52:46.120+0000] {logging_mixin.py:190} INFO - [2026-05-23T11:52:46.120+0000] {dag.py:4180} INFO - Setting next_dagrun for fraud_pipeline_bronze_hourly to 2026-05-23 11:50:00+00:00, run_after=2026-05-23 11:55:00+00:00
[2026-05-23T11:52:46.130+0000] {processor.py:208} INFO - Processing /opt/airflow/dags/spark_interval_ingestion.py took 0.084 seconds
[2026-05-23T11:53:16.277+0000] {processor.py:186} INFO - Started process (PID=6454) to work on /opt/airflow/dags/spark_interval_ingestion.py
[2026-05-23T11:53:16.278+0000] {processor.py:914} INFO - Processing file /opt/airflow/dags/spark_interval_ingestion.py for tasks to queue
[2026-05-23T11:53:16.279+0000] {logging_mixin.py:190} INFO - [2026-05-23T11:53:16.279+0000] {dagbag.py:588} INFO - Filling up the DagBag from /opt/airflow/dags/spark_interval_ingestion.py
[2026-05-23T11:53:16.290+0000] {processor.py:925} INFO - DAG(s) 'fraud_pipeline_bronze_hourly' retrieved from /opt/airflow/dags/spark_interval_ingestion.py
[2026-05-23T11:53:16.306+0000] {logging_mixin.py:190} INFO - [2026-05-23T11:53:16.306+0000] {dag.py:3239} INFO - Sync 1 DAGs
[2026-05-23T11:53:16.319+0000] {logging_mixin.py:190} INFO - [2026-05-23T11:53:16.319+0000] {dag.py:4180} INFO - Setting next_dagrun for fraud_pipeline_bronze_hourly to 2026-05-23 11:50:00+00:00, run_after=2026-05-23 11:55:00+00:00
[2026-05-23T11:53:16.326+0000] {processor.py:208} INFO - Processing /opt/airflow/dags/spark_interval_ingestion.py took 0.054 seconds
[2026-05-23T11:53:46.540+0000] {processor.py:186} INFO - Started process (PID=6459) to work on /opt/airflow/dags/spark_interval_ingestion.py
[2026-05-23T11:53:46.541+0000] {processor.py:914} INFO - Processing file /opt/airflow/dags/spark_interval_ingestion.py for tasks to queue
[2026-05-23T11:53:46.542+0000] {logging_mixin.py:190} INFO - [2026-05-23T11:53:46.542+0000] {dagbag.py:588} INFO - Filling up the DagBag from /opt/airflow/dags/spark_interval_ingestion.py
[2026-05-23T11:53:46.553+0000] {processor.py:925} INFO - DAG(s) 'fraud_pipeline_bronze_hourly' retrieved from /opt/airflow/dags/spark_interval_ingestion.py
[2026-05-23T11:53:46.568+0000] {logging_mixin.py:190} INFO - [2026-05-23T11:53:46.568+0000] {dag.py:3239} INFO - Sync 1 DAGs
[2026-05-23T11:53:46.579+0000] {logging_mixin.py:190} INFO - [2026-05-23T11:53:46.578+0000] {dag.py:4180} INFO - Setting next_dagrun for fraud_pipeline_bronze_hourly to 2026-05-23 11:50:00+00:00, run_after=2026-05-23 11:55:00+00:00
[2026-05-23T11:53:46.585+0000] {processor.py:208} INFO - Processing /opt/airflow/dags/spark_interval_ingestion.py took 0.050 seconds
[2026-05-23T11:54:16.777+0000] {processor.py:186} INFO - Started process (PID=6464) to work on /opt/airflow/dags/spark_interval_ingestion.py
[2026-05-23T11:54:16.778+0000] {processor.py:914} INFO - Processing file /opt/airflow/dags/spark_interval_ingestion.py for tasks to queue
[2026-05-23T11:54:16.778+0000] {logging_mixin.py:190} INFO - [2026-05-23T11:54:16.778+0000] {dagbag.py:588} INFO - Filling up the DagBag from /opt/airflow/dags/spark_interval_ingestion.py
[2026-05-23T11:54:16.785+0000] {processor.py:925} INFO - DAG(s) 'fraud_pipeline_bronze_hourly' retrieved from /opt/airflow/dags/spark_interval_ingestion.py
[2026-05-23T11:54:16.800+0000] {logging_mixin.py:190} INFO - [2026-05-23T11:54:16.800+0000] {dag.py:3239} INFO - Sync 1 DAGs
[2026-05-23T11:54:16.811+0000] {logging_mixin.py:190} INFO - [2026-05-23T11:54:16.811+0000] {dag.py:4180} INFO - Setting next_dagrun for fraud_pipeline_bronze_hourly to 2026-05-23 11:50:00+00:00, run_after=2026-05-23 11:55:00+00:00
[2026-05-23T11:54:16.818+0000] {processor.py:208} INFO - Processing /opt/airflow/dags/spark_interval_ingestion.py took 0.044 seconds
[2026-05-23T11:54:46.969+0000] {processor.py:186} INFO - Started process (PID=6469) to work on /opt/airflow/dags/spark_interval_ingestion.py
[2026-05-23T11:54:46.969+0000] {processor.py:914} INFO - Processing file /opt/airflow/dags/spark_interval_ingestion.py for tasks to queue
[2026-05-23T11:54:46.971+0000] {logging_mixin.py:190} INFO - [2026-05-23T11:54:46.970+0000] {dagbag.py:588} INFO - Filling up the DagBag from /opt/airflow/dags/spark_interval_ingestion.py
[2026-05-23T11:54:46.982+0000] {processor.py:925} INFO - DAG(s) 'fraud_pipeline_bronze_hourly' retrieved from /opt/airflow/dags/spark_interval_ingestion.py
[2026-05-23T11:54:47.005+0000] {logging_mixin.py:190} INFO - [2026-05-23T11:54:47.005+0000] {dag.py:3239} INFO - Sync 1 DAGs
[2026-05-23T11:54:47.019+0000] {logging_mixin.py:190} INFO - [2026-05-23T11:54:47.019+0000] {dag.py:4180} INFO - Setting next_dagrun for fraud_pipeline_bronze_hourly to 2026-05-23 11:50:00+00:00, run_after=2026-05-23 11:55:00+00:00
[2026-05-23T11:54:47.026+0000] {processor.py:208} INFO - Processing /opt/airflow/dags/spark_interval_ingestion.py took 0.063 seconds
[2026-05-23T11:55:17.207+0000] {processor.py:186} INFO - Started process (PID=6799) to work on /opt/airflow/dags/spark_interval_ingestion.py
[2026-05-23T11:55:17.207+0000] {processor.py:914} INFO - Processing file /opt/airflow/dags/spark_interval_ingestion.py for tasks to queue
[2026-05-23T11:55:17.208+0000] {logging_mixin.py:190} INFO - [2026-05-23T11:55:17.208+0000] {dagbag.py:588} INFO - Filling up the DagBag from /opt/airflow/dags/spark_interval_ingestion.py
[2026-05-23T11:55:17.214+0000] {processor.py:925} INFO - DAG(s) 'fraud_pipeline_bronze_hourly' retrieved from /opt/airflow/dags/spark_interval_ingestion.py
[2026-05-23T11:55:17.228+0000] {logging_mixin.py:190} INFO - [2026-05-23T11:55:17.228+0000] {dag.py:3239} INFO - Sync 1 DAGs
[2026-05-23T11:55:17.237+0000] {logging_mixin.py:190} INFO - [2026-05-23T11:55:17.237+0000] {dag.py:4180} INFO - Setting next_dagrun for fraud_pipeline_bronze_hourly to 2026-05-23 11:55:00+00:00, run_after=2026-05-23 12:00:00+00:00
[2026-05-23T11:55:17.244+0000] {processor.py:208} INFO - Processing /opt/airflow/dags/spark_interval_ingestion.py took 0.040 seconds
[2026-05-23T11:55:47.442+0000] {processor.py:186} INFO - Started process (PID=6804) to work on /opt/airflow/dags/spark_interval_ingestion.py
[2026-05-23T11:55:47.443+0000] {processor.py:914} INFO - Processing file /opt/airflow/dags/spark_interval_ingestion.py for tasks to queue
[2026-05-23T11:55:47.444+0000] {logging_mixin.py:190} INFO - [2026-05-23T11:55:47.443+0000] {dagbag.py:588} INFO - Filling up the DagBag from /opt/airflow/dags/spark_interval_ingestion.py
[2026-05-23T11:55:47.455+0000] {processor.py:925} INFO - DAG(s) 'fraud_pipeline_bronze_hourly' retrieved from /opt/airflow/dags/spark_interval_ingestion.py
[2026-05-23T11:55:47.474+0000] {logging_mixin.py:190} INFO - [2026-05-23T11:55:47.474+0000] {dag.py:3239} INFO - Sync 1 DAGs
[2026-05-23T11:55:47.488+0000] {logging_mixin.py:190} INFO - [2026-05-23T11:55:47.487+0000] {dag.py:4180} INFO - Setting next_dagrun for fraud_pipeline_bronze_hourly to 2026-05-23 11:55:00+00:00, run_after=2026-05-23 12:00:00+00:00
[2026-05-23T11:55:47.494+0000] {processor.py:208} INFO - Processing /opt/airflow/dags/spark_interval_ingestion.py took 0.057 seconds
[2026-05-23T11:56:17.669+0000] {processor.py:186} INFO - Started process (PID=6809) to work on /opt/airflow/dags/spark_interval_ingestion.py
[2026-05-23T11:56:17.669+0000] {processor.py:914} INFO - Processing file /opt/airflow/dags/spark_interval_ingestion.py for tasks to queue
[2026-05-23T11:56:17.670+0000] {logging_mixin.py:190} INFO - [2026-05-23T11:56:17.670+0000] {dagbag.py:588} INFO - Filling up the DagBag from /opt/airflow/dags/spark_interval_ingestion.py
[2026-05-23T11:56:17.680+0000] {processor.py:925} INFO - DAG(s) 'fraud_pipeline_bronze_hourly' retrieved from /opt/airflow/dags/spark_interval_ingestion.py
[2026-05-23T11:56:17.695+0000] {logging_mixin.py:190} INFO - [2026-05-23T11:56:17.695+0000] {dag.py:3239} INFO - Sync 1 DAGs
[2026-05-23T11:56:17.706+0000] {logging_mixin.py:190} INFO - [2026-05-23T11:56:17.706+0000] {dag.py:4180} INFO - Setting next_dagrun for fraud_pipeline_bronze_hourly to 2026-05-23 11:55:00+00:00, run_after=2026-05-23 12:00:00+00:00
[2026-05-23T11:56:17.713+0000] {processor.py:208} INFO - Processing /opt/airflow/dags/spark_interval_ingestion.py took 0.048 seconds
[2026-05-23T11:56:47.894+0000] {processor.py:186} INFO - Started process (PID=6814) to work on /opt/airflow/dags/spark_interval_ingestion.py
[2026-05-23T11:56:47.895+0000] {processor.py:914} INFO - Processing file /opt/airflow/dags/spark_interval_ingestion.py for tasks to queue
[2026-05-23T11:56:47.895+0000] {logging_mixin.py:190} INFO - [2026-05-23T11:56:47.895+0000] {dagbag.py:588} INFO - Filling up the DagBag from /opt/airflow/dags/spark_interval_ingestion.py
[2026-05-23T11:56:47.903+0000] {processor.py:925} INFO - DAG(s) 'fraud_pipeline_bronze_hourly' retrieved from /opt/airflow/dags/spark_interval_ingestion.py
[2026-05-23T11:56:47.918+0000] {logging_mixin.py:190} INFO - [2026-05-23T11:56:47.918+0000] {dag.py:3239} INFO - Sync 1 DAGs
[2026-05-23T11:56:47.929+0000] {logging_mixin.py:190} INFO - [2026-05-23T11:56:47.929+0000] {dag.py:4180} INFO - Setting next_dagrun for fraud_pipeline_bronze_hourly to 2026-05-23 11:55:00+00:00, run_after=2026-05-23 12:00:00+00:00
[2026-05-23T11:56:47.936+0000] {processor.py:208} INFO - Processing /opt/airflow/dags/spark_interval_ingestion.py took 0.047 seconds
[2026-05-23T11:57:18.101+0000] {processor.py:186} INFO - Started process (PID=6819) to work on /opt/airflow/dags/spark_interval_ingestion.py
[2026-05-23T11:57:18.101+0000] {processor.py:914} INFO - Processing file /opt/airflow/dags/spark_interval_ingestion.py for tasks to queue
[2026-05-23T11:57:18.102+0000] {logging_mixin.py:190} INFO - [2026-05-23T11:57:18.102+0000] {dagbag.py:588} INFO - Filling up the DagBag from /opt/airflow/dags/spark_interval_ingestion.py
[2026-05-23T11:57:18.110+0000] {processor.py:925} INFO - DAG(s) 'fraud_pipeline_bronze_hourly' retrieved from /opt/airflow/dags/spark_interval_ingestion.py
[2026-05-23T11:57:18.125+0000] {logging_mixin.py:190} INFO - [2026-05-23T11:57:18.124+0000] {dag.py:3239} INFO - Sync 1 DAGs
[2026-05-23T11:57:18.135+0000] {logging_mixin.py:190} INFO - [2026-05-23T11:57:18.135+0000] {dag.py:4180} INFO - Setting next_dagrun for fraud_pipeline_bronze_hourly to 2026-05-23 11:55:00+00:00, run_after=2026-05-23 12:00:00+00:00
[2026-05-23T11:57:18.143+0000] {processor.py:208} INFO - Processing /opt/airflow/dags/spark_interval_ingestion.py took 0.045 seconds
[2026-05-23T11:57:48.320+0000] {processor.py:186} INFO - Started process (PID=6824) to work on /opt/airflow/dags/spark_interval_ingestion.py
[2026-05-23T11:57:48.321+0000] {processor.py:914} INFO - Processing file /opt/airflow/dags/spark_interval_ingestion.py for tasks to queue
[2026-05-23T11:57:48.323+0000] {logging_mixin.py:190} INFO - [2026-05-23T11:57:48.323+0000] {dagbag.py:588} INFO - Filling up the DagBag from /opt/airflow/dags/spark_interval_ingestion.py
[2026-05-23T11:57:48.334+0000] {processor.py:925} INFO - DAG(s) 'fraud_pipeline_bronze_hourly' retrieved from /opt/airflow/dags/spark_interval_ingestion.py
[2026-05-23T11:57:48.355+0000] {logging_mixin.py:190} INFO - [2026-05-23T11:57:48.354+0000] {dag.py:3239} INFO - Sync 1 DAGs
[2026-05-23T11:57:48.368+0000] {logging_mixin.py:190} INFO - [2026-05-23T11:57:48.368+0000] {dag.py:4180} INFO - Setting next_dagrun for fraud_pipeline_bronze_hourly to 2026-05-23 11:55:00+00:00, run_after=2026-05-23 12:00:00+00:00
[2026-05-23T11:57:48.375+0000] {processor.py:208} INFO - Processing /opt/airflow/dags/spark_interval_ingestion.py took 0.060 seconds
[2026-05-23T11:58:18.559+0000] {processor.py:186} INFO - Started process (PID=6829) to work on /opt/airflow/dags/spark_interval_ingestion.py
[2026-05-23T11:58:18.559+0000] {processor.py:914} INFO - Processing file /opt/airflow/dags/spark_interval_ingestion.py for tasks to queue
[2026-05-23T11:58:18.560+0000] {logging_mixin.py:190} INFO - [2026-05-23T11:58:18.560+0000] {dagbag.py:588} INFO - Filling up the DagBag from /opt/airflow/dags/spark_interval_ingestion.py
[2026-05-23T11:58:18.567+0000] {processor.py:925} INFO - DAG(s) 'fraud_pipeline_bronze_hourly' retrieved from /opt/airflow/dags/spark_interval_ingestion.py
[2026-05-23T11:58:18.583+0000] {logging_mixin.py:190} INFO - [2026-05-23T11:58:18.583+0000] {dag.py:3239} INFO - Sync 1 DAGs
[2026-05-23T11:58:18.595+0000] {logging_mixin.py:190} INFO - [2026-05-23T11:58:18.595+0000] {dag.py:4180} INFO - Setting next_dagrun for fraud_pipeline_bronze_hourly to 2026-05-23 11:55:00+00:00, run_after=2026-05-23 12:00:00+00:00
[2026-05-23T11:58:18.604+0000] {processor.py:208} INFO - Processing /opt/airflow/dags/spark_interval_ingestion.py took 0.050 seconds
[2026-05-23T11:58:48.765+0000] {processor.py:186} INFO - Started process (PID=6834) to work on /opt/airflow/dags/spark_interval_ingestion.py
[2026-05-23T11:58:48.765+0000] {processor.py:914} INFO - Processing file /opt/airflow/dags/spark_interval_ingestion.py for tasks to queue
[2026-05-23T11:58:48.766+0000] {logging_mixin.py:190} INFO - [2026-05-23T11:58:48.766+0000] {dagbag.py:588} INFO - Filling up the DagBag from /opt/airflow/dags/spark_interval_ingestion.py
[2026-05-23T11:58:48.774+0000] {processor.py:925} INFO - DAG(s) 'fraud_pipeline_bronze_hourly' retrieved from /opt/airflow/dags/spark_interval_ingestion.py
[2026-05-23T11:58:48.791+0000] {logging_mixin.py:190} INFO - [2026-05-23T11:58:48.791+0000] {dag.py:3239} INFO - Sync 1 DAGs
[2026-05-23T11:58:48.803+0000] {logging_mixin.py:190} INFO - [2026-05-23T11:58:48.803+0000] {dag.py:4180} INFO - Setting next_dagrun for fraud_pipeline_bronze_hourly to 2026-05-23 11:55:00+00:00, run_after=2026-05-23 12:00:00+00:00
[2026-05-23T11:58:48.813+0000] {processor.py:208} INFO - Processing /opt/airflow/dags/spark_interval_ingestion.py took 0.052 seconds
[2026-05-23T11:59:18.953+0000] {processor.py:186} INFO - Started process (PID=6839) to work on /opt/airflow/dags/spark_interval_ingestion.py
[2026-05-23T11:59:18.953+0000] {processor.py:914} INFO - Processing file /opt/airflow/dags/spark_interval_ingestion.py for tasks to queue
[2026-05-23T11:59:18.954+0000] {logging_mixin.py:190} INFO - [2026-05-23T11:59:18.954+0000] {dagbag.py:588} INFO - Filling up the DagBag from /opt/airflow/dags/spark_interval_ingestion.py
[2026-05-23T11:59:18.964+0000] {processor.py:925} INFO - DAG(s) 'fraud_pipeline_bronze_hourly' retrieved from /opt/airflow/dags/spark_interval_ingestion.py
[2026-05-23T11:59:18.986+0000] {logging_mixin.py:190} INFO - [2026-05-23T11:59:18.986+0000] {dag.py:3239} INFO - Sync 1 DAGs
[2026-05-23T11:59:19.005+0000] {logging_mixin.py:190} INFO - [2026-05-23T11:59:19.004+0000] {dag.py:4180} INFO - Setting next_dagrun for fraud_pipeline_bronze_hourly to 2026-05-23 11:55:00+00:00, run_after=2026-05-23 12:00:00+00:00
[2026-05-23T11:59:19.027+0000] {processor.py:208} INFO - Processing /opt/airflow/dags/spark_interval_ingestion.py took 0.078 seconds
[2026-05-23T11:59:49.149+0000] {processor.py:186} INFO - Started process (PID=6844) to work on /opt/airflow/dags/spark_interval_ingestion.py
[2026-05-23T11:59:49.150+0000] {processor.py:914} INFO - Processing file /opt/airflow/dags/spark_interval_ingestion.py for tasks to queue
[2026-05-23T11:59:49.150+0000] {logging_mixin.py:190} INFO - [2026-05-23T11:59:49.150+0000] {dagbag.py:588} INFO - Filling up the DagBag from /opt/airflow/dags/spark_interval_ingestion.py
[2026-05-23T11:59:49.157+0000] {processor.py:925} INFO - DAG(s) 'fraud_pipeline_bronze_hourly' retrieved from /opt/airflow/dags/spark_interval_ingestion.py
[2026-05-23T11:59:49.171+0000] {logging_mixin.py:190} INFO - [2026-05-23T11:59:49.171+0000] {dag.py:3239} INFO - Sync 1 DAGs
[2026-05-23T11:59:49.183+0000] {logging_mixin.py:190} INFO - [2026-05-23T11:59:49.182+0000] {dag.py:4180} INFO - Setting next_dagrun for fraud_pipeline_bronze_hourly to 2026-05-23 11:55:00+00:00, run_after=2026-05-23 12:00:00+00:00
[2026-05-23T11:59:49.192+0000] {processor.py:208} INFO - Processing /opt/airflow/dags/spark_interval_ingestion.py took 0.046 seconds
[2026-05-23T12:00:19.396+0000] {processor.py:186} INFO - Started process (PID=7175) to work on /opt/airflow/dags/spark_interval_ingestion.py
[2026-05-23T12:00:19.397+0000] {processor.py:914} INFO - Processing file /opt/airflow/dags/spark_interval_ingestion.py for tasks to queue
[2026-05-23T12:00:19.398+0000] {logging_mixin.py:190} INFO - [2026-05-23T12:00:19.398+0000] {dagbag.py:588} INFO - Filling up the DagBag from /opt/airflow/dags/spark_interval_ingestion.py
[2026-05-23T12:00:19.409+0000] {processor.py:925} INFO - DAG(s) 'fraud_pipeline_bronze_hourly' retrieved from /opt/airflow/dags/spark_interval_ingestion.py
[2026-05-23T12:00:19.426+0000] {logging_mixin.py:190} INFO - [2026-05-23T12:00:19.426+0000] {dag.py:3239} INFO - Sync 1 DAGs
[2026-05-23T12:00:19.437+0000] {logging_mixin.py:190} INFO - [2026-05-23T12:00:19.437+0000] {dag.py:4180} INFO - Setting next_dagrun for fraud_pipeline_bronze_hourly to 2026-05-23 12:00:00+00:00, run_after=2026-05-23 12:05:00+00:00
[2026-05-23T12:00:19.444+0000] {processor.py:208} INFO - Processing /opt/airflow/dags/spark_interval_ingestion.py took 0.051 seconds
[2026-05-23T12:00:49.598+0000] {processor.py:186} INFO - Started process (PID=7180) to work on /opt/airflow/dags/spark_interval_ingestion.py
[2026-05-23T12:00:49.599+0000] {processor.py:914} INFO - Processing file /opt/airflow/dags/spark_interval_ingestion.py for tasks to queue
[2026-05-23T12:00:49.600+0000] {logging_mixin.py:190} INFO - [2026-05-23T12:00:49.600+0000] {dagbag.py:588} INFO - Filling up the DagBag from /opt/airflow/dags/spark_interval_ingestion.py
[2026-05-23T12:00:49.616+0000] {processor.py:925} INFO - DAG(s) 'fraud_pipeline_bronze_hourly' retrieved from /opt/airflow/dags/spark_interval_ingestion.py
[2026-05-23T12:00:49.636+0000] {logging_mixin.py:190} INFO - [2026-05-23T12:00:49.636+0000] {dag.py:3239} INFO - Sync 1 DAGs
[2026-05-23T12:00:49.651+0000] {logging_mixin.py:190} INFO - [2026-05-23T12:00:49.650+0000] {dag.py:4180} INFO - Setting next_dagrun for fraud_pipeline_bronze_hourly to 2026-05-23 12:00:00+00:00, run_after=2026-05-23 12:05:00+00:00
[2026-05-23T12:00:49.657+0000] {processor.py:208} INFO - Processing /opt/airflow/dags/spark_interval_ingestion.py took 0.064 seconds
[2026-05-23T12:01:19.821+0000] {processor.py:186} INFO - Started process (PID=7185) to work on /opt/airflow/dags/spark_interval_ingestion.py
[2026-05-23T12:01:19.822+0000] {processor.py:914} INFO - Processing file /opt/airflow/dags/spark_interval_ingestion.py for tasks to queue
[2026-05-23T12:01:19.823+0000] {logging_mixin.py:190} INFO - [2026-05-23T12:01:19.822+0000] {dagbag.py:588} INFO - Filling up the DagBag from /opt/airflow/dags/spark_interval_ingestion.py
[2026-05-23T12:01:19.833+0000] {processor.py:925} INFO - DAG(s) 'fraud_pipeline_bronze_hourly' retrieved from /opt/airflow/dags/spark_interval_ingestion.py
[2026-05-23T12:01:19.854+0000] {logging_mixin.py:190} INFO - [2026-05-23T12:01:19.853+0000] {dag.py:3239} INFO - Sync 1 DAGs
[2026-05-23T12:01:19.870+0000] {logging_mixin.py:190} INFO - [2026-05-23T12:01:19.870+0000] {dag.py:4180} INFO - Setting next_dagrun for fraud_pipeline_bronze_hourly to 2026-05-23 12:00:00+00:00, run_after=2026-05-23 12:05:00+00:00
[2026-05-23T12:01:19.877+0000] {processor.py:208} INFO - Processing /opt/airflow/dags/spark_interval_ingestion.py took 0.060 seconds
[2026-05-23T12:01:50.015+0000] {processor.py:186} INFO - Started process (PID=7190) to work on /opt/airflow/dags/spark_interval_ingestion.py
[2026-05-23T12:01:50.015+0000] {processor.py:914} INFO - Processing file /opt/airflow/dags/spark_interval_ingestion.py for tasks to queue
[2026-05-23T12:01:50.016+0000] {logging_mixin.py:190} INFO - [2026-05-23T12:01:50.016+0000] {dagbag.py:588} INFO - Filling up the DagBag from /opt/airflow/dags/spark_interval_ingestion.py
[2026-05-23T12:01:50.025+0000] {processor.py:925} INFO - DAG(s) 'fraud_pipeline_bronze_hourly' retrieved from /opt/airflow/dags/spark_interval_ingestion.py
[2026-05-23T12:01:50.044+0000] {logging_mixin.py:190} INFO - [2026-05-23T12:01:50.043+0000] {dag.py:3239} INFO - Sync 1 DAGs
[2026-05-23T12:01:50.057+0000] {logging_mixin.py:190} INFO - [2026-05-23T12:01:50.057+0000] {dag.py:4180} INFO - Setting next_dagrun for fraud_pipeline_bronze_hourly to 2026-05-23 12:00:00+00:00, run_after=2026-05-23 12:05:00+00:00
[2026-05-23T12:01:50.064+0000] {processor.py:208} INFO - Processing /opt/airflow/dags/spark_interval_ingestion.py took 0.054 seconds
[2026-05-23T12:02:20.212+0000] {processor.py:186} INFO - Started process (PID=7195) to work on /opt/airflow/dags/spark_interval_ingestion.py
[2026-05-23T12:02:20.212+0000] {processor.py:914} INFO - Processing file /opt/airflow/dags/spark_interval_ingestion.py for tasks to queue
[2026-05-23T12:02:20.213+0000] {logging_mixin.py:190} INFO - [2026-05-23T12:02:20.213+0000] {dagbag.py:588} INFO - Filling up the DagBag from /opt/airflow/dags/spark_interval_ingestion.py
[2026-05-23T12:02:20.225+0000] {processor.py:925} INFO - DAG(s) 'fraud_pipeline_bronze_hourly' retrieved from /opt/airflow/dags/spark_interval_ingestion.py
[2026-05-23T12:02:20.248+0000] {logging_mixin.py:190} INFO - [2026-05-23T12:02:20.248+0000] {dag.py:3239} INFO - Sync 1 DAGs
[2026-05-23T12:02:20.263+0000] {logging_mixin.py:190} INFO - [2026-05-23T12:02:20.263+0000] {dag.py:4180} INFO - Setting next_dagrun for fraud_pipeline_bronze_hourly to 2026-05-23 12:00:00+00:00, run_after=2026-05-23 12:05:00+00:00
[2026-05-23T12:02:20.271+0000] {processor.py:208} INFO - Processing /opt/airflow/dags/spark_interval_ingestion.py took 0.063 seconds
[2026-05-23T12:02:50.420+0000] {processor.py:186} INFO - Started process (PID=7200) to work on /opt/airflow/dags/spark_interval_ingestion.py
[2026-05-23T12:02:50.420+0000] {processor.py:914} INFO - Processing file /opt/airflow/dags/spark_interval_ingestion.py for tasks to queue
[2026-05-23T12:02:50.421+0000] {logging_mixin.py:190} INFO - [2026-05-23T12:02:50.421+0000] {dagbag.py:588} INFO - Filling up the DagBag from /opt/airflow/dags/spark_interval_ingestion.py
[2026-05-23T12:02:50.432+0000] {processor.py:925} INFO - DAG(s) 'fraud_pipeline_bronze_hourly' retrieved from /opt/airflow/dags/spark_interval_ingestion.py
[2026-05-23T12:02:50.456+0000] {logging_mixin.py:190} INFO - [2026-05-23T12:02:50.455+0000] {dag.py:3239} INFO - Sync 1 DAGs
[2026-05-23T12:02:50.476+0000] {logging_mixin.py:190} INFO - [2026-05-23T12:02:50.476+0000] {dag.py:4180} INFO - Setting next_dagrun for fraud_pipeline_bronze_hourly to 2026-05-23 12:00:00+00:00, run_after=2026-05-23 12:05:00+00:00
[2026-05-23T12:02:50.484+0000] {processor.py:208} INFO - Processing /opt/airflow/dags/spark_interval_ingestion.py took 0.069 seconds
[2026-05-23T12:03:20.641+0000] {processor.py:186} INFO - Started process (PID=7205) to work on /opt/airflow/dags/spark_interval_ingestion.py
[2026-05-23T12:03:20.641+0000] {processor.py:914} INFO - Processing file /opt/airflow/dags/spark_interval_ingestion.py for tasks to queue
[2026-05-23T12:03:20.643+0000] {logging_mixin.py:190} INFO - [2026-05-23T12:03:20.642+0000] {dagbag.py:588} INFO - Filling up the DagBag from /opt/airflow/dags/spark_interval_ingestion.py
[2026-05-23T12:03:20.658+0000] {processor.py:925} INFO - DAG(s) 'fraud_pipeline_bronze_hourly' retrieved from /opt/airflow/dags/spark_interval_ingestion.py
[2026-05-23T12:03:20.678+0000] {logging_mixin.py:190} INFO - [2026-05-23T12:03:20.678+0000] {dag.py:3239} INFO - Sync 1 DAGs
[2026-05-23T12:03:20.692+0000] {logging_mixin.py:190} INFO - [2026-05-23T12:03:20.692+0000] {dag.py:4180} INFO - Setting next_dagrun for fraud_pipeline_bronze_hourly to 2026-05-23 12:00:00+00:00, run_after=2026-05-23 12:05:00+00:00
[2026-05-23T12:03:20.700+0000] {processor.py:208} INFO - Processing /opt/airflow/dags/spark_interval_ingestion.py took 0.065 seconds
[2026-05-23T12:03:50.909+0000] {processor.py:186} INFO - Started process (PID=7210) to work on /opt/airflow/dags/spark_interval_ingestion.py
[2026-05-23T12:03:50.911+0000] {processor.py:914} INFO - Processing file /opt/airflow/dags/spark_interval_ingestion.py for tasks to queue
[2026-05-23T12:03:50.912+0000] {logging_mixin.py:190} INFO - [2026-05-23T12:03:50.912+0000] {dagbag.py:588} INFO - Filling up the DagBag from /opt/airflow/dags/spark_interval_ingestion.py
[2026-05-23T12:03:50.924+0000] {processor.py:925} INFO - DAG(s) 'fraud_pipeline_bronze_hourly' retrieved from /opt/airflow/dags/spark_interval_ingestion.py
[2026-05-23T12:03:50.945+0000] {logging_mixin.py:190} INFO - [2026-05-23T12:03:50.945+0000] {dag.py:3239} INFO - Sync 1 DAGs
[2026-05-23T12:03:50.957+0000] {logging_mixin.py:190} INFO - [2026-05-23T12:03:50.957+0000] {dag.py:4180} INFO - Setting next_dagrun for fraud_pipeline_bronze_hourly to 2026-05-23 12:00:00+00:00, run_after=2026-05-23 12:05:00+00:00
[2026-05-23T12:03:50.964+0000] {processor.py:208} INFO - Processing /opt/airflow/dags/spark_interval_ingestion.py took 0.060 seconds
[2026-05-23T12:04:21.119+0000] {processor.py:186} INFO - Started process (PID=7215) to work on /opt/airflow/dags/spark_interval_ingestion.py
[2026-05-23T12:04:21.119+0000] {processor.py:914} INFO - Processing file /opt/airflow/dags/spark_interval_ingestion.py for tasks to queue
[2026-05-23T12:04:21.120+0000] {logging_mixin.py:190} INFO - [2026-05-23T12:04:21.120+0000] {dagbag.py:588} INFO - Filling up the DagBag from /opt/airflow/dags/spark_interval_ingestion.py
[2026-05-23T12:04:21.131+0000] {processor.py:925} INFO - DAG(s) 'fraud_pipeline_bronze_hourly' retrieved from /opt/airflow/dags/spark_interval_ingestion.py
[2026-05-23T12:04:21.151+0000] {logging_mixin.py:190} INFO - [2026-05-23T12:04:21.151+0000] {dag.py:3239} INFO - Sync 1 DAGs
[2026-05-23T12:04:21.162+0000] {logging_mixin.py:190} INFO - [2026-05-23T12:04:21.162+0000] {dag.py:4180} INFO - Setting next_dagrun for fraud_pipeline_bronze_hourly to 2026-05-23 12:00:00+00:00, run_after=2026-05-23 12:05:00+00:00
[2026-05-23T12:04:21.169+0000] {processor.py:208} INFO - Processing /opt/airflow/dags/spark_interval_ingestion.py took 0.055 seconds
[2026-05-23T12:04:51.305+0000] {processor.py:186} INFO - Started process (PID=7220) to work on /opt/airflow/dags/spark_interval_ingestion.py
[2026-05-23T12:04:51.306+0000] {processor.py:914} INFO - Processing file /opt/airflow/dags/spark_interval_ingestion.py for tasks to queue
[2026-05-23T12:04:51.306+0000] {logging_mixin.py:190} INFO - [2026-05-23T12:04:51.306+0000] {dagbag.py:588} INFO - Filling up the DagBag from /opt/airflow/dags/spark_interval_ingestion.py
[2026-05-23T12:04:51.318+0000] {processor.py:925} INFO - DAG(s) 'fraud_pipeline_bronze_hourly' retrieved from /opt/airflow/dags/spark_interval_ingestion.py
[2026-05-23T12:04:51.339+0000] {logging_mixin.py:190} INFO - [2026-05-23T12:04:51.339+0000] {dag.py:3239} INFO - Sync 1 DAGs
[2026-05-23T12:04:51.356+0000] {logging_mixin.py:190} INFO - [2026-05-23T12:04:51.356+0000] {dag.py:4180} INFO - Setting next_dagrun for fraud_pipeline_bronze_hourly to 2026-05-23 12:00:00+00:00, run_after=2026-05-23 12:05:00+00:00
[2026-05-23T12:04:51.363+0000] {processor.py:208} INFO - Processing /opt/airflow/dags/spark_interval_ingestion.py took 0.063 seconds
[2026-05-23T12:05:21.533+0000] {processor.py:186} INFO - Started process (PID=7551) to work on /opt/airflow/dags/spark_interval_ingestion.py
[2026-05-23T12:05:21.534+0000] {processor.py:914} INFO - Processing file /opt/airflow/dags/spark_interval_ingestion.py for tasks to queue
[2026-05-23T12:05:21.536+0000] {logging_mixin.py:190} INFO - [2026-05-23T12:05:21.536+0000] {dagbag.py:588} INFO - Filling up the DagBag from /opt/airflow/dags/spark_interval_ingestion.py
[2026-05-23T12:05:21.559+0000] {processor.py:925} INFO - DAG(s) 'fraud_pipeline_bronze_hourly' retrieved from /opt/airflow/dags/spark_interval_ingestion.py
[2026-05-23T12:05:21.585+0000] {logging_mixin.py:190} INFO - [2026-05-23T12:05:21.585+0000] {dag.py:3239} INFO - Sync 1 DAGs
[2026-05-23T12:05:21.608+0000] {logging_mixin.py:190} INFO - [2026-05-23T12:05:21.608+0000] {dag.py:4180} INFO - Setting next_dagrun for fraud_pipeline_bronze_hourly to 2026-05-23 12:05:00+00:00, run_after=2026-05-23 12:10:00+00:00
[2026-05-23T12:05:21.617+0000] {processor.py:208} INFO - Processing /opt/airflow/dags/spark_interval_ingestion.py took 0.089 seconds
[2026-05-23T12:05:51.738+0000] {processor.py:186} INFO - Started process (PID=7556) to work on /opt/airflow/dags/spark_interval_ingestion.py
[2026-05-23T12:05:51.739+0000] {processor.py:914} INFO - Processing file /opt/airflow/dags/spark_interval_ingestion.py for tasks to queue
[2026-05-23T12:05:51.740+0000] {logging_mixin.py:190} INFO - [2026-05-23T12:05:51.740+0000] {dagbag.py:588} INFO - Filling up the DagBag from /opt/airflow/dags/spark_interval_ingestion.py
[2026-05-23T12:05:51.753+0000] {processor.py:925} INFO - DAG(s) 'fraud_pipeline_bronze_hourly' retrieved from /opt/airflow/dags/spark_interval_ingestion.py
[2026-05-23T12:05:51.777+0000] {logging_mixin.py:190} INFO - [2026-05-23T12:05:51.777+0000] {dag.py:3239} INFO - Sync 1 DAGs
[2026-05-23T12:05:51.792+0000] {logging_mixin.py:190} INFO - [2026-05-23T12:05:51.792+0000] {dag.py:4180} INFO - Setting next_dagrun for fraud_pipeline_bronze_hourly to 2026-05-23 12:05:00+00:00, run_after=2026-05-23 12:10:00+00:00
[2026-05-23T12:05:51.800+0000] {processor.py:208} INFO - Processing /opt/airflow/dags/spark_interval_ingestion.py took 0.067 seconds
[2026-05-23T12:06:22.048+0000] {processor.py:186} INFO - Started process (PID=7561) to work on /opt/airflow/dags/spark_interval_ingestion.py
[2026-05-23T12:06:22.049+0000] {processor.py:914} INFO - Processing file /opt/airflow/dags/spark_interval_ingestion.py for tasks to queue
[2026-05-23T12:06:22.050+0000] {logging_mixin.py:190} INFO - [2026-05-23T12:06:22.049+0000] {dagbag.py:588} INFO - Filling up the DagBag from /opt/airflow/dags/spark_interval_ingestion.py
[2026-05-23T12:06:22.062+0000] {processor.py:925} INFO - DAG(s) 'fraud_pipeline_bronze_hourly' retrieved from /opt/airflow/dags/spark_interval_ingestion.py
[2026-05-23T12:06:22.084+0000] {logging_mixin.py:190} INFO - [2026-05-23T12:06:22.083+0000] {dag.py:3239} INFO - Sync 1 DAGs
[2026-05-23T12:06:22.098+0000] {logging_mixin.py:190} INFO - [2026-05-23T12:06:22.098+0000] {dag.py:4180} INFO - Setting next_dagrun for fraud_pipeline_bronze_hourly to 2026-05-23 12:05:00+00:00, run_after=2026-05-23 12:10:00+00:00
[2026-05-23T12:06:22.105+0000] {processor.py:208} INFO - Processing /opt/airflow/dags/spark_interval_ingestion.py took 0.064 seconds
[2026-05-23T12:06:52.269+0000] {processor.py:186} INFO - Started process (PID=7566) to work on /opt/airflow/dags/spark_interval_ingestion.py
[2026-05-23T12:06:52.270+0000] {processor.py:914} INFO - Processing file /opt/airflow/dags/spark_interval_ingestion.py for tasks to queue
[2026-05-23T12:06:52.270+0000] {logging_mixin.py:190} INFO - [2026-05-23T12:06:52.270+0000] {dagbag.py:588} INFO - Filling up the DagBag from /opt/airflow/dags/spark_interval_ingestion.py
[2026-05-23T12:06:52.282+0000] {processor.py:925} INFO - DAG(s) 'fraud_pipeline_bronze_hourly' retrieved from /opt/airflow/dags/spark_interval_ingestion.py
[2026-05-23T12:06:52.303+0000] {logging_mixin.py:190} INFO - [2026-05-23T12:06:52.302+0000] {dag.py:3239} INFO - Sync 1 DAGs
[2026-05-23T12:06:52.316+0000] {logging_mixin.py:190} INFO - [2026-05-23T12:06:52.315+0000] {dag.py:4180} INFO - Setting next_dagrun for fraud_pipeline_bronze_hourly to 2026-05-23 12:05:00+00:00, run_after=2026-05-23 12:10:00+00:00
[2026-05-23T12:06:52.324+0000] {processor.py:208} INFO - Processing /opt/airflow/dags/spark_interval_ingestion.py took 0.060 seconds
[2026-05-23T12:07:22.471+0000] {processor.py:186} INFO - Started process (PID=7571) to work on /opt/airflow/dags/spark_interval_ingestion.py
[2026-05-23T12:07:22.472+0000] {processor.py:914} INFO - Processing file /opt/airflow/dags/spark_interval_ingestion.py for tasks to queue
[2026-05-23T12:07:22.472+0000] {logging_mixin.py:190} INFO - [2026-05-23T12:07:22.472+0000] {dagbag.py:588} INFO - Filling up the DagBag from /opt/airflow/dags/spark_interval_ingestion.py
[2026-05-23T12:07:22.486+0000] {processor.py:925} INFO - DAG(s) 'fraud_pipeline_bronze_hourly' retrieved from /opt/airflow/dags/spark_interval_ingestion.py
[2026-05-23T12:07:22.506+0000] {logging_mixin.py:190} INFO - [2026-05-23T12:07:22.506+0000] {dag.py:3239} INFO - Sync 1 DAGs
[2026-05-23T12:07:22.524+0000] {logging_mixin.py:190} INFO - [2026-05-23T12:07:22.524+0000] {dag.py:4180} INFO - Setting next_dagrun for fraud_pipeline_bronze_hourly to 2026-05-23 12:05:00+00:00, run_after=2026-05-23 12:10:00+00:00
[2026-05-23T12:07:22.534+0000] {processor.py:208} INFO - Processing /opt/airflow/dags/spark_interval_ingestion.py took 0.068 seconds
[2026-05-23T12:07:52.686+0000] {processor.py:186} INFO - Started process (PID=7576) to work on /opt/airflow/dags/spark_interval_ingestion.py
[2026-05-23T12:07:52.688+0000] {processor.py:914} INFO - Processing file /opt/airflow/dags/spark_interval_ingestion.py for tasks to queue
[2026-05-23T12:07:52.690+0000] {logging_mixin.py:190} INFO - [2026-05-23T12:07:52.689+0000] {dagbag.py:588} INFO - Filling up the DagBag from /opt/airflow/dags/spark_interval_ingestion.py
[2026-05-23T12:07:52.701+0000] {processor.py:925} INFO - DAG(s) 'fraud_pipeline_bronze_hourly' retrieved from /opt/airflow/dags/spark_interval_ingestion.py
[2026-05-23T12:07:52.717+0000] {logging_mixin.py:190} INFO - [2026-05-23T12:07:52.717+0000] {dag.py:3239} INFO - Sync 1 DAGs
[2026-05-23T12:07:52.729+0000] {logging_mixin.py:190} INFO - [2026-05-23T12:07:52.729+0000] {dag.py:4180} INFO - Setting next_dagrun for fraud_pipeline_bronze_hourly to 2026-05-23 12:05:00+00:00, run_after=2026-05-23 12:10:00+00:00
[2026-05-23T12:07:52.736+0000] {processor.py:208} INFO - Processing /opt/airflow/dags/spark_interval_ingestion.py took 0.055 seconds
[2026-05-23T12:08:22.908+0000] {processor.py:186} INFO - Started process (PID=7581) to work on /opt/airflow/dags/spark_interval_ingestion.py
[2026-05-23T12:08:22.909+0000] {processor.py:914} INFO - Processing file /opt/airflow/dags/spark_interval_ingestion.py for tasks to queue
[2026-05-23T12:08:22.909+0000] {logging_mixin.py:190} INFO - [2026-05-23T12:08:22.909+0000] {dagbag.py:588} INFO - Filling up the DagBag from /opt/airflow/dags/spark_interval_ingestion.py
[2026-05-23T12:08:22.919+0000] {processor.py:925} INFO - DAG(s) 'fraud_pipeline_bronze_hourly' retrieved from /opt/airflow/dags/spark_interval_ingestion.py
[2026-05-23T12:08:22.934+0000] {logging_mixin.py:190} INFO - [2026-05-23T12:08:22.933+0000] {dag.py:3239} INFO - Sync 1 DAGs
[2026-05-23T12:08:22.946+0000] {logging_mixin.py:190} INFO - [2026-05-23T12:08:22.946+0000] {dag.py:4180} INFO - Setting next_dagrun for fraud_pipeline_bronze_hourly to 2026-05-23 12:05:00+00:00, run_after=2026-05-23 12:10:00+00:00
[2026-05-23T12:08:22.953+0000] {processor.py:208} INFO - Processing /opt/airflow/dags/spark_interval_ingestion.py took 0.050 seconds
[2026-05-23T12:08:53.175+0000] {processor.py:186} INFO - Started process (PID=7586) to work on /opt/airflow/dags/spark_interval_ingestion.py
[2026-05-23T12:08:53.176+0000] {processor.py:914} INFO - Processing file /opt/airflow/dags/spark_interval_ingestion.py for tasks to queue
[2026-05-23T12:08:53.177+0000] {logging_mixin.py:190} INFO - [2026-05-23T12:08:53.176+0000] {dagbag.py:588} INFO - Filling up the DagBag from /opt/airflow/dags/spark_interval_ingestion.py
[2026-05-23T12:08:53.188+0000] {processor.py:925} INFO - DAG(s) 'fraud_pipeline_bronze_hourly' retrieved from /opt/airflow/dags/spark_interval_ingestion.py
[2026-05-23T12:08:53.206+0000] {logging_mixin.py:190} INFO - [2026-05-23T12:08:53.206+0000] {dag.py:3239} INFO - Sync 1 DAGs
[2026-05-23T12:08:53.218+0000] {logging_mixin.py:190} INFO - [2026-05-23T12:08:53.218+0000] {dag.py:4180} INFO - Setting next_dagrun for fraud_pipeline_bronze_hourly to 2026-05-23 12:05:00+00:00, run_after=2026-05-23 12:10:00+00:00
[2026-05-23T12:08:53.224+0000] {processor.py:208} INFO - Processing /opt/airflow/dags/spark_interval_ingestion.py took 0.055 seconds
[2026-05-23T12:09:23.373+0000] {processor.py:186} INFO - Started process (PID=7591) to work on /opt/airflow/dags/spark_interval_ingestion.py
[2026-05-23T12:09:23.374+0000] {processor.py:914} INFO - Processing file /opt/airflow/dags/spark_interval_ingestion.py for tasks to queue
[2026-05-23T12:09:23.375+0000] {logging_mixin.py:190} INFO - [2026-05-23T12:09:23.374+0000] {dagbag.py:588} INFO - Filling up the DagBag from /opt/airflow/dags/spark_interval_ingestion.py
[2026-05-23T12:09:23.381+0000] {processor.py:925} INFO - DAG(s) 'fraud_pipeline_bronze_hourly' retrieved from /opt/airflow/dags/spark_interval_ingestion.py
[2026-05-23T12:09:23.396+0000] {logging_mixin.py:190} INFO - [2026-05-23T12:09:23.396+0000] {dag.py:3239} INFO - Sync 1 DAGs
[2026-05-23T12:09:23.408+0000] {logging_mixin.py:190} INFO - [2026-05-23T12:09:23.408+0000] {dag.py:4180} INFO - Setting next_dagrun for fraud_pipeline_bronze_hourly to 2026-05-23 12:05:00+00:00, run_after=2026-05-23 12:10:00+00:00
[2026-05-23T12:09:23.414+0000] {processor.py:208} INFO - Processing /opt/airflow/dags/spark_interval_ingestion.py took 0.045 seconds
[2026-05-23T12:09:53.563+0000] {processor.py:186} INFO - Started process (PID=7596) to work on /opt/airflow/dags/spark_interval_ingestion.py
[2026-05-23T12:09:53.565+0000] {processor.py:914} INFO - Processing file /opt/airflow/dags/spark_interval_ingestion.py for tasks to queue
[2026-05-23T12:09:53.566+0000] {logging_mixin.py:190} INFO - [2026-05-23T12:09:53.566+0000] {dagbag.py:588} INFO - Filling up the DagBag from /opt/airflow/dags/spark_interval_ingestion.py
[2026-05-23T12:09:53.582+0000] {processor.py:925} INFO - DAG(s) 'fraud_pipeline_bronze_hourly' retrieved from /opt/airflow/dags/spark_interval_ingestion.py
[2026-05-23T12:09:53.603+0000] {logging_mixin.py:190} INFO - [2026-05-23T12:09:53.603+0000] {dag.py:3239} INFO - Sync 1 DAGs
[2026-05-23T12:09:53.623+0000] {logging_mixin.py:190} INFO - [2026-05-23T12:09:53.622+0000] {dag.py:4180} INFO - Setting next_dagrun for fraud_pipeline_bronze_hourly to 2026-05-23 12:05:00+00:00, run_after=2026-05-23 12:10:00+00:00
[2026-05-23T12:09:53.631+0000] {processor.py:208} INFO - Processing /opt/airflow/dags/spark_interval_ingestion.py took 0.077 seconds
[2026-05-23T12:10:23.808+0000] {processor.py:186} INFO - Started process (PID=7927) to work on /opt/airflow/dags/spark_interval_ingestion.py
[2026-05-23T12:10:23.809+0000] {processor.py:914} INFO - Processing file /opt/airflow/dags/spark_interval_ingestion.py for tasks to queue
[2026-05-23T12:10:23.810+0000] {logging_mixin.py:190} INFO - [2026-05-23T12:10:23.810+0000] {dagbag.py:588} INFO - Filling up the DagBag from /opt/airflow/dags/spark_interval_ingestion.py
[2026-05-23T12:10:23.827+0000] {processor.py:925} INFO - DAG(s) 'fraud_pipeline_bronze_hourly' retrieved from /opt/airflow/dags/spark_interval_ingestion.py
[2026-05-23T12:10:23.860+0000] {logging_mixin.py:190} INFO - [2026-05-23T12:10:23.860+0000] {dag.py:3239} INFO - Sync 1 DAGs
[2026-05-23T12:10:23.881+0000] {logging_mixin.py:190} INFO - [2026-05-23T12:10:23.881+0000] {dag.py:4180} INFO - Setting next_dagrun for fraud_pipeline_bronze_hourly to 2026-05-23 12:10:00+00:00, run_after=2026-05-23 12:15:00+00:00
[2026-05-23T12:10:23.893+0000] {processor.py:208} INFO - Processing /opt/airflow/dags/spark_interval_ingestion.py took 0.090 seconds
[2026-05-23T12:10:54.026+0000] {processor.py:186} INFO - Started process (PID=7932) to work on /opt/airflow/dags/spark_interval_ingestion.py
[2026-05-23T12:10:54.026+0000] {processor.py:914} INFO - Processing file /opt/airflow/dags/spark_interval_ingestion.py for tasks to queue
[2026-05-23T12:10:54.027+0000] {logging_mixin.py:190} INFO - [2026-05-23T12:10:54.027+0000] {dagbag.py:588} INFO - Filling up the DagBag from /opt/airflow/dags/spark_interval_ingestion.py
[2026-05-23T12:10:54.038+0000] {processor.py:925} INFO - DAG(s) 'fraud_pipeline_bronze_hourly' retrieved from /opt/airflow/dags/spark_interval_ingestion.py
[2026-05-23T12:10:54.059+0000] {logging_mixin.py:190} INFO - [2026-05-23T12:10:54.059+0000] {dag.py:3239} INFO - Sync 1 DAGs
[2026-05-23T12:10:54.071+0000] {logging_mixin.py:190} INFO - [2026-05-23T12:10:54.071+0000] {dag.py:4180} INFO - Setting next_dagrun for fraud_pipeline_bronze_hourly to 2026-05-23 12:10:00+00:00, run_after=2026-05-23 12:15:00+00:00
[2026-05-23T12:10:54.079+0000] {processor.py:208} INFO - Processing /opt/airflow/dags/spark_interval_ingestion.py took 0.057 seconds
[2026-05-23T12:11:24.271+0000] {processor.py:186} INFO - Started process (PID=7937) to work on /opt/airflow/dags/spark_interval_ingestion.py
[2026-05-23T12:11:24.272+0000] {processor.py:914} INFO - Processing file /opt/airflow/dags/spark_interval_ingestion.py for tasks to queue
[2026-05-23T12:11:24.273+0000] {logging_mixin.py:190} INFO - [2026-05-23T12:11:24.272+0000] {dagbag.py:588} INFO - Filling up the DagBag from /opt/airflow/dags/spark_interval_ingestion.py
[2026-05-23T12:11:24.283+0000] {processor.py:925} INFO - DAG(s) 'fraud_pipeline_bronze_hourly' retrieved from /opt/airflow/dags/spark_interval_ingestion.py
[2026-05-23T12:11:24.299+0000] {logging_mixin.py:190} INFO - [2026-05-23T12:11:24.299+0000] {dag.py:3239} INFO - Sync 1 DAGs
[2026-05-23T12:11:24.312+0000] {logging_mixin.py:190} INFO - [2026-05-23T12:11:24.312+0000] {dag.py:4180} INFO - Setting next_dagrun for fraud_pipeline_bronze_hourly to 2026-05-23 12:10:00+00:00, run_after=2026-05-23 12:15:00+00:00
[2026-05-23T12:11:24.319+0000] {processor.py:208} INFO - Processing /opt/airflow/dags/spark_interval_ingestion.py took 0.051 seconds
[2026-05-23T12:11:54.499+0000] {processor.py:186} INFO - Started process (PID=7942) to work on /opt/airflow/dags/spark_interval_ingestion.py
[2026-05-23T12:11:54.500+0000] {processor.py:914} INFO - Processing file /opt/airflow/dags/spark_interval_ingestion.py for tasks to queue
[2026-05-23T12:11:54.501+0000] {logging_mixin.py:190} INFO - [2026-05-23T12:11:54.501+0000] {dagbag.py:588} INFO - Filling up the DagBag from /opt/airflow/dags/spark_interval_ingestion.py
[2026-05-23T12:11:54.515+0000] {processor.py:925} INFO - DAG(s) 'fraud_pipeline_bronze_hourly' retrieved from /opt/airflow/dags/spark_interval_ingestion.py
[2026-05-23T12:11:54.544+0000] {logging_mixin.py:190} INFO - [2026-05-23T12:11:54.544+0000] {dag.py:3239} INFO - Sync 1 DAGs
[2026-05-23T12:11:54.557+0000] {logging_mixin.py:190} INFO - [2026-05-23T12:11:54.557+0000] {dag.py:4180} INFO - Setting next_dagrun for fraud_pipeline_bronze_hourly to 2026-05-23 12:10:00+00:00, run_after=2026-05-23 12:15:00+00:00
[2026-05-23T12:11:54.565+0000] {processor.py:208} INFO - Processing /opt/airflow/dags/spark_interval_ingestion.py took 0.076 seconds
[2026-05-23T12:12:24.712+0000] {processor.py:186} INFO - Started process (PID=7947) to work on /opt/airflow/dags/spark_interval_ingestion.py
[2026-05-23T12:12:24.713+0000] {processor.py:914} INFO - Processing file /opt/airflow/dags/spark_interval_ingestion.py for tasks to queue
[2026-05-23T12:12:24.715+0000] {logging_mixin.py:190} INFO - [2026-05-23T12:12:24.714+0000] {dagbag.py:588} INFO - Filling up the DagBag from /opt/airflow/dags/spark_interval_ingestion.py
[2026-05-23T12:12:24.734+0000] {processor.py:925} INFO - DAG(s) 'fraud_pipeline_bronze_hourly' retrieved from /opt/airflow/dags/spark_interval_ingestion.py
[2026-05-23T12:12:24.754+0000] {logging_mixin.py:190} INFO - [2026-05-23T12:12:24.754+0000] {dag.py:3239} INFO - Sync 1 DAGs
[2026-05-23T12:12:24.767+0000] {logging_mixin.py:190} INFO - [2026-05-23T12:12:24.767+0000] {dag.py:4180} INFO - Setting next_dagrun for fraud_pipeline_bronze_hourly to 2026-05-23 12:10:00+00:00, run_after=2026-05-23 12:15:00+00:00
[2026-05-23T12:12:24.774+0000] {processor.py:208} INFO - Processing /opt/airflow/dags/spark_interval_ingestion.py took 0.069 seconds
[2026-05-23T12:12:54.959+0000] {processor.py:186} INFO - Started process (PID=7952) to work on /opt/airflow/dags/spark_interval_ingestion.py
[2026-05-23T12:12:54.960+0000] {processor.py:914} INFO - Processing file /opt/airflow/dags/spark_interval_ingestion.py for tasks to queue
[2026-05-23T12:12:54.960+0000] {logging_mixin.py:190} INFO - [2026-05-23T12:12:54.960+0000] {dagbag.py:588} INFO - Filling up the DagBag from /opt/airflow/dags/spark_interval_ingestion.py
[2026-05-23T12:12:54.968+0000] {processor.py:925} INFO - DAG(s) 'fraud_pipeline_bronze_hourly' retrieved from /opt/airflow/dags/spark_interval_ingestion.py
[2026-05-23T12:12:54.985+0000] {logging_mixin.py:190} INFO - [2026-05-23T12:12:54.985+0000] {dag.py:3239} INFO - Sync 1 DAGs
[2026-05-23T12:12:54.997+0000] {logging_mixin.py:190} INFO - [2026-05-23T12:12:54.997+0000] {dag.py:4180} INFO - Setting next_dagrun for fraud_pipeline_bronze_hourly to 2026-05-23 12:10:00+00:00, run_after=2026-05-23 12:15:00+00:00
[2026-05-23T12:12:55.004+0000] {processor.py:208} INFO - Processing /opt/airflow/dags/spark_interval_ingestion.py took 0.050 seconds
[2026-05-23T12:13:25.178+0000] {processor.py:186} INFO - Started process (PID=7957) to work on /opt/airflow/dags/spark_interval_ingestion.py
[2026-05-23T12:13:25.179+0000] {processor.py:914} INFO - Processing file /opt/airflow/dags/spark_interval_ingestion.py for tasks to queue
[2026-05-23T12:13:25.179+0000] {logging_mixin.py:190} INFO - [2026-05-23T12:13:25.179+0000] {dagbag.py:588} INFO - Filling up the DagBag from /opt/airflow/dags/spark_interval_ingestion.py
[2026-05-23T12:13:25.189+0000] {processor.py:925} INFO - DAG(s) 'fraud_pipeline_bronze_hourly' retrieved from /opt/airflow/dags/spark_interval_ingestion.py
[2026-05-23T12:13:25.206+0000] {logging_mixin.py:190} INFO - [2026-05-23T12:13:25.206+0000] {dag.py:3239} INFO - Sync 1 DAGs
[2026-05-23T12:13:25.219+0000] {logging_mixin.py:190} INFO - [2026-05-23T12:13:25.218+0000] {dag.py:4180} INFO - Setting next_dagrun for fraud_pipeline_bronze_hourly to 2026-05-23 12:10:00+00:00, run_after=2026-05-23 12:15:00+00:00
[2026-05-23T12:13:25.226+0000] {processor.py:208} INFO - Processing /opt/airflow/dags/spark_interval_ingestion.py took 0.051 seconds
[2026-05-23T12:13:55.382+0000] {processor.py:186} INFO - Started process (PID=7962) to work on /opt/airflow/dags/spark_interval_ingestion.py
[2026-05-23T12:13:55.382+0000] {processor.py:914} INFO - Processing file /opt/airflow/dags/spark_interval_ingestion.py for tasks to queue
[2026-05-23T12:13:55.383+0000] {logging_mixin.py:190} INFO - [2026-05-23T12:13:55.383+0000] {dagbag.py:588} INFO - Filling up the DagBag from /opt/airflow/dags/spark_interval_ingestion.py
[2026-05-23T12:13:55.389+0000] {processor.py:925} INFO - DAG(s) 'fraud_pipeline_bronze_hourly' retrieved from /opt/airflow/dags/spark_interval_ingestion.py
[2026-05-23T12:13:55.402+0000] {logging_mixin.py:190} INFO - [2026-05-23T12:13:55.402+0000] {dag.py:3239} INFO - Sync 1 DAGs
[2026-05-23T12:13:55.412+0000] {logging_mixin.py:190} INFO - [2026-05-23T12:13:55.412+0000] {dag.py:4180} INFO - Setting next_dagrun for fraud_pipeline_bronze_hourly to 2026-05-23 12:10:00+00:00, run_after=2026-05-23 12:15:00+00:00
[2026-05-23T12:13:55.417+0000] {processor.py:208} INFO - Processing /opt/airflow/dags/spark_interval_ingestion.py took 0.040 seconds
[2026-05-23T12:14:25.575+0000] {processor.py:186} INFO - Started process (PID=7967) to work on /opt/airflow/dags/spark_interval_ingestion.py
[2026-05-23T12:14:25.575+0000] {processor.py:914} INFO - Processing file /opt/airflow/dags/spark_interval_ingestion.py for tasks to queue
[2026-05-23T12:14:25.576+0000] {logging_mixin.py:190} INFO - [2026-05-23T12:14:25.576+0000] {dagbag.py:588} INFO - Filling up the DagBag from /opt/airflow/dags/spark_interval_ingestion.py
[2026-05-23T12:14:25.584+0000] {processor.py:925} INFO - DAG(s) 'fraud_pipeline_bronze_hourly' retrieved from /opt/airflow/dags/spark_interval_ingestion.py
[2026-05-23T12:14:25.598+0000] {logging_mixin.py:190} INFO - [2026-05-23T12:14:25.598+0000] {dag.py:3239} INFO - Sync 1 DAGs
[2026-05-23T12:14:25.607+0000] {logging_mixin.py:190} INFO - [2026-05-23T12:14:25.607+0000] {dag.py:4180} INFO - Setting next_dagrun for fraud_pipeline_bronze_hourly to 2026-05-23 12:10:00+00:00, run_after=2026-05-23 12:15:00+00:00
[2026-05-23T12:14:25.613+0000] {processor.py:208} INFO - Processing /opt/airflow/dags/spark_interval_ingestion.py took 0.041 seconds
[2026-05-23T12:14:55.762+0000] {processor.py:186} INFO - Started process (PID=7972) to work on /opt/airflow/dags/spark_interval_ingestion.py
[2026-05-23T12:14:55.762+0000] {processor.py:914} INFO - Processing file /opt/airflow/dags/spark_interval_ingestion.py for tasks to queue
[2026-05-23T12:14:55.763+0000] {logging_mixin.py:190} INFO - [2026-05-23T12:14:55.763+0000] {dagbag.py:588} INFO - Filling up the DagBag from /opt/airflow/dags/spark_interval_ingestion.py
[2026-05-23T12:14:55.771+0000] {processor.py:925} INFO - DAG(s) 'fraud_pipeline_bronze_hourly' retrieved from /opt/airflow/dags/spark_interval_ingestion.py
[2026-05-23T12:14:55.791+0000] {logging_mixin.py:190} INFO - [2026-05-23T12:14:55.791+0000] {dag.py:3239} INFO - Sync 1 DAGs
[2026-05-23T12:14:55.811+0000] {logging_mixin.py:190} INFO - [2026-05-23T12:14:55.811+0000] {dag.py:4180} INFO - Setting next_dagrun for fraud_pipeline_bronze_hourly to 2026-05-23 12:10:00+00:00, run_after=2026-05-23 12:15:00+00:00
[2026-05-23T12:14:55.819+0000] {processor.py:208} INFO - Processing /opt/airflow/dags/spark_interval_ingestion.py took 0.063 seconds
[2026-05-23T12:15:25.949+0000] {processor.py:186} INFO - Started process (PID=8303) to work on /opt/airflow/dags/spark_interval_ingestion.py
[2026-05-23T12:15:25.950+0000] {processor.py:914} INFO - Processing file /opt/airflow/dags/spark_interval_ingestion.py for tasks to queue
[2026-05-23T12:15:25.951+0000] {logging_mixin.py:190} INFO - [2026-05-23T12:15:25.951+0000] {dagbag.py:588} INFO - Filling up the DagBag from /opt/airflow/dags/spark_interval_ingestion.py
[2026-05-23T12:15:25.967+0000] {processor.py:925} INFO - DAG(s) 'fraud_pipeline_bronze_hourly' retrieved from /opt/airflow/dags/spark_interval_ingestion.py
[2026-05-23T12:15:25.991+0000] {logging_mixin.py:190} INFO - [2026-05-23T12:15:25.991+0000] {dag.py:3239} INFO - Sync 1 DAGs
[2026-05-23T12:15:26.006+0000] {logging_mixin.py:190} INFO - [2026-05-23T12:15:26.006+0000] {dag.py:4180} INFO - Setting next_dagrun for fraud_pipeline_bronze_hourly to 2026-05-23 12:15:00+00:00, run_after=2026-05-23 12:20:00+00:00
[2026-05-23T12:15:26.014+0000] {processor.py:208} INFO - Processing /opt/airflow/dags/spark_interval_ingestion.py took 0.069 seconds
[2026-05-23T12:15:56.166+0000] {processor.py:186} INFO - Started process (PID=8308) to work on /opt/airflow/dags/spark_interval_ingestion.py
[2026-05-23T12:15:56.167+0000] {processor.py:914} INFO - Processing file /opt/airflow/dags/spark_interval_ingestion.py for tasks to queue
[2026-05-23T12:15:56.168+0000] {logging_mixin.py:190} INFO - [2026-05-23T12:15:56.168+0000] {dagbag.py:588} INFO - Filling up the DagBag from /opt/airflow/dags/spark_interval_ingestion.py
[2026-05-23T12:15:56.182+0000] {processor.py:925} INFO - DAG(s) 'fraud_pipeline_bronze_hourly' retrieved from /opt/airflow/dags/spark_interval_ingestion.py
[2026-05-23T12:15:56.200+0000] {logging_mixin.py:190} INFO - [2026-05-23T12:15:56.200+0000] {dag.py:3239} INFO - Sync 1 DAGs
[2026-05-23T12:15:56.213+0000] {logging_mixin.py:190} INFO - [2026-05-23T12:15:56.213+0000] {dag.py:4180} INFO - Setting next_dagrun for fraud_pipeline_bronze_hourly to 2026-05-23 12:15:00+00:00, run_after=2026-05-23 12:20:00+00:00
[2026-05-23T12:15:56.222+0000] {processor.py:208} INFO - Processing /opt/airflow/dags/spark_interval_ingestion.py took 0.060 seconds
[2026-05-23T12:16:26.380+0000] {processor.py:186} INFO - Started process (PID=8313) to work on /opt/airflow/dags/spark_interval_ingestion.py
[2026-05-23T12:16:26.380+0000] {processor.py:914} INFO - Processing file /opt/airflow/dags/spark_interval_ingestion.py for tasks to queue
[2026-05-23T12:16:26.382+0000] {logging_mixin.py:190} INFO - [2026-05-23T12:16:26.382+0000] {dagbag.py:588} INFO - Filling up the DagBag from /opt/airflow/dags/spark_interval_ingestion.py
[2026-05-23T12:16:26.396+0000] {processor.py:925} INFO - DAG(s) 'fraud_pipeline_bronze_hourly' retrieved from /opt/airflow/dags/spark_interval_ingestion.py
[2026-05-23T12:16:26.416+0000] {logging_mixin.py:190} INFO - [2026-05-23T12:16:26.416+0000] {dag.py:3239} INFO - Sync 1 DAGs
[2026-05-23T12:16:26.430+0000] {logging_mixin.py:190} INFO - [2026-05-23T12:16:26.430+0000] {dag.py:4180} INFO - Setting next_dagrun for fraud_pipeline_bronze_hourly to 2026-05-23 12:15:00+00:00, run_after=2026-05-23 12:20:00+00:00
[2026-05-23T12:16:26.437+0000] {processor.py:208} INFO - Processing /opt/airflow/dags/spark_interval_ingestion.py took 0.063 seconds
[2026-05-23T12:16:56.622+0000] {processor.py:186} INFO - Started process (PID=8318) to work on /opt/airflow/dags/spark_interval_ingestion.py
[2026-05-23T12:16:56.622+0000] {processor.py:914} INFO - Processing file /opt/airflow/dags/spark_interval_ingestion.py for tasks to queue
[2026-05-23T12:16:56.623+0000] {logging_mixin.py:190} INFO - [2026-05-23T12:16:56.623+0000] {dagbag.py:588} INFO - Filling up the DagBag from /opt/airflow/dags/spark_interval_ingestion.py
[2026-05-23T12:16:56.637+0000] {processor.py:925} INFO - DAG(s) 'fraud_pipeline_bronze_hourly' retrieved from /opt/airflow/dags/spark_interval_ingestion.py
[2026-05-23T12:16:56.658+0000] {logging_mixin.py:190} INFO - [2026-05-23T12:16:56.658+0000] {dag.py:3239} INFO - Sync 1 DAGs
[2026-05-23T12:16:56.670+0000] {logging_mixin.py:190} INFO - [2026-05-23T12:16:56.670+0000] {dag.py:4180} INFO - Setting next_dagrun for fraud_pipeline_bronze_hourly to 2026-05-23 12:15:00+00:00, run_after=2026-05-23 12:20:00+00:00
[2026-05-23T12:16:56.677+0000] {processor.py:208} INFO - Processing /opt/airflow/dags/spark_interval_ingestion.py took 0.060 seconds
[2026-05-23T12:17:26.814+0000] {processor.py:186} INFO - Started process (PID=8323) to work on /opt/airflow/dags/spark_interval_ingestion.py
[2026-05-23T12:17:26.815+0000] {processor.py:914} INFO - Processing file /opt/airflow/dags/spark_interval_ingestion.py for tasks to queue
[2026-05-23T12:17:26.817+0000] {logging_mixin.py:190} INFO - [2026-05-23T12:17:26.816+0000] {dagbag.py:588} INFO - Filling up the DagBag from /opt/airflow/dags/spark_interval_ingestion.py
[2026-05-23T12:17:26.843+0000] {processor.py:925} INFO - DAG(s) 'fraud_pipeline_bronze_hourly' retrieved from /opt/airflow/dags/spark_interval_ingestion.py
[2026-05-23T12:17:26.870+0000] {logging_mixin.py:190} INFO - [2026-05-23T12:17:26.870+0000] {dag.py:3239} INFO - Sync 1 DAGs
[2026-05-23T12:17:26.887+0000] {logging_mixin.py:190} INFO - [2026-05-23T12:17:26.887+0000] {dag.py:4180} INFO - Setting next_dagrun for fraud_pipeline_bronze_hourly to 2026-05-23 12:15:00+00:00, run_after=2026-05-23 12:20:00+00:00
[2026-05-23T12:17:26.903+0000] {processor.py:208} INFO - Processing /opt/airflow/dags/spark_interval_ingestion.py took 0.095 seconds
[2026-05-23T12:17:57.029+0000] {processor.py:186} INFO - Started process (PID=8328) to work on /opt/airflow/dags/spark_interval_ingestion.py
[2026-05-23T12:17:57.030+0000] {processor.py:914} INFO - Processing file /opt/airflow/dags/spark_interval_ingestion.py for tasks to queue
[2026-05-23T12:17:57.031+0000] {logging_mixin.py:190} INFO - [2026-05-23T12:17:57.031+0000] {dagbag.py:588} INFO - Filling up the DagBag from /opt/airflow/dags/spark_interval_ingestion.py
[2026-05-23T12:17:57.038+0000] {processor.py:925} INFO - DAG(s) 'fraud_pipeline_bronze_hourly' retrieved from /opt/airflow/dags/spark_interval_ingestion.py
[2026-05-23T12:17:57.054+0000] {logging_mixin.py:190} INFO - [2026-05-23T12:17:57.054+0000] {dag.py:3239} INFO - Sync 1 DAGs
[2026-05-23T12:17:57.065+0000] {logging_mixin.py:190} INFO - [2026-05-23T12:17:57.065+0000] {dag.py:4180} INFO - Setting next_dagrun for fraud_pipeline_bronze_hourly to 2026-05-23 12:15:00+00:00, run_after=2026-05-23 12:20:00+00:00
[2026-05-23T12:17:57.072+0000] {processor.py:208} INFO - Processing /opt/airflow/dags/spark_interval_ingestion.py took 0.048 seconds
[2026-05-23T12:18:27.282+0000] {processor.py:186} INFO - Started process (PID=8333) to work on /opt/airflow/dags/spark_interval_ingestion.py
[2026-05-23T12:18:27.283+0000] {processor.py:914} INFO - Processing file /opt/airflow/dags/spark_interval_ingestion.py for tasks to queue
[2026-05-23T12:18:27.284+0000] {logging_mixin.py:190} INFO - [2026-05-23T12:18:27.283+0000] {dagbag.py:588} INFO - Filling up the DagBag from /opt/airflow/dags/spark_interval_ingestion.py
[2026-05-23T12:18:27.297+0000] {processor.py:925} INFO - DAG(s) 'fraud_pipeline_bronze_hourly' retrieved from /opt/airflow/dags/spark_interval_ingestion.py
[2026-05-23T12:18:27.320+0000] {logging_mixin.py:190} INFO - [2026-05-23T12:18:27.320+0000] {dag.py:3239} INFO - Sync 1 DAGs
[2026-05-23T12:18:27.338+0000] {logging_mixin.py:190} INFO - [2026-05-23T12:18:27.337+0000] {dag.py:4180} INFO - Setting next_dagrun for fraud_pipeline_bronze_hourly to 2026-05-23 12:15:00+00:00, run_after=2026-05-23 12:20:00+00:00
[2026-05-23T12:18:27.346+0000] {processor.py:208} INFO - Processing /opt/airflow/dags/spark_interval_ingestion.py took 0.071 seconds
[2026-05-23T12:18:57.503+0000] {processor.py:186} INFO - Started process (PID=8338) to work on /opt/airflow/dags/spark_interval_ingestion.py
[2026-05-23T12:18:57.504+0000] {processor.py:914} INFO - Processing file /opt/airflow/dags/spark_interval_ingestion.py for tasks to queue
[2026-05-23T12:18:57.505+0000] {logging_mixin.py:190} INFO - [2026-05-23T12:18:57.505+0000] {dagbag.py:588} INFO - Filling up the DagBag from /opt/airflow/dags/spark_interval_ingestion.py
[2026-05-23T12:18:57.515+0000] {processor.py:925} INFO - DAG(s) 'fraud_pipeline_bronze_hourly' retrieved from /opt/airflow/dags/spark_interval_ingestion.py
[2026-05-23T12:18:57.535+0000] {logging_mixin.py:190} INFO - [2026-05-23T12:18:57.535+0000] {dag.py:3239} INFO - Sync 1 DAGs
[2026-05-23T12:18:57.547+0000] {logging_mixin.py:190} INFO - [2026-05-23T12:18:57.547+0000] {dag.py:4180} INFO - Setting next_dagrun for fraud_pipeline_bronze_hourly to 2026-05-23 12:15:00+00:00, run_after=2026-05-23 12:20:00+00:00
[2026-05-23T12:18:57.554+0000] {processor.py:208} INFO - Processing /opt/airflow/dags/spark_interval_ingestion.py took 0.055 seconds
[2026-05-23T12:19:27.691+0000] {processor.py:186} INFO - Started process (PID=8343) to work on /opt/airflow/dags/spark_interval_ingestion.py
[2026-05-23T12:19:27.691+0000] {processor.py:914} INFO - Processing file /opt/airflow/dags/spark_interval_ingestion.py for tasks to queue
[2026-05-23T12:19:27.692+0000] {logging_mixin.py:190} INFO - [2026-05-23T12:19:27.692+0000] {dagbag.py:588} INFO - Filling up the DagBag from /opt/airflow/dags/spark_interval_ingestion.py
[2026-05-23T12:19:27.703+0000] {processor.py:925} INFO - DAG(s) 'fraud_pipeline_bronze_hourly' retrieved from /opt/airflow/dags/spark_interval_ingestion.py
[2026-05-23T12:19:27.727+0000] {logging_mixin.py:190} INFO - [2026-05-23T12:19:27.727+0000] {dag.py:3239} INFO - Sync 1 DAGs
[2026-05-23T12:19:27.747+0000] {logging_mixin.py:190} INFO - [2026-05-23T12:19:27.747+0000] {dag.py:4180} INFO - Setting next_dagrun for fraud_pipeline_bronze_hourly to 2026-05-23 12:15:00+00:00, run_after=2026-05-23 12:20:00+00:00
[2026-05-23T12:19:27.754+0000] {processor.py:208} INFO - Processing /opt/airflow/dags/spark_interval_ingestion.py took 0.068 seconds
[2026-05-23T12:19:57.978+0000] {processor.py:186} INFO - Started process (PID=8348) to work on /opt/airflow/dags/spark_interval_ingestion.py
[2026-05-23T12:19:57.978+0000] {processor.py:914} INFO - Processing file /opt/airflow/dags/spark_interval_ingestion.py for tasks to queue
[2026-05-23T12:19:57.979+0000] {logging_mixin.py:190} INFO - [2026-05-23T12:19:57.979+0000] {dagbag.py:588} INFO - Filling up the DagBag from /opt/airflow/dags/spark_interval_ingestion.py
[2026-05-23T12:19:57.994+0000] {processor.py:925} INFO - DAG(s) 'fraud_pipeline_bronze_hourly' retrieved from /opt/airflow/dags/spark_interval_ingestion.py
[2026-05-23T12:19:58.018+0000] {logging_mixin.py:190} INFO - [2026-05-23T12:19:58.018+0000] {dag.py:3239} INFO - Sync 1 DAGs
[2026-05-23T12:19:58.039+0000] {logging_mixin.py:190} INFO - [2026-05-23T12:19:58.039+0000] {dag.py:4180} INFO - Setting next_dagrun for fraud_pipeline_bronze_hourly to 2026-05-23 12:15:00+00:00, run_after=2026-05-23 12:20:00+00:00
[2026-05-23T12:19:58.048+0000] {processor.py:208} INFO - Processing /opt/airflow/dags/spark_interval_ingestion.py took 0.075 seconds
[2026-05-23T12:20:28.200+0000] {processor.py:186} INFO - Started process (PID=8678) to work on /opt/airflow/dags/spark_interval_ingestion.py
[2026-05-23T12:20:28.201+0000] {processor.py:914} INFO - Processing file /opt/airflow/dags/spark_interval_ingestion.py for tasks to queue
[2026-05-23T12:20:28.204+0000] {logging_mixin.py:190} INFO - [2026-05-23T12:20:28.204+0000] {dagbag.py:588} INFO - Filling up the DagBag from /opt/airflow/dags/spark_interval_ingestion.py
[2026-05-23T12:20:28.218+0000] {processor.py:925} INFO - DAG(s) 'fraud_pipeline_bronze_hourly' retrieved from /opt/airflow/dags/spark_interval_ingestion.py
[2026-05-23T12:20:28.236+0000] {logging_mixin.py:190} INFO - [2026-05-23T12:20:28.236+0000] {dag.py:3239} INFO - Sync 1 DAGs
[2026-05-23T12:20:28.248+0000] {logging_mixin.py:190} INFO - [2026-05-23T12:20:28.248+0000] {dag.py:4180} INFO - Setting next_dagrun for fraud_pipeline_bronze_hourly to 2026-05-23 12:20:00+00:00, run_after=2026-05-23 12:25:00+00:00
[2026-05-23T12:20:28.256+0000] {processor.py:208} INFO - Processing /opt/airflow/dags/spark_interval_ingestion.py took 0.059 seconds
[2026-05-23T12:20:58.470+0000] {processor.py:186} INFO - Started process (PID=8683) to work on /opt/airflow/dags/spark_interval_ingestion.py
[2026-05-23T12:20:58.471+0000] {processor.py:914} INFO - Processing file /opt/airflow/dags/spark_interval_ingestion.py for tasks to queue
[2026-05-23T12:20:58.473+0000] {logging_mixin.py:190} INFO - [2026-05-23T12:20:58.472+0000] {dagbag.py:588} INFO - Filling up the DagBag from /opt/airflow/dags/spark_interval_ingestion.py
[2026-05-23T12:20:58.483+0000] {processor.py:925} INFO - DAG(s) 'fraud_pipeline_bronze_hourly' retrieved from /opt/airflow/dags/spark_interval_ingestion.py
[2026-05-23T12:20:58.505+0000] {logging_mixin.py:190} INFO - [2026-05-23T12:20:58.505+0000] {dag.py:3239} INFO - Sync 1 DAGs
[2026-05-23T12:20:58.517+0000] {logging_mixin.py:190} INFO - [2026-05-23T12:20:58.517+0000] {dag.py:4180} INFO - Setting next_dagrun for fraud_pipeline_bronze_hourly to 2026-05-23 12:20:00+00:00, run_after=2026-05-23 12:25:00+00:00
[2026-05-23T12:20:58.524+0000] {processor.py:208} INFO - Processing /opt/airflow/dags/spark_interval_ingestion.py took 0.066 seconds
[2026-05-23T12:21:28.690+0000] {processor.py:186} INFO - Started process (PID=8688) to work on /opt/airflow/dags/spark_interval_ingestion.py
[2026-05-23T12:21:28.692+0000] {processor.py:914} INFO - Processing file /opt/airflow/dags/spark_interval_ingestion.py for tasks to queue
[2026-05-23T12:21:28.694+0000] {logging_mixin.py:190} INFO - [2026-05-23T12:21:28.694+0000] {dagbag.py:588} INFO - Filling up the DagBag from /opt/airflow/dags/spark_interval_ingestion.py
[2026-05-23T12:21:28.710+0000] {processor.py:925} INFO - DAG(s) 'fraud_pipeline_bronze_hourly' retrieved from /opt/airflow/dags/spark_interval_ingestion.py
[2026-05-23T12:21:28.731+0000] {logging_mixin.py:190} INFO - [2026-05-23T12:21:28.731+0000] {dag.py:3239} INFO - Sync 1 DAGs
[2026-05-23T12:21:28.743+0000] {logging_mixin.py:190} INFO - [2026-05-23T12:21:28.743+0000] {dag.py:4180} INFO - Setting next_dagrun for fraud_pipeline_bronze_hourly to 2026-05-23 12:20:00+00:00, run_after=2026-05-23 12:25:00+00:00
[2026-05-23T12:21:28.749+0000] {processor.py:208} INFO - Processing /opt/airflow/dags/spark_interval_ingestion.py took 0.068 seconds
[2026-05-23T12:23:48.658+0000] {processor.py:186} INFO - Started process (PID=8693) to work on /opt/airflow/dags/spark_interval_ingestion.py
[2026-05-23T12:23:48.659+0000] {processor.py:914} INFO - Processing file /opt/airflow/dags/spark_interval_ingestion.py for tasks to queue
[2026-05-23T12:23:48.660+0000] {logging_mixin.py:190} INFO - [2026-05-23T12:23:48.660+0000] {dagbag.py:588} INFO - Filling up the DagBag from /opt/airflow/dags/spark_interval_ingestion.py
[2026-05-23T12:23:48.675+0000] {processor.py:925} INFO - DAG(s) 'fraud_medallion_pipeline' retrieved from /opt/airflow/dags/spark_interval_ingestion.py
[2026-05-23T12:23:48.774+0000] {logging_mixin.py:190} INFO - [2026-05-23T12:23:48.773+0000] {override.py:1932} INFO - Created Permission View: can delete on DAG:fraud_medallion_pipeline
[2026-05-23T12:23:48.776+0000] {logging_mixin.py:190} INFO - [2026-05-23T12:23:48.776+0000] {override.py:1932} INFO - Created Permission View: can read on DAG:fraud_medallion_pipeline
[2026-05-23T12:23:48.778+0000] {logging_mixin.py:190} INFO - [2026-05-23T12:23:48.778+0000] {override.py:1932} INFO - Created Permission View: can edit on DAG:fraud_medallion_pipeline
[2026-05-23T12:23:48.779+0000] {logging_mixin.py:190} INFO - [2026-05-23T12:23:48.779+0000] {override.py:1932} INFO - Created Permission View: menu access on DAG Run:fraud_medallion_pipeline
[2026-05-23T12:23:48.781+0000] {logging_mixin.py:190} INFO - [2026-05-23T12:23:48.780+0000] {override.py:1932} INFO - Created Permission View: can delete on DAG Run:fraud_medallion_pipeline
[2026-05-23T12:23:48.782+0000] {logging_mixin.py:190} INFO - [2026-05-23T12:23:48.782+0000] {override.py:1932} INFO - Created Permission View: can read on DAG Run:fraud_medallion_pipeline
[2026-05-23T12:23:48.784+0000] {logging_mixin.py:190} INFO - [2026-05-23T12:23:48.784+0000] {override.py:1932} INFO - Created Permission View: can create on DAG Run:fraud_medallion_pipeline
[2026-05-23T12:23:48.784+0000] {logging_mixin.py:190} INFO - [2026-05-23T12:23:48.784+0000] {dag.py:3239} INFO - Sync 1 DAGs
[2026-05-23T12:23:48.790+0000] {logging_mixin.py:190} INFO - [2026-05-23T12:23:48.790+0000] {dag.py:3262} INFO - Creating ORM DAG for fraud_medallion_pipeline
[2026-05-23T12:23:48.795+0000] {logging_mixin.py:190} INFO - [2026-05-23T12:23:48.795+0000] {dag.py:4180} INFO - Setting next_dagrun for fraud_medallion_pipeline to 2026-05-23 12:15:00+00:00, run_after=2026-05-23 12:20:00+00:00
[2026-05-23T12:23:48.802+0000] {processor.py:208} INFO - Processing /opt/airflow/dags/spark_interval_ingestion.py took 0.149 seconds
[2026-05-23T12:24:18.877+0000] {processor.py:186} INFO - Started process (PID=8698) to work on /opt/airflow/dags/spark_interval_ingestion.py
[2026-05-23T12:24:18.879+0000] {processor.py:914} INFO - Processing file /opt/airflow/dags/spark_interval_ingestion.py for tasks to queue
[2026-05-23T12:24:18.881+0000] {logging_mixin.py:190} INFO - [2026-05-23T12:24:18.880+0000] {dagbag.py:588} INFO - Filling up the DagBag from /opt/airflow/dags/spark_interval_ingestion.py
[2026-05-23T12:24:18.895+0000] {processor.py:925} INFO - DAG(s) 'fraud_medallion_pipeline' retrieved from /opt/airflow/dags/spark_interval_ingestion.py
[2026-05-23T12:24:18.916+0000] {logging_mixin.py:190} INFO - [2026-05-23T12:24:18.916+0000] {dag.py:3239} INFO - Sync 1 DAGs
[2026-05-23T12:24:18.927+0000] {logging_mixin.py:190} INFO - [2026-05-23T12:24:18.927+0000] {dag.py:4180} INFO - Setting next_dagrun for fraud_medallion_pipeline to 2026-05-23 12:15:00+00:00, run_after=2026-05-23 12:20:00+00:00
[2026-05-23T12:24:18.933+0000] {processor.py:208} INFO - Processing /opt/airflow/dags/spark_interval_ingestion.py took 0.062 seconds
[2026-05-23T12:24:49.081+0000] {processor.py:186} INFO - Started process (PID=9213) to work on /opt/airflow/dags/spark_interval_ingestion.py
[2026-05-23T12:24:49.082+0000] {processor.py:914} INFO - Processing file /opt/airflow/dags/spark_interval_ingestion.py for tasks to queue
[2026-05-23T12:24:49.082+0000] {logging_mixin.py:190} INFO - [2026-05-23T12:24:49.082+0000] {dagbag.py:588} INFO - Filling up the DagBag from /opt/airflow/dags/spark_interval_ingestion.py
[2026-05-23T12:24:49.089+0000] {processor.py:925} INFO - DAG(s) 'fraud_medallion_pipeline' retrieved from /opt/airflow/dags/spark_interval_ingestion.py
[2026-05-23T12:24:49.104+0000] {logging_mixin.py:190} INFO - [2026-05-23T12:24:49.104+0000] {dag.py:3239} INFO - Sync 1 DAGs
[2026-05-23T12:24:49.116+0000] {logging_mixin.py:190} INFO - [2026-05-23T12:24:49.116+0000] {dag.py:4180} INFO - Setting next_dagrun for fraud_medallion_pipeline to 2026-05-23 12:20:00+00:00, run_after=2026-05-23 12:25:00+00:00
[2026-05-23T12:24:49.123+0000] {processor.py:208} INFO - Processing /opt/airflow/dags/spark_interval_ingestion.py took 0.045 seconds
[2026-05-23T12:25:19.280+0000] {processor.py:186} INFO - Started process (PID=9729) to work on /opt/airflow/dags/spark_interval_ingestion.py
[2026-05-23T12:25:19.281+0000] {processor.py:914} INFO - Processing file /opt/airflow/dags/spark_interval_ingestion.py for tasks to queue
[2026-05-23T12:25:19.282+0000] {logging_mixin.py:190} INFO - [2026-05-23T12:25:19.282+0000] {dagbag.py:588} INFO - Filling up the DagBag from /opt/airflow/dags/spark_interval_ingestion.py
[2026-05-23T12:25:19.294+0000] {processor.py:925} INFO - DAG(s) 'fraud_medallion_pipeline' retrieved from /opt/airflow/dags/spark_interval_ingestion.py
[2026-05-23T12:25:19.311+0000] {logging_mixin.py:190} INFO - [2026-05-23T12:25:19.311+0000] {dag.py:3239} INFO - Sync 1 DAGs
[2026-05-23T12:25:19.324+0000] {logging_mixin.py:190} INFO - [2026-05-23T12:25:19.323+0000] {dag.py:4180} INFO - Setting next_dagrun for fraud_medallion_pipeline to 2026-05-23 12:25:00+00:00, run_after=2026-05-23 12:30:00+00:00
[2026-05-23T12:25:19.334+0000] {processor.py:208} INFO - Processing /opt/airflow/dags/spark_interval_ingestion.py took 0.059 seconds
[2026-05-23T12:25:49.542+0000] {processor.py:186} INFO - Started process (PID=9734) to work on /opt/airflow/dags/spark_interval_ingestion.py
[2026-05-23T12:25:49.542+0000] {processor.py:914} INFO - Processing file /opt/airflow/dags/spark_interval_ingestion.py for tasks to queue
[2026-05-23T12:25:49.543+0000] {logging_mixin.py:190} INFO - [2026-05-23T12:25:49.543+0000] {dagbag.py:588} INFO - Filling up the DagBag from /opt/airflow/dags/spark_interval_ingestion.py
[2026-05-23T12:25:49.559+0000] {processor.py:925} INFO - DAG(s) 'fraud_medallion_pipeline' retrieved from /opt/airflow/dags/spark_interval_ingestion.py
[2026-05-23T12:25:49.574+0000] {logging_mixin.py:190} INFO - [2026-05-23T12:25:49.574+0000] {dag.py:3239} INFO - Sync 1 DAGs
[2026-05-23T12:25:49.589+0000] {logging_mixin.py:190} INFO - [2026-05-23T12:25:49.589+0000] {dag.py:4180} INFO - Setting next_dagrun for fraud_medallion_pipeline to 2026-05-23 12:25:00+00:00, run_after=2026-05-23 12:30:00+00:00
[2026-05-23T12:25:49.595+0000] {processor.py:208} INFO - Processing /opt/airflow/dags/spark_interval_ingestion.py took 0.057 seconds
[2026-05-23T12:26:19.766+0000] {processor.py:186} INFO - Started process (PID=9739) to work on /opt/airflow/dags/spark_interval_ingestion.py
[2026-05-23T12:26:19.768+0000] {processor.py:914} INFO - Processing file /opt/airflow/dags/spark_interval_ingestion.py for tasks to queue
[2026-05-23T12:26:19.769+0000] {logging_mixin.py:190} INFO - [2026-05-23T12:26:19.769+0000] {dagbag.py:588} INFO - Filling up the DagBag from /opt/airflow/dags/spark_interval_ingestion.py
[2026-05-23T12:26:19.780+0000] {processor.py:925} INFO - DAG(s) 'fraud_medallion_pipeline' retrieved from /opt/airflow/dags/spark_interval_ingestion.py
[2026-05-23T12:26:19.805+0000] {logging_mixin.py:190} INFO - [2026-05-23T12:26:19.805+0000] {dag.py:3239} INFO - Sync 1 DAGs
[2026-05-23T12:26:19.818+0000] {logging_mixin.py:190} INFO - [2026-05-23T12:26:19.818+0000] {dag.py:4180} INFO - Setting next_dagrun for fraud_medallion_pipeline to 2026-05-23 12:25:00+00:00, run_after=2026-05-23 12:30:00+00:00
[2026-05-23T12:26:19.825+0000] {processor.py:208} INFO - Processing /opt/airflow/dags/spark_interval_ingestion.py took 0.066 seconds
[2026-05-23T12:26:49.993+0000] {processor.py:186} INFO - Started process (PID=9744) to work on /opt/airflow/dags/spark_interval_ingestion.py
[2026-05-23T12:26:49.996+0000] {processor.py:914} INFO - Processing file /opt/airflow/dags/spark_interval_ingestion.py for tasks to queue
[2026-05-23T12:26:49.998+0000] {logging_mixin.py:190} INFO - [2026-05-23T12:26:49.997+0000] {dagbag.py:588} INFO - Filling up the DagBag from /opt/airflow/dags/spark_interval_ingestion.py
[2026-05-23T12:26:50.012+0000] {processor.py:925} INFO - DAG(s) 'fraud_medallion_pipeline' retrieved from /opt/airflow/dags/spark_interval_ingestion.py
[2026-05-23T12:26:50.035+0000] {logging_mixin.py:190} INFO - [2026-05-23T12:26:50.035+0000] {dag.py:3239} INFO - Sync 1 DAGs
[2026-05-23T12:26:50.051+0000] {logging_mixin.py:190} INFO - [2026-05-23T12:26:50.051+0000] {dag.py:4180} INFO - Setting next_dagrun for fraud_medallion_pipeline to 2026-05-23 12:25:00+00:00, run_after=2026-05-23 12:30:00+00:00
[2026-05-23T12:26:50.059+0000] {processor.py:208} INFO - Processing /opt/airflow/dags/spark_interval_ingestion.py took 0.072 seconds
[2026-05-23T12:27:20.215+0000] {processor.py:186} INFO - Started process (PID=9749) to work on /opt/airflow/dags/spark_interval_ingestion.py
[2026-05-23T12:27:20.216+0000] {processor.py:914} INFO - Processing file /opt/airflow/dags/spark_interval_ingestion.py for tasks to queue
[2026-05-23T12:27:20.217+0000] {logging_mixin.py:190} INFO - [2026-05-23T12:27:20.217+0000] {dagbag.py:588} INFO - Filling up the DagBag from /opt/airflow/dags/spark_interval_ingestion.py
[2026-05-23T12:27:20.234+0000] {processor.py:925} INFO - DAG(s) 'fraud_medallion_pipeline' retrieved from /opt/airflow/dags/spark_interval_ingestion.py
[2026-05-23T12:27:20.257+0000] {logging_mixin.py:190} INFO - [2026-05-23T12:27:20.257+0000] {dag.py:3239} INFO - Sync 1 DAGs
[2026-05-23T12:27:20.269+0000] {logging_mixin.py:190} INFO - [2026-05-23T12:27:20.269+0000] {dag.py:4180} INFO - Setting next_dagrun for fraud_medallion_pipeline to 2026-05-23 12:25:00+00:00, run_after=2026-05-23 12:30:00+00:00
[2026-05-23T12:27:20.275+0000] {processor.py:208} INFO - Processing /opt/airflow/dags/spark_interval_ingestion.py took 0.071 seconds
[2026-05-23T12:27:50.448+0000] {processor.py:186} INFO - Started process (PID=9754) to work on /opt/airflow/dags/spark_interval_ingestion.py
[2026-05-23T12:27:50.449+0000] {processor.py:914} INFO - Processing file /opt/airflow/dags/spark_interval_ingestion.py for tasks to queue
[2026-05-23T12:27:50.450+0000] {logging_mixin.py:190} INFO - [2026-05-23T12:27:50.449+0000] {dagbag.py:588} INFO - Filling up the DagBag from /opt/airflow/dags/spark_interval_ingestion.py
[2026-05-23T12:27:50.463+0000] {processor.py:925} INFO - DAG(s) 'fraud_medallion_pipeline' retrieved from /opt/airflow/dags/spark_interval_ingestion.py
[2026-05-23T12:27:50.482+0000] {logging_mixin.py:190} INFO - [2026-05-23T12:27:50.482+0000] {dag.py:3239} INFO - Sync 1 DAGs
[2026-05-23T12:27:50.495+0000] {logging_mixin.py:190} INFO - [2026-05-23T12:27:50.495+0000] {dag.py:4180} INFO - Setting next_dagrun for fraud_medallion_pipeline to 2026-05-23 12:25:00+00:00, run_after=2026-05-23 12:30:00+00:00
[2026-05-23T12:27:50.502+0000] {processor.py:208} INFO - Processing /opt/airflow/dags/spark_interval_ingestion.py took 0.059 seconds
[2026-05-23T12:28:20.681+0000] {processor.py:186} INFO - Started process (PID=9759) to work on /opt/airflow/dags/spark_interval_ingestion.py
[2026-05-23T12:28:20.683+0000] {processor.py:914} INFO - Processing file /opt/airflow/dags/spark_interval_ingestion.py for tasks to queue
[2026-05-23T12:28:20.684+0000] {logging_mixin.py:190} INFO - [2026-05-23T12:28:20.684+0000] {dagbag.py:588} INFO - Filling up the DagBag from /opt/airflow/dags/spark_interval_ingestion.py
[2026-05-23T12:28:20.701+0000] {processor.py:925} INFO - DAG(s) 'fraud_medallion_pipeline' retrieved from /opt/airflow/dags/spark_interval_ingestion.py
[2026-05-23T12:28:20.722+0000] {logging_mixin.py:190} INFO - [2026-05-23T12:28:20.722+0000] {dag.py:3239} INFO - Sync 1 DAGs
[2026-05-23T12:28:20.733+0000] {logging_mixin.py:190} INFO - [2026-05-23T12:28:20.733+0000] {dag.py:4180} INFO - Setting next_dagrun for fraud_medallion_pipeline to 2026-05-23 12:25:00+00:00, run_after=2026-05-23 12:30:00+00:00
[2026-05-23T12:28:20.739+0000] {processor.py:208} INFO - Processing /opt/airflow/dags/spark_interval_ingestion.py took 0.066 seconds
[2026-05-23T12:28:50.908+0000] {processor.py:186} INFO - Started process (PID=9764) to work on /opt/airflow/dags/spark_interval_ingestion.py
[2026-05-23T12:28:50.909+0000] {processor.py:914} INFO - Processing file /opt/airflow/dags/spark_interval_ingestion.py for tasks to queue
[2026-05-23T12:28:50.910+0000] {logging_mixin.py:190} INFO - [2026-05-23T12:28:50.909+0000] {dagbag.py:588} INFO - Filling up the DagBag from /opt/airflow/dags/spark_interval_ingestion.py
[2026-05-23T12:28:50.920+0000] {processor.py:925} INFO - DAG(s) 'fraud_medallion_pipeline' retrieved from /opt/airflow/dags/spark_interval_ingestion.py
[2026-05-23T12:28:50.937+0000] {logging_mixin.py:190} INFO - [2026-05-23T12:28:50.937+0000] {dag.py:3239} INFO - Sync 1 DAGs
[2026-05-23T12:28:50.947+0000] {logging_mixin.py:190} INFO - [2026-05-23T12:28:50.947+0000] {dag.py:4180} INFO - Setting next_dagrun for fraud_medallion_pipeline to 2026-05-23 12:25:00+00:00, run_after=2026-05-23 12:30:00+00:00
[2026-05-23T12:28:50.952+0000] {processor.py:208} INFO - Processing /opt/airflow/dags/spark_interval_ingestion.py took 0.050 seconds
[2026-05-23T12:29:21.122+0000] {processor.py:186} INFO - Started process (PID=9769) to work on /opt/airflow/dags/spark_interval_ingestion.py
[2026-05-23T12:29:21.123+0000] {processor.py:914} INFO - Processing file /opt/airflow/dags/spark_interval_ingestion.py for tasks to queue
[2026-05-23T12:29:21.124+0000] {logging_mixin.py:190} INFO - [2026-05-23T12:29:21.124+0000] {dagbag.py:588} INFO - Filling up the DagBag from /opt/airflow/dags/spark_interval_ingestion.py
[2026-05-23T12:29:21.135+0000] {processor.py:925} INFO - DAG(s) 'fraud_medallion_pipeline' retrieved from /opt/airflow/dags/spark_interval_ingestion.py
[2026-05-23T12:29:21.153+0000] {logging_mixin.py:190} INFO - [2026-05-23T12:29:21.153+0000] {dag.py:3239} INFO - Sync 1 DAGs
[2026-05-23T12:29:21.163+0000] {logging_mixin.py:190} INFO - [2026-05-23T12:29:21.163+0000] {dag.py:4180} INFO - Setting next_dagrun for fraud_medallion_pipeline to 2026-05-23 12:25:00+00:00, run_after=2026-05-23 12:30:00+00:00
[2026-05-23T12:29:21.169+0000] {processor.py:208} INFO - Processing /opt/airflow/dags/spark_interval_ingestion.py took 0.051 seconds
[2026-05-23T12:29:51.346+0000] {processor.py:186} INFO - Started process (PID=9774) to work on /opt/airflow/dags/spark_interval_ingestion.py
[2026-05-23T12:29:51.347+0000] {processor.py:914} INFO - Processing file /opt/airflow/dags/spark_interval_ingestion.py for tasks to queue
[2026-05-23T12:29:51.348+0000] {logging_mixin.py:190} INFO - [2026-05-23T12:29:51.348+0000] {dagbag.py:588} INFO - Filling up the DagBag from /opt/airflow/dags/spark_interval_ingestion.py
[2026-05-23T12:29:51.359+0000] {processor.py:925} INFO - DAG(s) 'fraud_medallion_pipeline' retrieved from /opt/airflow/dags/spark_interval_ingestion.py
[2026-05-23T12:29:51.378+0000] {logging_mixin.py:190} INFO - [2026-05-23T12:29:51.378+0000] {dag.py:3239} INFO - Sync 1 DAGs
[2026-05-23T12:29:51.389+0000] {logging_mixin.py:190} INFO - [2026-05-23T12:29:51.389+0000] {dag.py:4180} INFO - Setting next_dagrun for fraud_medallion_pipeline to 2026-05-23 12:25:00+00:00, run_after=2026-05-23 12:30:00+00:00
[2026-05-23T12:29:51.394+0000] {processor.py:208} INFO - Processing /opt/airflow/dags/spark_interval_ingestion.py took 0.053 seconds
[2026-05-23T12:30:21.536+0000] {processor.py:186} INFO - Started process (PID=10518) to work on /opt/airflow/dags/spark_interval_ingestion.py
[2026-05-23T12:30:21.539+0000] {processor.py:914} INFO - Processing file /opt/airflow/dags/spark_interval_ingestion.py for tasks to queue
[2026-05-23T12:30:21.541+0000] {logging_mixin.py:190} INFO - [2026-05-23T12:30:21.540+0000] {dagbag.py:588} INFO - Filling up the DagBag from /opt/airflow/dags/spark_interval_ingestion.py
[2026-05-23T12:30:21.552+0000] {processor.py:925} INFO - DAG(s) 'fraud_medallion_pipeline' retrieved from /opt/airflow/dags/spark_interval_ingestion.py
[2026-05-23T12:30:21.579+0000] {logging_mixin.py:190} INFO - [2026-05-23T12:30:21.579+0000] {dag.py:3239} INFO - Sync 1 DAGs
[2026-05-23T12:30:21.592+0000] {logging_mixin.py:190} INFO - [2026-05-23T12:30:21.592+0000] {dag.py:4180} INFO - Setting next_dagrun for fraud_medallion_pipeline to 2026-05-23 12:30:00+00:00, run_after=2026-05-23 12:35:00+00:00
[2026-05-23T12:30:21.598+0000] {processor.py:208} INFO - Processing /opt/airflow/dags/spark_interval_ingestion.py took 0.068 seconds
[2026-05-23T12:30:51.741+0000] {processor.py:186} INFO - Started process (PID=10523) to work on /opt/airflow/dags/spark_interval_ingestion.py
[2026-05-23T12:30:51.742+0000] {processor.py:914} INFO - Processing file /opt/airflow/dags/spark_interval_ingestion.py for tasks to queue
[2026-05-23T12:30:51.743+0000] {logging_mixin.py:190} INFO - [2026-05-23T12:30:51.743+0000] {dagbag.py:588} INFO - Filling up the DagBag from /opt/airflow/dags/spark_interval_ingestion.py
[2026-05-23T12:30:51.756+0000] {processor.py:925} INFO - DAG(s) 'fraud_medallion_pipeline' retrieved from /opt/airflow/dags/spark_interval_ingestion.py
[2026-05-23T12:30:51.772+0000] {logging_mixin.py:190} INFO - [2026-05-23T12:30:51.771+0000] {dag.py:3239} INFO - Sync 1 DAGs
[2026-05-23T12:30:51.783+0000] {logging_mixin.py:190} INFO - [2026-05-23T12:30:51.782+0000] {dag.py:4180} INFO - Setting next_dagrun for fraud_medallion_pipeline to 2026-05-23 12:30:00+00:00, run_after=2026-05-23 12:35:00+00:00
[2026-05-23T12:30:51.789+0000] {processor.py:208} INFO - Processing /opt/airflow/dags/spark_interval_ingestion.py took 0.051 seconds
[2026-05-23T12:31:21.976+0000] {processor.py:186} INFO - Started process (PID=10528) to work on /opt/airflow/dags/spark_interval_ingestion.py
[2026-05-23T12:31:21.978+0000] {processor.py:914} INFO - Processing file /opt/airflow/dags/spark_interval_ingestion.py for tasks to queue
[2026-05-23T12:31:21.979+0000] {logging_mixin.py:190} INFO - [2026-05-23T12:31:21.979+0000] {dagbag.py:588} INFO - Filling up the DagBag from /opt/airflow/dags/spark_interval_ingestion.py
[2026-05-23T12:31:21.999+0000] {processor.py:925} INFO - DAG(s) 'fraud_medallion_pipeline' retrieved from /opt/airflow/dags/spark_interval_ingestion.py
[2026-05-23T12:31:22.024+0000] {logging_mixin.py:190} INFO - [2026-05-23T12:31:22.024+0000] {dag.py:3239} INFO - Sync 1 DAGs
[2026-05-23T12:31:22.038+0000] {logging_mixin.py:190} INFO - [2026-05-23T12:31:22.038+0000] {dag.py:4180} INFO - Setting next_dagrun for fraud_medallion_pipeline to 2026-05-23 12:30:00+00:00, run_after=2026-05-23 12:35:00+00:00
[2026-05-23T12:31:22.045+0000] {processor.py:208} INFO - Processing /opt/airflow/dags/spark_interval_ingestion.py took 0.080 seconds
[2026-05-23T12:31:52.190+0000] {processor.py:186} INFO - Started process (PID=10533) to work on /opt/airflow/dags/spark_interval_ingestion.py
[2026-05-23T12:31:52.191+0000] {processor.py:914} INFO - Processing file /opt/airflow/dags/spark_interval_ingestion.py for tasks to queue
[2026-05-23T12:31:52.194+0000] {logging_mixin.py:190} INFO - [2026-05-23T12:31:52.194+0000] {dagbag.py:588} INFO - Filling up the DagBag from /opt/airflow/dags/spark_interval_ingestion.py
[2026-05-23T12:31:52.211+0000] {processor.py:925} INFO - DAG(s) 'fraud_medallion_pipeline' retrieved from /opt/airflow/dags/spark_interval_ingestion.py
[2026-05-23T12:31:52.240+0000] {logging_mixin.py:190} INFO - [2026-05-23T12:31:52.240+0000] {dag.py:3239} INFO - Sync 1 DAGs
[2026-05-23T12:31:52.255+0000] {logging_mixin.py:190} INFO - [2026-05-23T12:31:52.255+0000] {dag.py:4180} INFO - Setting next_dagrun for fraud_medallion_pipeline to 2026-05-23 12:30:00+00:00, run_after=2026-05-23 12:35:00+00:00
[2026-05-23T12:31:52.263+0000] {processor.py:208} INFO - Processing /opt/airflow/dags/spark_interval_ingestion.py took 0.079 seconds
[2026-05-23T12:32:22.483+0000] {processor.py:186} INFO - Started process (PID=10538) to work on /opt/airflow/dags/spark_interval_ingestion.py
[2026-05-23T12:32:22.484+0000] {processor.py:914} INFO - Processing file /opt/airflow/dags/spark_interval_ingestion.py for tasks to queue
[2026-05-23T12:32:22.486+0000] {logging_mixin.py:190} INFO - [2026-05-23T12:32:22.486+0000] {dagbag.py:588} INFO - Filling up the DagBag from /opt/airflow/dags/spark_interval_ingestion.py
[2026-05-23T12:32:22.501+0000] {processor.py:925} INFO - DAG(s) 'fraud_medallion_pipeline' retrieved from /opt/airflow/dags/spark_interval_ingestion.py
[2026-05-23T12:32:22.520+0000] {logging_mixin.py:190} INFO - [2026-05-23T12:32:22.520+0000] {dag.py:3239} INFO - Sync 1 DAGs
[2026-05-23T12:32:22.533+0000] {logging_mixin.py:190} INFO - [2026-05-23T12:32:22.533+0000] {dag.py:4180} INFO - Setting next_dagrun for fraud_medallion_pipeline to 2026-05-23 12:30:00+00:00, run_after=2026-05-23 12:35:00+00:00
[2026-05-23T12:32:22.540+0000] {processor.py:208} INFO - Processing /opt/airflow/dags/spark_interval_ingestion.py took 0.063 seconds
[2026-05-23T12:32:52.690+0000] {processor.py:186} INFO - Started process (PID=10547) to work on /opt/airflow/dags/spark_interval_ingestion.py
[2026-05-23T12:32:52.691+0000] {processor.py:914} INFO - Processing file /opt/airflow/dags/spark_interval_ingestion.py for tasks to queue
[2026-05-23T12:32:52.693+0000] {logging_mixin.py:190} INFO - [2026-05-23T12:32:52.692+0000] {dagbag.py:588} INFO - Filling up the DagBag from /opt/airflow/dags/spark_interval_ingestion.py
[2026-05-23T12:32:52.704+0000] {processor.py:925} INFO - DAG(s) 'fraud_medallion_pipeline' retrieved from /opt/airflow/dags/spark_interval_ingestion.py
[2026-05-23T12:32:52.723+0000] {logging_mixin.py:190} INFO - [2026-05-23T12:32:52.723+0000] {dag.py:3239} INFO - Sync 1 DAGs
[2026-05-23T12:32:52.735+0000] {logging_mixin.py:190} INFO - [2026-05-23T12:32:52.735+0000] {dag.py:4180} INFO - Setting next_dagrun for fraud_medallion_pipeline to 2026-05-23 12:30:00+00:00, run_after=2026-05-23 12:35:00+00:00
[2026-05-23T12:32:52.741+0000] {processor.py:208} INFO - Processing /opt/airflow/dags/spark_interval_ingestion.py took 0.057 seconds
[2026-05-23T12:33:22.956+0000] {processor.py:186} INFO - Started process (PID=28157) to work on /opt/airflow/dags/spark_interval_ingestion.py
[2026-05-23T12:33:22.957+0000] {processor.py:914} INFO - Processing file /opt/airflow/dags/spark_interval_ingestion.py for tasks to queue
[2026-05-23T12:33:22.959+0000] {logging_mixin.py:190} INFO - [2026-05-23T12:33:22.958+0000] {dagbag.py:588} INFO - Filling up the DagBag from /opt/airflow/dags/spark_interval_ingestion.py
[2026-05-23T12:33:22.975+0000] {processor.py:925} INFO - DAG(s) 'fraud_medallion_pipeline' retrieved from /opt/airflow/dags/spark_interval_ingestion.py
[2026-05-23T12:33:22.994+0000] {logging_mixin.py:190} INFO - [2026-05-23T12:33:22.994+0000] {dag.py:3239} INFO - Sync 1 DAGs
[2026-05-23T12:33:23.005+0000] {logging_mixin.py:190} INFO - [2026-05-23T12:33:23.005+0000] {dag.py:4180} INFO - Setting next_dagrun for fraud_medallion_pipeline to 2026-05-23 12:30:00+00:00, run_after=2026-05-23 12:35:00+00:00
[2026-05-23T12:33:23.011+0000] {processor.py:208} INFO - Processing /opt/airflow/dags/spark_interval_ingestion.py took 0.062 seconds
[2026-05-23T12:33:53.211+0000] {processor.py:186} INFO - Started process (PID=28162) to work on /opt/airflow/dags/spark_interval_ingestion.py
[2026-05-23T12:33:53.212+0000] {processor.py:914} INFO - Processing file /opt/airflow/dags/spark_interval_ingestion.py for tasks to queue
[2026-05-23T12:33:53.213+0000] {logging_mixin.py:190} INFO - [2026-05-23T12:33:53.213+0000] {dagbag.py:588} INFO - Filling up the DagBag from /opt/airflow/dags/spark_interval_ingestion.py
[2026-05-23T12:33:53.225+0000] {processor.py:925} INFO - DAG(s) 'fraud_medallion_pipeline' retrieved from /opt/airflow/dags/spark_interval_ingestion.py
[2026-05-23T12:33:53.244+0000] {logging_mixin.py:190} INFO - [2026-05-23T12:33:53.244+0000] {dag.py:3239} INFO - Sync 1 DAGs
[2026-05-23T12:33:53.254+0000] {logging_mixin.py:190} INFO - [2026-05-23T12:33:53.254+0000] {dag.py:4180} INFO - Setting next_dagrun for fraud_medallion_pipeline to 2026-05-23 12:30:00+00:00, run_after=2026-05-23 12:35:00+00:00
[2026-05-23T12:33:53.260+0000] {processor.py:208} INFO - Processing /opt/airflow/dags/spark_interval_ingestion.py took 0.057 seconds
[2026-05-23T12:34:23.435+0000] {processor.py:186} INFO - Started process (PID=28167) to work on /opt/airflow/dags/spark_interval_ingestion.py
[2026-05-23T12:34:23.435+0000] {processor.py:914} INFO - Processing file /opt/airflow/dags/spark_interval_ingestion.py for tasks to queue
[2026-05-23T12:34:23.436+0000] {logging_mixin.py:190} INFO - [2026-05-23T12:34:23.436+0000] {dagbag.py:588} INFO - Filling up the DagBag from /opt/airflow/dags/spark_interval_ingestion.py
[2026-05-23T12:34:23.445+0000] {processor.py:925} INFO - DAG(s) 'fraud_medallion_pipeline' retrieved from /opt/airflow/dags/spark_interval_ingestion.py
[2026-05-23T12:34:23.462+0000] {logging_mixin.py:190} INFO - [2026-05-23T12:34:23.462+0000] {dag.py:3239} INFO - Sync 1 DAGs
[2026-05-23T12:34:23.472+0000] {logging_mixin.py:190} INFO - [2026-05-23T12:34:23.472+0000] {dag.py:4180} INFO - Setting next_dagrun for fraud_medallion_pipeline to 2026-05-23 12:30:00+00:00, run_after=2026-05-23 12:35:00+00:00
[2026-05-23T12:34:23.479+0000] {processor.py:208} INFO - Processing /opt/airflow/dags/spark_interval_ingestion.py took 0.049 seconds
[2026-05-23T12:34:53.658+0000] {processor.py:186} INFO - Started process (PID=28172) to work on /opt/airflow/dags/spark_interval_ingestion.py
[2026-05-23T12:34:53.659+0000] {processor.py:914} INFO - Processing file /opt/airflow/dags/spark_interval_ingestion.py for tasks to queue
[2026-05-23T12:34:53.660+0000] {logging_mixin.py:190} INFO - [2026-05-23T12:34:53.660+0000] {dagbag.py:588} INFO - Filling up the DagBag from /opt/airflow/dags/spark_interval_ingestion.py
[2026-05-23T12:34:53.670+0000] {processor.py:925} INFO - DAG(s) 'fraud_medallion_pipeline' retrieved from /opt/airflow/dags/spark_interval_ingestion.py
[2026-05-23T12:34:53.689+0000] {logging_mixin.py:190} INFO - [2026-05-23T12:34:53.689+0000] {dag.py:3239} INFO - Sync 1 DAGs
[2026-05-23T12:34:53.699+0000] {logging_mixin.py:190} INFO - [2026-05-23T12:34:53.698+0000] {dag.py:4180} INFO - Setting next_dagrun for fraud_medallion_pipeline to 2026-05-23 12:30:00+00:00, run_after=2026-05-23 12:35:00+00:00
[2026-05-23T12:34:53.705+0000] {processor.py:208} INFO - Processing /opt/airflow/dags/spark_interval_ingestion.py took 0.052 seconds
[2026-05-23T12:35:23.821+0000] {processor.py:186} INFO - Started process (PID=46408) to work on /opt/airflow/dags/spark_interval_ingestion.py
[2026-05-23T12:35:23.822+0000] {processor.py:914} INFO - Processing file /opt/airflow/dags/spark_interval_ingestion.py for tasks to queue
[2026-05-23T12:35:23.823+0000] {logging_mixin.py:190} INFO - [2026-05-23T12:35:23.822+0000] {dagbag.py:588} INFO - Filling up the DagBag from /opt/airflow/dags/spark_interval_ingestion.py
[2026-05-23T12:35:23.836+0000] {processor.py:925} INFO - DAG(s) 'fraud_medallion_pipeline' retrieved from /opt/airflow/dags/spark_interval_ingestion.py
[2026-05-23T12:35:23.854+0000] {logging_mixin.py:190} INFO - [2026-05-23T12:35:23.854+0000] {dag.py:3239} INFO - Sync 1 DAGs
[2026-05-23T12:35:23.864+0000] {logging_mixin.py:190} INFO - [2026-05-23T12:35:23.864+0000] {dag.py:4180} INFO - Setting next_dagrun for fraud_medallion_pipeline to 2026-05-23 12:35:00+00:00, run_after=2026-05-23 12:40:00+00:00
[2026-05-23T12:35:23.870+0000] {processor.py:208} INFO - Processing /opt/airflow/dags/spark_interval_ingestion.py took 0.057 seconds
[2026-05-23T12:35:54.081+0000] {processor.py:186} INFO - Started process (PID=46413) to work on /opt/airflow/dags/spark_interval_ingestion.py
[2026-05-23T12:35:54.082+0000] {processor.py:914} INFO - Processing file /opt/airflow/dags/spark_interval_ingestion.py for tasks to queue
[2026-05-23T12:35:54.084+0000] {logging_mixin.py:190} INFO - [2026-05-23T12:35:54.083+0000] {dagbag.py:588} INFO - Filling up the DagBag from /opt/airflow/dags/spark_interval_ingestion.py
[2026-05-23T12:35:54.095+0000] {processor.py:925} INFO - DAG(s) 'fraud_medallion_pipeline' retrieved from /opt/airflow/dags/spark_interval_ingestion.py
[2026-05-23T12:35:54.113+0000] {logging_mixin.py:190} INFO - [2026-05-23T12:35:54.113+0000] {dag.py:3239} INFO - Sync 1 DAGs
[2026-05-23T12:35:54.124+0000] {logging_mixin.py:190} INFO - [2026-05-23T12:35:54.124+0000] {dag.py:4180} INFO - Setting next_dagrun for fraud_medallion_pipeline to 2026-05-23 12:35:00+00:00, run_after=2026-05-23 12:40:00+00:00
[2026-05-23T12:35:54.131+0000] {processor.py:208} INFO - Processing /opt/airflow/dags/spark_interval_ingestion.py took 0.057 seconds
[2026-05-23T12:36:24.317+0000] {processor.py:186} INFO - Started process (PID=46418) to work on /opt/airflow/dags/spark_interval_ingestion.py
[2026-05-23T12:36:24.317+0000] {processor.py:914} INFO - Processing file /opt/airflow/dags/spark_interval_ingestion.py for tasks to queue
[2026-05-23T12:36:24.319+0000] {logging_mixin.py:190} INFO - [2026-05-23T12:36:24.319+0000] {dagbag.py:588} INFO - Filling up the DagBag from /opt/airflow/dags/spark_interval_ingestion.py
[2026-05-23T12:36:24.329+0000] {processor.py:925} INFO - DAG(s) 'fraud_medallion_pipeline' retrieved from /opt/airflow/dags/spark_interval_ingestion.py
[2026-05-23T12:36:24.347+0000] {logging_mixin.py:190} INFO - [2026-05-23T12:36:24.347+0000] {dag.py:3239} INFO - Sync 1 DAGs
[2026-05-23T12:36:24.357+0000] {logging_mixin.py:190} INFO - [2026-05-23T12:36:24.357+0000] {dag.py:4180} INFO - Setting next_dagrun for fraud_medallion_pipeline to 2026-05-23 12:35:00+00:00, run_after=2026-05-23 12:40:00+00:00
[2026-05-23T12:36:24.364+0000] {processor.py:208} INFO - Processing /opt/airflow/dags/spark_interval_ingestion.py took 0.054 seconds
[2026-05-23T12:36:54.555+0000] {processor.py:186} INFO - Started process (PID=46423) to work on /opt/airflow/dags/spark_interval_ingestion.py
[2026-05-23T12:36:54.556+0000] {processor.py:914} INFO - Processing file /opt/airflow/dags/spark_interval_ingestion.py for tasks to queue
[2026-05-23T12:36:54.557+0000] {logging_mixin.py:190} INFO - [2026-05-23T12:36:54.556+0000] {dagbag.py:588} INFO - Filling up the DagBag from /opt/airflow/dags/spark_interval_ingestion.py
[2026-05-23T12:36:54.567+0000] {processor.py:925} INFO - DAG(s) 'fraud_medallion_pipeline' retrieved from /opt/airflow/dags/spark_interval_ingestion.py
[2026-05-23T12:36:54.588+0000] {logging_mixin.py:190} INFO - [2026-05-23T12:36:54.588+0000] {dag.py:3239} INFO - Sync 1 DAGs
[2026-05-23T12:36:54.599+0000] {logging_mixin.py:190} INFO - [2026-05-23T12:36:54.599+0000] {dag.py:4180} INFO - Setting next_dagrun for fraud_medallion_pipeline to 2026-05-23 12:35:00+00:00, run_after=2026-05-23 12:40:00+00:00
[2026-05-23T12:36:54.605+0000] {processor.py:208} INFO - Processing /opt/airflow/dags/spark_interval_ingestion.py took 0.057 seconds
[2026-05-23T12:37:24.764+0000] {processor.py:186} INFO - Started process (PID=46428) to work on /opt/airflow/dags/spark_interval_ingestion.py
[2026-05-23T12:37:24.765+0000] {processor.py:914} INFO - Processing file /opt/airflow/dags/spark_interval_ingestion.py for tasks to queue
[2026-05-23T12:37:24.766+0000] {logging_mixin.py:190} INFO - [2026-05-23T12:37:24.765+0000] {dagbag.py:588} INFO - Filling up the DagBag from /opt/airflow/dags/spark_interval_ingestion.py
[2026-05-23T12:37:24.772+0000] {processor.py:925} INFO - DAG(s) 'fraud_medallion_pipeline' retrieved from /opt/airflow/dags/spark_interval_ingestion.py
[2026-05-23T12:37:24.782+0000] {logging_mixin.py:190} INFO - [2026-05-23T12:37:24.782+0000] {dag.py:3239} INFO - Sync 1 DAGs
[2026-05-23T12:37:24.790+0000] {logging_mixin.py:190} INFO - [2026-05-23T12:37:24.790+0000] {dag.py:4180} INFO - Setting next_dagrun for fraud_medallion_pipeline to 2026-05-23 12:35:00+00:00, run_after=2026-05-23 12:40:00+00:00
[2026-05-23T12:37:24.795+0000] {processor.py:208} INFO - Processing /opt/airflow/dags/spark_interval_ingestion.py took 0.035 seconds
[2026-05-23T12:37:54.992+0000] {processor.py:186} INFO - Started process (PID=46433) to work on /opt/airflow/dags/spark_interval_ingestion.py
[2026-05-23T12:37:54.993+0000] {processor.py:914} INFO - Processing file /opt/airflow/dags/spark_interval_ingestion.py for tasks to queue
[2026-05-23T12:37:54.994+0000] {logging_mixin.py:190} INFO - [2026-05-23T12:37:54.994+0000] {dagbag.py:588} INFO - Filling up the DagBag from /opt/airflow/dags/spark_interval_ingestion.py
[2026-05-23T12:37:55.007+0000] {processor.py:925} INFO - DAG(s) 'fraud_medallion_pipeline' retrieved from /opt/airflow/dags/spark_interval_ingestion.py
[2026-05-23T12:37:55.026+0000] {logging_mixin.py:190} INFO - [2026-05-23T12:37:55.026+0000] {dag.py:3239} INFO - Sync 1 DAGs
[2026-05-23T12:37:55.038+0000] {logging_mixin.py:190} INFO - [2026-05-23T12:37:55.038+0000] {dag.py:4180} INFO - Setting next_dagrun for fraud_medallion_pipeline to 2026-05-23 12:35:00+00:00, run_after=2026-05-23 12:40:00+00:00
[2026-05-23T12:37:55.044+0000] {processor.py:208} INFO - Processing /opt/airflow/dags/spark_interval_ingestion.py took 0.057 seconds
[2026-05-23T12:38:25.238+0000] {processor.py:186} INFO - Started process (PID=46438) to work on /opt/airflow/dags/spark_interval_ingestion.py
[2026-05-23T12:38:25.239+0000] {processor.py:914} INFO - Processing file /opt/airflow/dags/spark_interval_ingestion.py for tasks to queue
[2026-05-23T12:38:25.240+0000] {logging_mixin.py:190} INFO - [2026-05-23T12:38:25.240+0000] {dagbag.py:588} INFO - Filling up the DagBag from /opt/airflow/dags/spark_interval_ingestion.py
[2026-05-23T12:38:25.253+0000] {processor.py:925} INFO - DAG(s) 'fraud_medallion_pipeline' retrieved from /opt/airflow/dags/spark_interval_ingestion.py
[2026-05-23T12:38:25.273+0000] {logging_mixin.py:190} INFO - [2026-05-23T12:38:25.272+0000] {dag.py:3239} INFO - Sync 1 DAGs
[2026-05-23T12:38:25.284+0000] {logging_mixin.py:190} INFO - [2026-05-23T12:38:25.284+0000] {dag.py:4180} INFO - Setting next_dagrun for fraud_medallion_pipeline to 2026-05-23 12:35:00+00:00, run_after=2026-05-23 12:40:00+00:00
[2026-05-23T12:38:25.291+0000] {processor.py:208} INFO - Processing /opt/airflow/dags/spark_interval_ingestion.py took 0.059 seconds
[2026-05-23T12:38:55.493+0000] {processor.py:186} INFO - Started process (PID=46443) to work on /opt/airflow/dags/spark_interval_ingestion.py
[2026-05-23T12:38:55.493+0000] {processor.py:914} INFO - Processing file /opt/airflow/dags/spark_interval_ingestion.py for tasks to queue
[2026-05-23T12:38:55.495+0000] {logging_mixin.py:190} INFO - [2026-05-23T12:38:55.494+0000] {dagbag.py:588} INFO - Filling up the DagBag from /opt/airflow/dags/spark_interval_ingestion.py
[2026-05-23T12:38:55.507+0000] {processor.py:925} INFO - DAG(s) 'fraud_medallion_pipeline' retrieved from /opt/airflow/dags/spark_interval_ingestion.py
[2026-05-23T12:38:55.523+0000] {logging_mixin.py:190} INFO - [2026-05-23T12:38:55.523+0000] {dag.py:3239} INFO - Sync 1 DAGs
[2026-05-23T12:38:55.534+0000] {logging_mixin.py:190} INFO - [2026-05-23T12:38:55.534+0000] {dag.py:4180} INFO - Setting next_dagrun for fraud_medallion_pipeline to 2026-05-23 12:35:00+00:00, run_after=2026-05-23 12:40:00+00:00
[2026-05-23T12:38:55.540+0000] {processor.py:208} INFO - Processing /opt/airflow/dags/spark_interval_ingestion.py took 0.053 seconds
[2026-05-23T12:39:25.716+0000] {processor.py:186} INFO - Started process (PID=46448) to work on /opt/airflow/dags/spark_interval_ingestion.py
[2026-05-23T12:39:25.718+0000] {processor.py:914} INFO - Processing file /opt/airflow/dags/spark_interval_ingestion.py for tasks to queue
[2026-05-23T12:39:25.718+0000] {logging_mixin.py:190} INFO - [2026-05-23T12:39:25.718+0000] {dagbag.py:588} INFO - Filling up the DagBag from /opt/airflow/dags/spark_interval_ingestion.py
[2026-05-23T12:39:25.728+0000] {processor.py:925} INFO - DAG(s) 'fraud_medallion_pipeline' retrieved from /opt/airflow/dags/spark_interval_ingestion.py
[2026-05-23T12:39:25.748+0000] {logging_mixin.py:190} INFO - [2026-05-23T12:39:25.748+0000] {dag.py:3239} INFO - Sync 1 DAGs
[2026-05-23T12:39:25.763+0000] {logging_mixin.py:190} INFO - [2026-05-23T12:39:25.763+0000] {dag.py:4180} INFO - Setting next_dagrun for fraud_medallion_pipeline to 2026-05-23 12:35:00+00:00, run_after=2026-05-23 12:40:00+00:00
[2026-05-23T12:39:25.769+0000] {processor.py:208} INFO - Processing /opt/airflow/dags/spark_interval_ingestion.py took 0.060 seconds
[2026-05-23T12:39:55.930+0000] {processor.py:186} INFO - Started process (PID=46453) to work on /opt/airflow/dags/spark_interval_ingestion.py
[2026-05-23T12:39:55.931+0000] {processor.py:914} INFO - Processing file /opt/airflow/dags/spark_interval_ingestion.py for tasks to queue
[2026-05-23T12:39:55.932+0000] {logging_mixin.py:190} INFO - [2026-05-23T12:39:55.932+0000] {dagbag.py:588} INFO - Filling up the DagBag from /opt/airflow/dags/spark_interval_ingestion.py
[2026-05-23T12:39:55.944+0000] {processor.py:925} INFO - DAG(s) 'fraud_medallion_pipeline' retrieved from /opt/airflow/dags/spark_interval_ingestion.py
[2026-05-23T12:39:55.962+0000] {logging_mixin.py:190} INFO - [2026-05-23T12:39:55.961+0000] {dag.py:3239} INFO - Sync 1 DAGs
[2026-05-23T12:39:55.972+0000] {logging_mixin.py:190} INFO - [2026-05-23T12:39:55.972+0000] {dag.py:4180} INFO - Setting next_dagrun for fraud_medallion_pipeline to 2026-05-23 12:35:00+00:00, run_after=2026-05-23 12:40:00+00:00
[2026-05-23T12:39:55.977+0000] {processor.py:208} INFO - Processing /opt/airflow/dags/spark_interval_ingestion.py took 0.052 seconds
[2026-05-23T12:40:26.120+0000] {processor.py:186} INFO - Started process (PID=64698) to work on /opt/airflow/dags/spark_interval_ingestion.py
[2026-05-23T12:40:26.121+0000] {processor.py:914} INFO - Processing file /opt/airflow/dags/spark_interval_ingestion.py for tasks to queue
[2026-05-23T12:40:26.123+0000] {logging_mixin.py:190} INFO - [2026-05-23T12:40:26.123+0000] {dagbag.py:588} INFO - Filling up the DagBag from /opt/airflow/dags/spark_interval_ingestion.py
[2026-05-23T12:40:26.136+0000] {processor.py:925} INFO - DAG(s) 'fraud_medallion_pipeline' retrieved from /opt/airflow/dags/spark_interval_ingestion.py
[2026-05-23T12:40:26.152+0000] {logging_mixin.py:190} INFO - [2026-05-23T12:40:26.152+0000] {dag.py:3239} INFO - Sync 1 DAGs
[2026-05-23T12:40:26.162+0000] {logging_mixin.py:190} INFO - [2026-05-23T12:40:26.162+0000] {dag.py:4180} INFO - Setting next_dagrun for fraud_medallion_pipeline to 2026-05-23 12:40:00+00:00, run_after=2026-05-23 12:45:00+00:00
[2026-05-23T12:40:26.168+0000] {processor.py:208} INFO - Processing /opt/airflow/dags/spark_interval_ingestion.py took 0.055 seconds
[2026-05-23T12:40:56.342+0000] {processor.py:186} INFO - Started process (PID=64703) to work on /opt/airflow/dags/spark_interval_ingestion.py
[2026-05-23T12:40:56.343+0000] {processor.py:914} INFO - Processing file /opt/airflow/dags/spark_interval_ingestion.py for tasks to queue
[2026-05-23T12:40:56.345+0000] {logging_mixin.py:190} INFO - [2026-05-23T12:40:56.345+0000] {dagbag.py:588} INFO - Filling up the DagBag from /opt/airflow/dags/spark_interval_ingestion.py
[2026-05-23T12:40:56.356+0000] {processor.py:925} INFO - DAG(s) 'fraud_medallion_pipeline' retrieved from /opt/airflow/dags/spark_interval_ingestion.py
[2026-05-23T12:40:56.373+0000] {logging_mixin.py:190} INFO - [2026-05-23T12:40:56.373+0000] {dag.py:3239} INFO - Sync 1 DAGs
[2026-05-23T12:40:56.383+0000] {logging_mixin.py:190} INFO - [2026-05-23T12:40:56.383+0000] {dag.py:4180} INFO - Setting next_dagrun for fraud_medallion_pipeline to 2026-05-23 12:40:00+00:00, run_after=2026-05-23 12:45:00+00:00
[2026-05-23T12:40:56.389+0000] {processor.py:208} INFO - Processing /opt/airflow/dags/spark_interval_ingestion.py took 0.052 seconds
[2026-05-23T12:41:26.576+0000] {processor.py:186} INFO - Started process (PID=64708) to work on /opt/airflow/dags/spark_interval_ingestion.py
[2026-05-23T12:41:26.577+0000] {processor.py:914} INFO - Processing file /opt/airflow/dags/spark_interval_ingestion.py for tasks to queue
[2026-05-23T12:41:26.578+0000] {logging_mixin.py:190} INFO - [2026-05-23T12:41:26.578+0000] {dagbag.py:588} INFO - Filling up the DagBag from /opt/airflow/dags/spark_interval_ingestion.py
[2026-05-23T12:41:26.588+0000] {processor.py:925} INFO - DAG(s) 'fraud_medallion_pipeline' retrieved from /opt/airflow/dags/spark_interval_ingestion.py
[2026-05-23T12:41:26.605+0000] {logging_mixin.py:190} INFO - [2026-05-23T12:41:26.605+0000] {dag.py:3239} INFO - Sync 1 DAGs
[2026-05-23T12:41:26.614+0000] {logging_mixin.py:190} INFO - [2026-05-23T12:41:26.614+0000] {dag.py:4180} INFO - Setting next_dagrun for fraud_medallion_pipeline to 2026-05-23 12:40:00+00:00, run_after=2026-05-23 12:45:00+00:00
[2026-05-23T12:41:26.620+0000] {processor.py:208} INFO - Processing /opt/airflow/dags/spark_interval_ingestion.py took 0.048 seconds
[2026-05-23T12:41:56.784+0000] {processor.py:186} INFO - Started process (PID=64713) to work on /opt/airflow/dags/spark_interval_ingestion.py
[2026-05-23T12:41:56.785+0000] {processor.py:914} INFO - Processing file /opt/airflow/dags/spark_interval_ingestion.py for tasks to queue
[2026-05-23T12:41:56.785+0000] {logging_mixin.py:190} INFO - [2026-05-23T12:41:56.785+0000] {dagbag.py:588} INFO - Filling up the DagBag from /opt/airflow/dags/spark_interval_ingestion.py
[2026-05-23T12:41:56.791+0000] {processor.py:925} INFO - DAG(s) 'fraud_medallion_pipeline' retrieved from /opt/airflow/dags/spark_interval_ingestion.py
[2026-05-23T12:41:56.802+0000] {logging_mixin.py:190} INFO - [2026-05-23T12:41:56.802+0000] {dag.py:3239} INFO - Sync 1 DAGs
[2026-05-23T12:41:56.811+0000] {logging_mixin.py:190} INFO - [2026-05-23T12:41:56.811+0000] {dag.py:4180} INFO - Setting next_dagrun for fraud_medallion_pipeline to 2026-05-23 12:40:00+00:00, run_after=2026-05-23 12:45:00+00:00
[2026-05-23T12:41:56.816+0000] {processor.py:208} INFO - Processing /opt/airflow/dags/spark_interval_ingestion.py took 0.034 seconds
[2026-05-23T12:42:26.974+0000] {processor.py:186} INFO - Started process (PID=64718) to work on /opt/airflow/dags/spark_interval_ingestion.py
[2026-05-23T12:42:26.975+0000] {processor.py:914} INFO - Processing file /opt/airflow/dags/spark_interval_ingestion.py for tasks to queue
[2026-05-23T12:42:26.976+0000] {logging_mixin.py:190} INFO - [2026-05-23T12:42:26.976+0000] {dagbag.py:588} INFO - Filling up the DagBag from /opt/airflow/dags/spark_interval_ingestion.py
[2026-05-23T12:42:26.987+0000] {processor.py:925} INFO - DAG(s) 'fraud_medallion_pipeline' retrieved from /opt/airflow/dags/spark_interval_ingestion.py
[2026-05-23T12:42:27.002+0000] {logging_mixin.py:190} INFO - [2026-05-23T12:42:27.002+0000] {dag.py:3239} INFO - Sync 1 DAGs
[2026-05-23T12:42:27.012+0000] {logging_mixin.py:190} INFO - [2026-05-23T12:42:27.012+0000] {dag.py:4180} INFO - Setting next_dagrun for fraud_medallion_pipeline to 2026-05-23 12:40:00+00:00, run_after=2026-05-23 12:45:00+00:00
[2026-05-23T12:42:27.019+0000] {processor.py:208} INFO - Processing /opt/airflow/dags/spark_interval_ingestion.py took 0.049 seconds
[2026-05-23T12:42:57.178+0000] {processor.py:186} INFO - Started process (PID=64723) to work on /opt/airflow/dags/spark_interval_ingestion.py
[2026-05-23T12:42:57.179+0000] {processor.py:914} INFO - Processing file /opt/airflow/dags/spark_interval_ingestion.py for tasks to queue
[2026-05-23T12:42:57.180+0000] {logging_mixin.py:190} INFO - [2026-05-23T12:42:57.180+0000] {dagbag.py:588} INFO - Filling up the DagBag from /opt/airflow/dags/spark_interval_ingestion.py
[2026-05-23T12:42:57.190+0000] {processor.py:925} INFO - DAG(s) 'fraud_medallion_pipeline' retrieved from /opt/airflow/dags/spark_interval_ingestion.py
[2026-05-23T12:42:57.209+0000] {logging_mixin.py:190} INFO - [2026-05-23T12:42:57.209+0000] {dag.py:3239} INFO - Sync 1 DAGs
[2026-05-23T12:42:57.219+0000] {logging_mixin.py:190} INFO - [2026-05-23T12:42:57.219+0000] {dag.py:4180} INFO - Setting next_dagrun for fraud_medallion_pipeline to 2026-05-23 12:40:00+00:00, run_after=2026-05-23 12:45:00+00:00
[2026-05-23T12:42:57.225+0000] {processor.py:208} INFO - Processing /opt/airflow/dags/spark_interval_ingestion.py took 0.052 seconds
[2026-05-23T12:43:27.393+0000] {processor.py:186} INFO - Started process (PID=64728) to work on /opt/airflow/dags/spark_interval_ingestion.py
[2026-05-23T12:43:27.394+0000] {processor.py:914} INFO - Processing file /opt/airflow/dags/spark_interval_ingestion.py for tasks to queue
[2026-05-23T12:43:27.395+0000] {logging_mixin.py:190} INFO - [2026-05-23T12:43:27.395+0000] {dagbag.py:588} INFO - Filling up the DagBag from /opt/airflow/dags/spark_interval_ingestion.py
[2026-05-23T12:43:27.408+0000] {processor.py:925} INFO - DAG(s) 'fraud_medallion_pipeline' retrieved from /opt/airflow/dags/spark_interval_ingestion.py
[2026-05-23T12:43:27.429+0000] {logging_mixin.py:190} INFO - [2026-05-23T12:43:27.428+0000] {dag.py:3239} INFO - Sync 1 DAGs
[2026-05-23T12:43:27.440+0000] {logging_mixin.py:190} INFO - [2026-05-23T12:43:27.440+0000] {dag.py:4180} INFO - Setting next_dagrun for fraud_medallion_pipeline to 2026-05-23 12:40:00+00:00, run_after=2026-05-23 12:45:00+00:00
[2026-05-23T12:43:27.448+0000] {processor.py:208} INFO - Processing /opt/airflow/dags/spark_interval_ingestion.py took 0.062 seconds
[2026-05-23T12:43:57.641+0000] {processor.py:186} INFO - Started process (PID=64733) to work on /opt/airflow/dags/spark_interval_ingestion.py
[2026-05-23T12:43:57.642+0000] {processor.py:914} INFO - Processing file /opt/airflow/dags/spark_interval_ingestion.py for tasks to queue
[2026-05-23T12:43:57.643+0000] {logging_mixin.py:190} INFO - [2026-05-23T12:43:57.643+0000] {dagbag.py:588} INFO - Filling up the DagBag from /opt/airflow/dags/spark_interval_ingestion.py
[2026-05-23T12:43:57.657+0000] {processor.py:925} INFO - DAG(s) 'fraud_medallion_pipeline' retrieved from /opt/airflow/dags/spark_interval_ingestion.py
[2026-05-23T12:43:57.678+0000] {logging_mixin.py:190} INFO - [2026-05-23T12:43:57.678+0000] {dag.py:3239} INFO - Sync 1 DAGs
[2026-05-23T12:43:57.690+0000] {logging_mixin.py:190} INFO - [2026-05-23T12:43:57.690+0000] {dag.py:4180} INFO - Setting next_dagrun for fraud_medallion_pipeline to 2026-05-23 12:40:00+00:00, run_after=2026-05-23 12:45:00+00:00
[2026-05-23T12:43:57.697+0000] {processor.py:208} INFO - Processing /opt/airflow/dags/spark_interval_ingestion.py took 0.061 seconds
[2026-05-23T12:44:27.897+0000] {processor.py:186} INFO - Started process (PID=64738) to work on /opt/airflow/dags/spark_interval_ingestion.py
[2026-05-23T12:44:27.898+0000] {processor.py:914} INFO - Processing file /opt/airflow/dags/spark_interval_ingestion.py for tasks to queue
[2026-05-23T12:44:27.899+0000] {logging_mixin.py:190} INFO - [2026-05-23T12:44:27.899+0000] {dagbag.py:588} INFO - Filling up the DagBag from /opt/airflow/dags/spark_interval_ingestion.py
[2026-05-23T12:44:27.914+0000] {processor.py:925} INFO - DAG(s) 'fraud_medallion_pipeline' retrieved from /opt/airflow/dags/spark_interval_ingestion.py
[2026-05-23T12:44:27.934+0000] {logging_mixin.py:190} INFO - [2026-05-23T12:44:27.934+0000] {dag.py:3239} INFO - Sync 1 DAGs
[2026-05-23T12:44:27.945+0000] {logging_mixin.py:190} INFO - [2026-05-23T12:44:27.945+0000] {dag.py:4180} INFO - Setting next_dagrun for fraud_medallion_pipeline to 2026-05-23 12:40:00+00:00, run_after=2026-05-23 12:45:00+00:00
[2026-05-23T12:44:27.952+0000] {processor.py:208} INFO - Processing /opt/airflow/dags/spark_interval_ingestion.py took 0.062 seconds
[2026-05-23T12:54:50.226+0000] {processor.py:186} INFO - Started process (PID=64745) to work on /opt/airflow/dags/spark_interval_ingestion.py
[2026-05-23T12:54:50.227+0000] {processor.py:914} INFO - Processing file /opt/airflow/dags/spark_interval_ingestion.py for tasks to queue
[2026-05-23T12:54:50.230+0000] {logging_mixin.py:190} INFO - [2026-05-23T12:54:50.229+0000] {dagbag.py:588} INFO - Filling up the DagBag from /opt/airflow/dags/spark_interval_ingestion.py
[2026-05-23T12:54:50.237+0000] {processor.py:925} INFO - DAG(s) 'fraud_medallion_pipeline' retrieved from /opt/airflow/dags/spark_interval_ingestion.py
[2026-05-23T12:54:50.262+0000] {logging_mixin.py:190} INFO - [2026-05-23T12:54:50.262+0000] {dag.py:3239} INFO - Sync 1 DAGs
[2026-05-23T12:54:50.282+0000] {logging_mixin.py:190} INFO - [2026-05-23T12:54:50.282+0000] {dag.py:4180} INFO - Setting next_dagrun for fraud_medallion_pipeline to 2026-05-23 12:50:00+00:00, run_after=2026-05-23 12:55:00+00:00
[2026-05-23T12:54:50.292+0000] {processor.py:208} INFO - Processing /opt/airflow/dags/spark_interval_ingestion.py took 0.069 seconds
[2026-05-23T12:56:02.372+0000] {processor.py:186} INFO - Started process (PID=66532) to work on /opt/airflow/dags/spark_interval_ingestion.py
[2026-05-23T12:56:02.373+0000] {processor.py:914} INFO - Processing file /opt/airflow/dags/spark_interval_ingestion.py for tasks to queue
[2026-05-23T12:56:02.376+0000] {logging_mixin.py:190} INFO - [2026-05-23T12:56:02.376+0000] {dagbag.py:588} INFO - Filling up the DagBag from /opt/airflow/dags/spark_interval_ingestion.py
[2026-05-23T12:56:02.402+0000] {processor.py:925} INFO - DAG(s) 'fraud_medallion_pipeline' retrieved from /opt/airflow/dags/spark_interval_ingestion.py
[2026-05-23T12:56:02.453+0000] {logging_mixin.py:190} INFO - [2026-05-23T12:56:02.453+0000] {dag.py:3239} INFO - Sync 1 DAGs
[2026-05-23T12:56:02.479+0000] {logging_mixin.py:190} INFO - [2026-05-23T12:56:02.479+0000] {dag.py:4180} INFO - Setting next_dagrun for fraud_medallion_pipeline to 2026-05-23 12:55:00+00:00, run_after=2026-05-23 13:00:00+00:00
[2026-05-23T12:56:02.502+0000] {processor.py:208} INFO - Processing /opt/airflow/dags/spark_interval_ingestion.py took 0.138 seconds
[2026-05-23T12:56:32.826+0000] {processor.py:186} INFO - Started process (PID=603) to work on /opt/airflow/dags/spark_interval_ingestion.py
[2026-05-23T12:56:32.830+0000] {processor.py:914} INFO - Processing file /opt/airflow/dags/spark_interval_ingestion.py for tasks to queue
[2026-05-23T12:56:32.833+0000] {logging_mixin.py:190} INFO - [2026-05-23T12:56:32.832+0000] {dagbag.py:588} INFO - Filling up the DagBag from /opt/airflow/dags/spark_interval_ingestion.py
[2026-05-23T12:56:32.889+0000] {processor.py:925} INFO - DAG(s) 'fraud_medallion_pipeline' retrieved from /opt/airflow/dags/spark_interval_ingestion.py
[2026-05-23T12:56:32.984+0000] {logging_mixin.py:190} INFO - [2026-05-23T12:56:32.983+0000] {dag.py:3239} INFO - Sync 1 DAGs
[2026-05-23T12:56:33.046+0000] {logging_mixin.py:190} INFO - [2026-05-23T12:56:33.046+0000] {dag.py:4180} INFO - Setting next_dagrun for fraud_medallion_pipeline to 2026-05-23 12:55:00+00:00, run_after=2026-05-23 13:00:00+00:00
[2026-05-23T12:56:33.081+0000] {processor.py:208} INFO - Processing /opt/airflow/dags/spark_interval_ingestion.py took 0.280 seconds
[2026-05-23T13:01:45.186+0000] {processor.py:186} INFO - Started process (PID=1796) to work on /opt/airflow/dags/spark_interval_ingestion.py
[2026-05-23T13:01:45.187+0000] {processor.py:914} INFO - Processing file /opt/airflow/dags/spark_interval_ingestion.py for tasks to queue
[2026-05-23T13:01:45.187+0000] {logging_mixin.py:190} INFO - [2026-05-23T13:01:45.187+0000] {dagbag.py:588} INFO - Filling up the DagBag from /opt/airflow/dags/spark_interval_ingestion.py
[2026-05-23T13:01:45.198+0000] {processor.py:925} INFO - DAG(s) 'fraud_medallion_pipeline' retrieved from /opt/airflow/dags/spark_interval_ingestion.py
[2026-05-23T13:01:45.226+0000] {logging_mixin.py:190} INFO - [2026-05-23T13:01:45.226+0000] {dag.py:3239} INFO - Sync 1 DAGs
[2026-05-23T13:01:45.247+0000] {logging_mixin.py:190} INFO - [2026-05-23T13:01:45.247+0000] {dag.py:4180} INFO - Setting next_dagrun for fraud_medallion_pipeline to 2026-05-23 12:55:00+00:00, run_after=2026-05-23 13:00:00+00:00
[2026-05-23T13:01:45.254+0000] {processor.py:208} INFO - Processing /opt/airflow/dags/spark_interval_ingestion.py took 0.071 seconds
[2026-05-23T13:19:05.899+0000] {processor.py:186} INFO - Started process (PID=12656) to work on /opt/airflow/dags/spark_interval_ingestion.py
[2026-05-23T13:19:05.901+0000] {processor.py:914} INFO - Processing file /opt/airflow/dags/spark_interval_ingestion.py for tasks to queue
[2026-05-23T13:19:05.904+0000] {logging_mixin.py:190} INFO - [2026-05-23T13:19:05.904+0000] {dagbag.py:588} INFO - Filling up the DagBag from /opt/airflow/dags/spark_interval_ingestion.py
[2026-05-23T13:19:05.927+0000] {processor.py:925} INFO - DAG(s) 'fraud_medallion_pipeline' retrieved from /opt/airflow/dags/spark_interval_ingestion.py
[2026-05-23T13:19:05.959+0000] {logging_mixin.py:190} INFO - [2026-05-23T13:19:05.958+0000] {dag.py:3239} INFO - Sync 1 DAGs
[2026-05-23T13:19:05.986+0000] {logging_mixin.py:190} INFO - [2026-05-23T13:19:05.986+0000] {dag.py:4180} INFO - Setting next_dagrun for fraud_medallion_pipeline to 2026-05-23 13:15:00+00:00, run_after=2026-05-23 13:20:00+00:00
[2026-05-23T13:19:05.998+0000] {processor.py:208} INFO - Processing /opt/airflow/dags/spark_interval_ingestion.py took 0.108 seconds
[2026-05-23T15:00:07.116+0000] {processor.py:186} INFO - Started process (PID=39063) to work on /opt/airflow/dags/spark_interval_ingestion.py
[2026-05-23T15:00:07.117+0000] {processor.py:914} INFO - Processing file /opt/airflow/dags/spark_interval_ingestion.py for tasks to queue
[2026-05-23T15:00:07.118+0000] {logging_mixin.py:190} INFO - [2026-05-23T15:00:07.118+0000] {dagbag.py:588} INFO - Filling up the DagBag from /opt/airflow/dags/spark_interval_ingestion.py
[2026-05-23T15:00:07.130+0000] {processor.py:925} INFO - DAG(s) 'fraud_medallion_pipeline' retrieved from /opt/airflow/dags/spark_interval_ingestion.py
[2026-05-23T15:00:07.153+0000] {logging_mixin.py:190} INFO - [2026-05-23T15:00:07.153+0000] {dag.py:3239} INFO - Sync 1 DAGs
[2026-05-23T15:00:07.171+0000] {logging_mixin.py:190} INFO - [2026-05-23T15:00:07.171+0000] {dag.py:4180} INFO - Setting next_dagrun for fraud_medallion_pipeline to 2026-05-23 15:00:00+00:00, run_after=2026-05-23 15:05:00+00:00
[2026-05-23T15:00:07.188+0000] {processor.py:208} INFO - Processing /opt/airflow/dags/spark_interval_ingestion.py took 0.076 seconds
[2026-05-23T15:04:35.839+0000] {processor.py:186} INFO - Started process (PID=53368) to work on /opt/airflow/dags/spark_interval_ingestion.py
[2026-05-23T15:04:35.842+0000] {processor.py:914} INFO - Processing file /opt/airflow/dags/spark_interval_ingestion.py for tasks to queue
[2026-05-23T15:04:35.846+0000] {logging_mixin.py:190} INFO - [2026-05-23T15:04:35.845+0000] {dagbag.py:588} INFO - Filling up the DagBag from /opt/airflow/dags/spark_interval_ingestion.py
[2026-05-23T15:04:35.901+0000] {processor.py:925} INFO - DAG(s) 'fraud_medallion_pipeline' retrieved from /opt/airflow/dags/spark_interval_ingestion.py
[2026-05-23T15:04:35.967+0000] {logging_mixin.py:190} INFO - [2026-05-23T15:04:35.967+0000] {dag.py:3239} INFO - Sync 1 DAGs
[2026-05-23T15:04:36.030+0000] {logging_mixin.py:190} INFO - [2026-05-23T15:04:36.030+0000] {dag.py:4180} INFO - Setting next_dagrun for fraud_medallion_pipeline to 2026-05-23 15:00:00+00:00, run_after=2026-05-23 15:05:00+00:00
[2026-05-23T15:04:36.062+0000] {processor.py:208} INFO - Processing /opt/airflow/dags/spark_interval_ingestion.py took 0.235 seconds
[2026-05-23T15:44:51.766+0000] {processor.py:186} INFO - Started process (PID=57777) to work on /opt/airflow/dags/spark_interval_ingestion.py
[2026-05-23T15:44:51.767+0000] {processor.py:914} INFO - Processing file /opt/airflow/dags/spark_interval_ingestion.py for tasks to queue
[2026-05-23T15:44:51.767+0000] {logging_mixin.py:190} INFO - [2026-05-23T15:44:51.767+0000] {dagbag.py:588} INFO - Filling up the DagBag from /opt/airflow/dags/spark_interval_ingestion.py
[2026-05-23T15:44:51.775+0000] {processor.py:925} INFO - DAG(s) 'fraud_medallion_pipeline' retrieved from /opt/airflow/dags/spark_interval_ingestion.py
[2026-05-23T15:44:51.787+0000] {logging_mixin.py:190} INFO - [2026-05-23T15:44:51.787+0000] {dag.py:3239} INFO - Sync 1 DAGs
[2026-05-23T15:44:51.796+0000] {logging_mixin.py:190} INFO - [2026-05-23T15:44:51.796+0000] {dag.py:4180} INFO - Setting next_dagrun for fraud_medallion_pipeline to 2026-05-23 15:35:00+00:00, run_after=2026-05-23 15:40:00+00:00
[2026-05-23T15:44:51.801+0000] {processor.py:208} INFO - Processing /opt/airflow/dags/spark_interval_ingestion.py took 0.037 seconds
[2026-05-23T15:45:22.133+0000] {processor.py:186} INFO - Started process (PID=60577) to work on /opt/airflow/dags/spark_interval_ingestion.py
[2026-05-23T15:45:22.143+0000] {processor.py:914} INFO - Processing file /opt/airflow/dags/spark_interval_ingestion.py for tasks to queue
[2026-05-23T15:45:22.152+0000] {logging_mixin.py:190} INFO - [2026-05-23T15:45:22.147+0000] {dagbag.py:588} INFO - Filling up the DagBag from /opt/airflow/dags/spark_interval_ingestion.py
[2026-05-23T15:45:22.316+0000] {processor.py:925} INFO - DAG(s) 'fraud_medallion_pipeline' retrieved from /opt/airflow/dags/spark_interval_ingestion.py
[2026-05-23T15:45:22.475+0000] {logging_mixin.py:190} INFO - [2026-05-23T15:45:22.475+0000] {dag.py:3239} INFO - Sync 1 DAGs
[2026-05-23T15:45:22.528+0000] {logging_mixin.py:190} INFO - [2026-05-23T15:45:22.528+0000] {dag.py:4180} INFO - Setting next_dagrun for fraud_medallion_pipeline to 2026-05-23 15:45:00+00:00, run_after=2026-05-23 15:50:00+00:00
[2026-05-23T15:45:22.567+0000] {processor.py:208} INFO - Processing /opt/airflow/dags/spark_interval_ingestion.py took 0.504 seconds
[2026-05-23T15:59:01.906+0000] {processor.py:186} INFO - Started process (PID=96313) to work on /opt/airflow/dags/spark_interval_ingestion.py
[2026-05-23T15:59:01.911+0000] {processor.py:914} INFO - Processing file /opt/airflow/dags/spark_interval_ingestion.py for tasks to queue
[2026-05-23T15:59:01.917+0000] {logging_mixin.py:190} INFO - [2026-05-23T15:59:01.916+0000] {dagbag.py:588} INFO - Filling up the DagBag from /opt/airflow/dags/spark_interval_ingestion.py
[2026-05-23T15:59:01.951+0000] {processor.py:925} INFO - DAG(s) 'fraud_medallion_pipeline' retrieved from /opt/airflow/dags/spark_interval_ingestion.py
[2026-05-23T15:59:02.043+0000] {logging_mixin.py:190} INFO - [2026-05-23T15:59:02.042+0000] {dag.py:3239} INFO - Sync 1 DAGs
[2026-05-23T15:59:02.110+0000] {logging_mixin.py:190} INFO - [2026-05-23T15:59:02.110+0000] {dag.py:4180} INFO - Setting next_dagrun for fraud_medallion_pipeline to 2026-05-23 15:55:00+00:00, run_after=2026-05-23 16:00:00+00:00
[2026-05-23T15:59:02.138+0000] {processor.py:208} INFO - Processing /opt/airflow/dags/spark_interval_ingestion.py took 0.253 seconds
[2026-05-23T15:59:32.197+0000] {processor.py:186} INFO - Started process (PID=13337) to work on /opt/airflow/dags/spark_interval_ingestion.py
[2026-05-23T15:59:32.199+0000] {processor.py:914} INFO - Processing file /opt/airflow/dags/spark_interval_ingestion.py for tasks to queue
[2026-05-23T15:59:32.200+0000] {logging_mixin.py:190} INFO - [2026-05-23T15:59:32.200+0000] {dagbag.py:588} INFO - Filling up the DagBag from /opt/airflow/dags/spark_interval_ingestion.py
[2026-05-23T15:59:32.215+0000] {processor.py:925} INFO - DAG(s) 'fraud_medallion_pipeline' retrieved from /opt/airflow/dags/spark_interval_ingestion.py
[2026-05-23T15:59:32.244+0000] {logging_mixin.py:190} INFO - [2026-05-23T15:59:32.244+0000] {dag.py:3239} INFO - Sync 1 DAGs
[2026-05-23T15:59:32.266+0000] {logging_mixin.py:190} INFO - [2026-05-23T15:59:32.266+0000] {dag.py:4180} INFO - Setting next_dagrun for fraud_medallion_pipeline to 2026-05-23 15:55:00+00:00, run_after=2026-05-23 16:00:00+00:00
[2026-05-23T15:59:32.280+0000] {processor.py:208} INFO - Processing /opt/airflow/dags/spark_interval_ingestion.py took 0.089 seconds
[2026-05-23T16:35:07.178+0000] {processor.py:186} INFO - Started process (PID=31201) to work on /opt/airflow/dags/spark_interval_ingestion.py
[2026-05-23T16:35:07.180+0000] {processor.py:914} INFO - Processing file /opt/airflow/dags/spark_interval_ingestion.py for tasks to queue
[2026-05-23T16:35:07.184+0000] {logging_mixin.py:190} INFO - [2026-05-23T16:35:07.184+0000] {dagbag.py:588} INFO - Filling up the DagBag from /opt/airflow/dags/spark_interval_ingestion.py
[2026-05-23T16:35:07.201+0000] {processor.py:925} INFO - DAG(s) 'fraud_medallion_pipeline' retrieved from /opt/airflow/dags/spark_interval_ingestion.py
[2026-05-23T16:35:07.234+0000] {logging_mixin.py:190} INFO - [2026-05-23T16:35:07.233+0000] {dag.py:3239} INFO - Sync 1 DAGs
[2026-05-23T16:35:07.268+0000] {logging_mixin.py:190} INFO - [2026-05-23T16:35:07.268+0000] {dag.py:4180} INFO - Setting next_dagrun for fraud_medallion_pipeline to 2026-05-23 16:35:00+00:00, run_after=2026-05-23 16:40:00+00:00
[2026-05-23T16:35:07.285+0000] {processor.py:208} INFO - Processing /opt/airflow/dags/spark_interval_ingestion.py took 0.114 seconds
[2026-05-23T16:35:37.363+0000] {processor.py:186} INFO - Started process (PID=42536) to work on /opt/airflow/dags/spark_interval_ingestion.py
[2026-05-23T16:35:37.365+0000] {processor.py:914} INFO - Processing file /opt/airflow/dags/spark_interval_ingestion.py for tasks to queue
[2026-05-23T16:35:37.367+0000] {logging_mixin.py:190} INFO - [2026-05-23T16:35:37.367+0000] {dagbag.py:588} INFO - Filling up the DagBag from /opt/airflow/dags/spark_interval_ingestion.py
[2026-05-23T16:35:37.385+0000] {processor.py:925} INFO - DAG(s) 'fraud_medallion_pipeline' retrieved from /opt/airflow/dags/spark_interval_ingestion.py
[2026-05-23T16:35:37.417+0000] {logging_mixin.py:190} INFO - [2026-05-23T16:35:37.416+0000] {dag.py:3239} INFO - Sync 1 DAGs
[2026-05-23T16:35:37.446+0000] {logging_mixin.py:190} INFO - [2026-05-23T16:35:37.446+0000] {dag.py:4180} INFO - Setting next_dagrun for fraud_medallion_pipeline to 2026-05-23 16:35:00+00:00, run_after=2026-05-23 16:40:00+00:00
[2026-05-23T16:35:37.462+0000] {processor.py:208} INFO - Processing /opt/airflow/dags/spark_interval_ingestion.py took 0.107 seconds
[2026-05-23T16:36:07.706+0000] {processor.py:186} INFO - Started process (PID=50198) to work on /opt/airflow/dags/spark_interval_ingestion.py
[2026-05-23T16:36:07.707+0000] {processor.py:914} INFO - Processing file /opt/airflow/dags/spark_interval_ingestion.py for tasks to queue
[2026-05-23T16:36:07.708+0000] {logging_mixin.py:190} INFO - [2026-05-23T16:36:07.707+0000] {dagbag.py:588} INFO - Filling up the DagBag from /opt/airflow/dags/spark_interval_ingestion.py
[2026-05-23T16:36:07.721+0000] {processor.py:925} INFO - DAG(s) 'fraud_medallion_pipeline' retrieved from /opt/airflow/dags/spark_interval_ingestion.py
[2026-05-23T16:36:07.743+0000] {logging_mixin.py:190} INFO - [2026-05-23T16:36:07.743+0000] {dag.py:3239} INFO - Sync 1 DAGs
[2026-05-23T16:36:07.754+0000] {logging_mixin.py:190} INFO - [2026-05-23T16:36:07.754+0000] {dag.py:4180} INFO - Setting next_dagrun for fraud_medallion_pipeline to 2026-05-23 16:35:00+00:00, run_after=2026-05-23 16:40:00+00:00
[2026-05-23T16:36:07.760+0000] {processor.py:208} INFO - Processing /opt/airflow/dags/spark_interval_ingestion.py took 0.060 seconds
[2026-05-23T16:36:37.954+0000] {processor.py:186} INFO - Started process (PID=50203) to work on /opt/airflow/dags/spark_interval_ingestion.py
[2026-05-23T16:36:37.955+0000] {processor.py:914} INFO - Processing file /opt/airflow/dags/spark_interval_ingestion.py for tasks to queue
[2026-05-23T16:36:37.956+0000] {logging_mixin.py:190} INFO - [2026-05-23T16:36:37.956+0000] {dagbag.py:588} INFO - Filling up the DagBag from /opt/airflow/dags/spark_interval_ingestion.py
[2026-05-23T16:36:37.970+0000] {processor.py:925} INFO - DAG(s) 'fraud_medallion_pipeline' retrieved from /opt/airflow/dags/spark_interval_ingestion.py
[2026-05-23T16:36:37.988+0000] {logging_mixin.py:190} INFO - [2026-05-23T16:36:37.988+0000] {dag.py:3239} INFO - Sync 1 DAGs
[2026-05-23T16:36:38.000+0000] {logging_mixin.py:190} INFO - [2026-05-23T16:36:38.000+0000] {dag.py:4180} INFO - Setting next_dagrun for fraud_medallion_pipeline to 2026-05-23 16:35:00+00:00, run_after=2026-05-23 16:40:00+00:00
[2026-05-23T16:36:38.007+0000] {processor.py:208} INFO - Processing /opt/airflow/dags/spark_interval_ingestion.py took 0.061 seconds
